[16Jun2026 02:02:35.488] [main/INFO] [cpw.mods.modlauncher.Launcher/MODLAUNCHER]: ModLauncher running: args [--launchTarget, forgeserver, --fml.forgeVersion, 47.4.20, --fml.mcVersion, 1.20.1, --fml.forgeGroup, net.minecraftforge, --fml.mcpVersion, 20230612.114412, nogui]
[16Jun2026 02:02:35.494] [main/INFO] [cpw.mods.modlauncher.Launcher/MODLAUNCHER]: ModLauncher 10.0.9+10.0.9+main.dcd20f30 starting: java version 17.0.19 by Ubuntu; OS Linux arch amd64 version 6.8.0-1052-azure
[16Jun2026 02:02:49.014] [main/INFO] [net.minecraftforge.fml.loading.ImmediateWindowHandler/]: ImmediateWindowProvider not loading because launch target is forgeserver
[16Jun2026 02:02:49.129] [main/WARN] [CrashAssistantJarInJarHelper/]: launchTarget: forgeserver. Crash Assistant is client only mod. Mod will do nothing!
[16Jun2026 02:02:49.425] [main/INFO] [mixin/]: SpongePowered MIXIN Subsystem Version=0.8.5 Source=union:/workspaces/riri/servidor_minecraft/libraries/org/spongepowered/mixin/0.8.5/mixin-0.8.5.jar%2365!/ Service=ModLauncher Env=SERVER
[16Jun2026 02:02:50.102] [main/WARN] [net.minecraftforge.fml.loading.moddiscovery.ModDiscoverer/SCAN]: Locator {mods folder locator at /workspaces/riri/servidor_minecraft/mods} returned 1 files which are client-side-only mods, but we're on a dedicated server. They will be skipped!
[16Jun2026 02:02:50.500] [main/WARN] [net.minecraftforge.fml.loading.moddiscovery.ModFileParser/LOADING]: Mod file /workspaces/riri/servidor_minecraft/libraries/net/minecraftforge/fmlcore/1.20.1-47.4.20/fmlcore-1.20.1-47.4.20.jar is missing mods.toml file
[16Jun2026 02:02:50.548] [main/WARN] [net.minecraftforge.fml.loading.moddiscovery.ModFileParser/LOADING]: Mod file /workspaces/riri/servidor_minecraft/libraries/net/minecraftforge/javafmllanguage/1.20.1-47.4.20/javafmllanguage-1.20.1-47.4.20.jar is missing mods.toml file
[16Jun2026 02:02:50.584] [main/WARN] [net.minecraftforge.fml.loading.moddiscovery.ModFileParser/LOADING]: Mod file /workspaces/riri/servidor_minecraft/libraries/net/minecraftforge/lowcodelanguage/1.20.1-47.4.20/lowcodelanguage-1.20.1-47.4.20.jar is missing mods.toml file
[16Jun2026 02:02:50.624] [main/WARN] [net.minecraftforge.fml.loading.moddiscovery.ModFileParser/LOADING]: Mod file /workspaces/riri/servidor_minecraft/libraries/net/minecraftforge/mclanguage/1.20.1-47.4.20/mclanguage-1.20.1-47.4.20.jar is missing mods.toml file
[16Jun2026 02:02:53.326] [main/WARN] [net.minecraftforge.jarjar.selection.JarSelector/]: Attempted to select a dependency jar for JarJar which was passed in as source: playeranimator. Using Mod File: /workspaces/riri/servidor_minecraft/mods/player-animation-lib-forge-1.0.2-rc1+1.20.jar
[16Jun2026 02:02:53.326] [main/INFO] [net.minecraftforge.fml.loading.moddiscovery.JarInJarDependencyLocator/]: Found 96 dependencies adding them to mods collection
[16Jun2026 02:02:54.083] [main/INFO] [org.groovymc.gml.mappings.MappingsProvider/]: Starting runtime mappings setup...
[16Jun2026 02:02:54.141] [main/INFO] [org.groovymc.gml.internal.locator.ModLocatorInjector/]: Injecting ScriptModLocator candidates...
[16Jun2026 02:02:54.262] [main/INFO] [org.groovymc.gml.scriptmods.ScriptModLocator/]: Injected Jimfs file system
[16Jun2026 02:02:54.269] [main/INFO] [org.groovymc.gml.scriptmods.ScriptModLocator/]: Skipped loading script mods from directory /workspaces/riri/servidor_minecraft/mods/scripts as it did not exist.
[16Jun2026 02:02:54.276] [main/INFO] [org.groovymc.gml.internal.locator.ModLocatorInjector/]: Injected ScriptModLocator mod candidates. Found 0 valid mod candidates and 0 broken mod files.
[16Jun2026 02:02:57.564] [GML Mappings Thread/INFO] [org.groovymc.gml.mappings.MappingsProvider/]: Loaded runtime mappings in 3282ms
[16Jun2026 02:02:57.565] [GML Mappings Thread/INFO] [org.groovymc.gml.mappings.MappingsProvider/]: Finished runtime mappings setup.
[16Jun2026 02:03:01.662] [main/INFO] [mixin/]: Compatibility level set to JAVA_17
[16Jun2026 02:03:01.686] [main/ERROR] [mixin/]: Mixin config gamemenuremovegfarb-common.mixins.json does not specify "minVersion" property
[16Jun2026 02:03:01.989] [main/ERROR] [mixin/]: Mixin config fabric-item-group-api-v1.mixins.json does not specify "minVersion" property
[16Jun2026 02:03:01.993] [main/ERROR] [mixin/]: Mixin config fabric-item-group-api-v1.client.mixins.json does not specify "minVersion" property
[16Jun2026 02:03:02.080] [main/ERROR] [mixin/]: Mixin config palladiumcore-common.mixins.json does not specify "minVersion" property
[16Jun2026 02:03:02.082] [main/ERROR] [mixin/]: Mixin config palladiumcore.mixins.json does not specify "minVersion" property
[16Jun2026 02:03:02.085] [main/ERROR] [mixin/]: Mixin config vc_gliders-common.mixins.json does not specify "minVersion" property
[16Jun2026 02:03:02.088] [main/ERROR] [mixin/]: Mixin config vc_gliders.mixins.json does not specify "minVersion" property
[16Jun2026 02:03:02.094] [main/ERROR] [mixin/]: Mixin config fabric-item-api-v1.client.mixins.json does not specify "minVersion" property
[16Jun2026 02:03:02.177] [main/ERROR] [mixin/]: Mixin config fabric-data-attachment-api-v1.mixins.json does not specify "minVersion" property
[16Jun2026 02:03:02.182] [main/ERROR] [mixin/]: Mixin config fabric-data-attachment-api-v1.client.mixins.json does not specify "minVersion" property
[16Jun2026 02:03:02.333] [main/ERROR] [mixin/]: Mixin config scaling_mobs.mixin.json does not specify "minVersion" property
[16Jun2026 02:03:02.886] [main/INFO] [mixin/]: Successfully loaded Mixin Connector [com.sonicether.soundphysics.MixinConnector]
[16Jun2026 02:03:02.889] [main/INFO] [net.fabricmc.loader.impl.bootstrap.FabricLoaderBootstrap/]: Propagating FML mod list to Fabric Loader
[16Jun2026 02:03:02.904] [main/INFO] [cpw.mods.modlauncher.LaunchServiceHandler/MODLAUNCHER]: Launching target 'forgeserver' with arguments [nogui]
[16Jun2026 02:03:02.994] [main/INFO] [Embeddium/]: Loaded configuration file for Embeddium: 304 options available, 0 override(s) found
[16Jun2026 02:03:03.025] [main/WARN] [mixin/]: Reference map 'handcrafted-forge-1.20.1-forge-refmap.json' for handcrafted.mixins.json could not be read. If this is a development environment you can ignore this message
[16Jun2026 02:03:03.035] [main/WARN] [mixin/]: Reference map 'xrayreporter.refmap.json' for xrayreporter.mixins.json could not be read. If this is a development environment you can ignore this message
[16Jun2026 02:03:03.125] [main/WARN] [mixin/]: Reference map 'puzzlesaccessapi.common.refmap.json' for puzzlesaccessapi.common.mixins.json could not be read. If this is a development environment you can ignore this message
[16Jun2026 02:03:03.139] [main/WARN] [mixin/]: Reference map 'mixins.the_deeper_void.refmap.json' for mixins.the_deeper_void.json could not be read. If this is a development environment you can ignore this message
[16Jun2026 02:03:03.219] [main/WARN] [mixin/]: Reference map 'fastpaintings-forge-refmap.json' for fastpaintings-forge.mixins.json could not be read. If this is a development environment you can ignore this message
[16Jun2026 02:03:03.261] [main/WARN] [mixin/]: Reference map 'wits-common-refmap.json' for wits-common.mixins.json could not be read. If this is a development environment you can ignore this message
[16Jun2026 02:03:03.301] [main/INFO] [Puzzles Lib/]: Loading 257 mods:
	- access_denied 6.2.1
	- ageingspawners 2.0.0
	- aiycrates 1.0.0
	- alexsmobs 1.22.9
	- alltheleaks 1.1.1+1.20.1-forge
		\-- mixinsquared 0.3.6-beta.1
	- almanac 1.0.2
	- ambientenvironment 11.0.0.1
	- ambientsounds 6.3.4
	- appleskin 2.5.1+mc1.20.1
	- architectury 9.2.14
	- athena 3.1.2
	- atlaslib 1.1.12
	- attributeslib 1.3.7
	- auudio 1.0.3
	- badmobs 19.0.4
	- baguettelib 1.1.6
	- balm 7.3.38
		\-- kuma_api 20.1.12
	- bbb 2.0pre4
		\-- midnightlib 1.4.2
	- bbs 1.20.1-0.1.3
	- bettermineshafts 1.20-Forge-4.0.4
	- binocularsmod 1.02
	- biome_replacer 2.1-hippo
	- biomesize 1.20.1-1.6
	- bloomingnature 1.0.12
	- bookshelf 20.2.15
	- carryon 2.1.2.7
	- charmofundying 6.5.0+1.20.1
	- citadel 2.6.3
	- cleanswing 1.8
	- cloth_config 11.1.136
	- clumps 12.0.0.4
	- cofh_core 11.0.2
	- collective 8.13
	- combatroll 1.3.3+1.20.1
	- comforts 6.4.0+1.20.1
	- commongroovylibrary 0.3.3
	- configurableextramobdrops 3.5
	- controlling 12.0.2
	- copycats 3.0.7+mc.1.20.1-forge
	- corgilib 4.0.3.4
	- coroutil 1.20.1-1.3.7
	- corpse 1.20.1-1.0.23
	- corpsecurioscompat 3.1.3
	- crash_assistant 1.11.3
	- create 6.0.8
		|-- flywheel 1.0.5
		\-- ponder 1.0.91
	- create_netherless 1.3.0
	- createdeco 2.0.3-1.20.1-forge
	- creativecore 2.12.35
	- cupboard 1.20.1-3.5
	- cure 1.0.0
	- curios 5.14.1+1.20.1
	- dataanchor 1.0.0.20
	- decorative_blocks 4.1.3
	- distraction_free_recipes 1.2.1
	- doapi 1.2.15
		\-- terraform 7.0.1
	- drippyloadingscreen 3.1.0
	- dummmmmmy 1.20-2.0.9
	- dynamiclights 1.9+mod
	- ecologic_fixes 0.0.1
	- ecologics 2.2.2
	- embeddium 0.3.31+mc1.20.1
		\-- rubidium 0.7.1
	- emi 1.1.22+1.20.1+forge
	- enchdesc 17.1.21
	- enhancedcelestials 1.20.1-5.0.3.2
	- enhancedvisuals 1.8.2
	- euphoria_patcher 1.8.6-r5.7.1-forge
	- explosiveenhancement 1.1.0
	- extra_zombie_drops 1.0.0
	- extragore 5.2.3.1
	- fallingtrees 0.13.2
	- fancymenu 3.8.1
	- farmersdelight 1.20.1-1.2.10
	- fastpaintings 1.20-1.2.7
	- fastsuite 5.1.2
	- feralzombie 0.4.2-BETA
	- ferritecore 6.0.1
	- firstjoinmessage 3.8
	- flan 1.20.1-1.11.15
		\-- lingua_bib 1.20.1-1.0.6
	- forge 47.4.20
	- forgivingworld 1.20.1-4.7
	- framework 0.8.0
	- ftblibrary 2001.2.12
	- ftbquests 2001.4.18
	- ftbteams 2001.3.2
	- ftbxmodcompat 2.1.3
	- gamemenuremovegfarb 2.1.2
	- geckolib 4.8.3
	- glitchcore 0.0.1.1
	- globalnarrationtoggle 1.4
	- gml 4.0.11
	- handcrafted 3.0.6
	- herbalbrews 1.0.12
	- hordes 1.5.4c
	- immersive_aircraft 1.4.0+1.20.1
	- immersive_weathering 1.20.1-2.0.5
	- immersive_weathering_pandas_compat 1.0.0
	- improved_village_placement 1.1.2
	- incontrol 1.20-9.4.6
	- insanelib 1.23.4.3
	- inventorysorter 23.0.8
	- item_obliterator 2.3.0
	- item_scrapper 1.3.0
	- item_scrapper_armorandtools 1.0.0
	- item_scrapper_marbledsarsenal 1.0.0
	- item_scrapper_taczpack 1.0.0
	- itemfilters 2001.1.0-build.59
	- jade 11.13.2+forge
	- jamlib 1.3.6+1.20.1
	- jeffs_cursed_walking_structures 3.3
	- jei 15.20.0.112
	- keerdm_zombie_essentials 1.42
	- konkrete 1.8.0
	- kotlinforforge 4.12.0
	- kubejs 2001.6.5-build.16
	- letmedespawn 1.5.0
	- lithostitched 1.4.11
	- lootjs 1.20.1-2.13.0
	- lootr 0.7.35.94
	- lostcities 1.20-7.4.11
	- majruszlibrary 7.0.8
	- marbledsarsenal 2.4.0.0
	- marbledsfirstaid 1.2.0.0
	- marbledsmelees 1.20.1-1.0.0
	- mcore 1.0.3.0
	- melody 1.0.2
	- minecraft 1.20.1
	- mobcontrol 1.5.15
	- moonlight 1.20-2.16.28
	- mr_tidal_towns 1.3.4
	- mutantmonsters 8.0.7
	- myserveriscompatible 1.0
	- nanny 1.0.1
	- necronomicon 1.6.0
	- nerb 0.4.1
	- nobz 1.3
	- nopoof 1.0.0
	- nostartupmessages 1.0.1
	- novillagerdm 5.0.0
	- octolib 0.5.0.1
	- openloader 19.0.5
	- overworld_netherite_ore 2.8
	- packetfixer 3.3.1
	- pandalib 0.5.2
	- particular 1.2.7
	- patchouli 1.20.1-85-FORGE
	- philipsruins 5.6
	- placebo 8.6.3
	- playeranimator 1.0.2-rc1+1.20
	- polymorph 0.49.10+1.20.1
		\-- spectrelib 0.13.17+1.20.1
	- powderedup 0.4
	- projectvibrantjourneys 1.20.1-6.2.1
	- propertymodifier 0.3.3
	- puzzleslib 8.1.33
		\-- puzzlesaccessapi 20.1.1
	- railways 1.7.2+forge-mc1.20.1
	- realmrpg_skeletons 1.1.0
	- refurbished_furniture 1.0.20
	- resourcefullib 2.1.29
	- responsiveshields 2.3
	- rhino 2001.2.3-build.10
	- rightclickharvest 4.6.1+1.20.1
	- ritchiesprojectilelib 2.1.1
	- rotten_flesh_to_leather 1.0.0
	- scalingmobs 2.4.3
	- searchables 1.0.3
	- securitycraft 1.10.0.1
	- sereneseasons 9.1.0.2
	- simple_snowy_fix 2.1.5
	- simpleshops 1.2.2
	- simply_traps 1.7
	- simplylight 1.20.1-1.4.6-build.50
	- sliceanddice 3.6.0
	- smartbrainlib 1.15
	- smoothboot 0.0.4
	- solonion 1.4.5
	- sophisticatedbackpacks 3.23.17.1246
	- sophisticatedcore 1.2.60.987
	- sound_physics_remastered 1.20.1-1.4.10
	- starterkit 7.4
	- storage_shelves 1.0.0
	- structure_gel 2.16.2
	- structurecontrol 1.8.5
	- tacz 1.1.6-hotfix
	- taczaddon 1.1.6
	- temporalapi 1.6.7
	- tenshilib 1.20.1-1.7.6
	- terralith 2.5.4
	- the_deep_void 1.28
	- the_deeper_void 2.0.3
	- toastcontrol 8.0.3
	- toolbelt 1.20.02
	- trashslot 15.1.4
	- tslateffectslib 1.8.7
	- txnilib 1.0.24
		|-- fabric_api 0.92.2+1.11.12+1.20.1
		|-- fabric_api_base 0.4.31+ef105b4977
		|-- fabric_api_lookup_api_v1 1.6.36+67f9824077
		|-- fabric_biome_api_v1 13.0.13+dc36698e77
		|-- fabric_block_api_v1 1.0.11+0e6cb7f777
		|-- fabric_block_view_api_v2 1.0.1+0767707077
		|-- fabric_blockrenderlayer_v1 1.1.41+1d0da21e77
		|-- fabric_client_tags_api_v1 1.1.2+5d6761b877
		|-- fabric_command_api_v1 1.2.34+f71b366f77
		|-- fabric_command_api_v2 2.2.13+561530ec77
		|-- fabric_content_registries_v0 4.0.11+a670df1e77
		|-- fabric_convention_tags_v1 1.5.5+fa3d1c0177
		|-- fabric_data_attachment_api_v1 1.0.0+30ef839e77
		|-- fabric_data_generation_api_v1 12.3.4+369cb3a477
		|-- fabric_dimensions_v1 2.1.54+8005d10d77
		|-- fabric_entity_events_v1 1.6.0+4ca7515277
		|-- fabric_events_interaction_v0 0.6.2+0d0bd5a777
		|-- fabric_game_rule_api_v1 1.0.40+683d4da877
		|-- fabric_item_api_v1 2.1.28+4d0bbcfa77
		|-- fabric_item_group_api_v1 4.0.12+c9161c2d77
		|-- fabric_key_binding_api_v1 1.0.37+561530ec77
		|-- fabric_lifecycle_events_v1 2.2.22+afab492177
		|-- fabric_loot_api_v2 1.2.1+eb28f93e77
		|-- fabric_message_api_v1 5.1.9+52cc178c77
		|-- fabric_mining_level_api_v1 2.1.50+561530ec77
		|-- fabric_model_loading_api_v1 1.0.3+6274ab9d77
		|-- fabric_models_v0 0.4.2+7c3892a477
		|-- fabric_networking_api_v1 1.3.11+503a202477
		|-- fabric_object_builder_api_v1 11.1.3+4bd998fa77
		|-- fabric_particles_v1 1.1.2+78e1ecb877
		|-- fabric_recipe_api_v1 1.0.21+514a076577
		|-- fabric_registry_sync_v0 2.3.3+1c0ea72177
		|-- fabric_renderer_api_v1 3.2.1+cf68abbe77
		|-- fabric_renderer_indigo 1.5.2+b5b2da4177
		|-- fabric_rendering_data_attachment_v1 0.3.37+a6081afc77
		|-- fabric_rendering_fluids_v1 3.0.28+4ac5e37a77
		|-- fabric_rendering_v1 3.0.8+66e9a48f77
		|-- fabric_resource_conditions_api_v1 2.3.8+9e342fc177
		|-- fabric_resource_loader_v0 0.11.10+bcd08ed377
		|-- fabric_screen_api_v1 2.0.8+45a670a577
		|-- fabric_screen_handler_api_v1 1.3.30+561530ec77
		|-- fabric_sound_api_v1 1.0.13+4f23bd8477
		|-- fabric_transfer_api_v1 3.3.5+631c9cd677
		\-- fabric_transitive_access_wideners_v1 4.3.1+1880499877
	- uteamcore 5.1.4.382
	- vc_gliders 1.1.7
		\-- palladiumcore 1.20-2.0.0.0
	- voicechat 1.20.1-2.6.12
		\-- voicechat_api 2.6.0
	- walkietalkie 1.3.0
	- watut 1.20.1-1.2.3
	- wits 1.1.0+1.20.1-forge
	- xaerominimapfair 24.2.0
	- xaeroworldmap 1.39.12
	- xrayreporter 1.1.0
	- yungsapi 1.20-Forge-4.0.6
	- zombies_plus 2.1.2-1.20-.4(excl.3)
[16Jun2026 02:03:03.608] [main/WARN] [mixin/]: Reference map 'item_scrapper.refmap.json' for item_scrapper.mixins.json could not be read. If this is a development environment you can ignore this message
[16Jun2026 02:03:03.624] [main/WARN] [mixin/]: Reference map 'mixins.jeffs_cursed_walking_structures.refmap.json' for mixins.jeffs_cursed_walking_structures.json could not be read. If this is a development environment you can ignore this message
[16Jun2026 02:03:03.667] [main/WARN] [mixin/]: Reference map 'forge.net.trial.zombies_plus-common-common-refmap.json' for forge-zombies_plus.modMixins.json could not be read. If this is a development environment you can ignore this message
[16Jun2026 02:03:03.673] [main/WARN] [mixin/]: Reference map 'pandalib-common-common-refmap.json' for pandalib-common.mixins.json could not be read. If this is a development environment you can ignore this message
[16Jun2026 02:03:03.734] [main/WARN] [mixin/]: Reference map 'trashslot.refmap.json' for trashslot.mixins.json could not be read. If this is a development environment you can ignore this message
[16Jun2026 02:03:03.877] [main/WARN] [mixin/]: Reference map 'coroutil.refmap.json' for coroutil.mixins.json could not be read. If this is a development environment you can ignore this message
[16Jun2026 02:03:03.974] [main/INFO] [dev.tonimatas.packetfixer.mixins.v1_19_4_forge.MixinPlugin/]: Packet Fixer forge 1.19.4-1.20.1 has been applied successfully.
[16Jun2026 02:03:04.732] [main/ERROR] [net.minecraftforge.fml.loading.RuntimeDistCleaner/DISTXFORM]: Attempted to load class net/minecraft/client/MouseHandler for invalid dist DEDICATED_SERVER
[16Jun2026 02:03:04.732] [main/WARN] [mixin/]: Error loading class: net/minecraft/client/MouseHandler (java.lang.RuntimeException: Attempted to load class net/minecraft/client/MouseHandler for invalid dist DEDICATED_SERVER)
[16Jun2026 02:03:04.732] [main/WARN] [mixin/]: @Mixin target net.minecraft.client.MouseHandler was not found fabric-screen-api-v1.mixins.json:MouseMixin
[16Jun2026 02:03:04.734] [main/ERROR] [net.minecraftforge.fml.loading.RuntimeDistCleaner/DISTXFORM]: Attempted to load class net/minecraft/client/gui/screens/Screen for invalid dist DEDICATED_SERVER
[16Jun2026 02:03:04.734] [main/WARN] [mixin/]: Error loading class: net/minecraft/client/gui/screens/Screen (java.lang.RuntimeException: Attempted to load class net/minecraft/client/gui/screens/Screen for invalid dist DEDICATED_SERVER)
[16Jun2026 02:03:04.734] [main/WARN] [mixin/]: @Mixin target net.minecraft.client.gui.screens.Screen was not found fabric-screen-api-v1.mixins.json:ScreenAccessor
[16Jun2026 02:03:04.949] [main/INFO] [net.minecraftforge.coremod.CoreMod.placebo/COREMODLOG]: Patching IForgeItemStack#getEnchantmentLevel
[16Jun2026 02:03:04.958] [main/INFO] [net.minecraftforge.coremod.CoreMod.placebo/COREMODLOG]: Patching IForgeItemStack#getEnchantmentLevel
[16Jun2026 02:03:05.445] [main/WARN] [mixin/]: Error loading class: com/teammetallurgy/aquaculture/entity/AquaFishingBobberEntity (java.lang.ClassNotFoundException: com.teammetallurgy.aquaculture.entity.AquaFishingBobberEntity)
[16Jun2026 02:03:05.715] [main/ERROR] [net.minecraftforge.fml.loading.RuntimeDistCleaner/DISTXFORM]: Attempted to load class net/minecraft/client/multiplayer/MultiPlayerGameMode for invalid dist DEDICATED_SERVER
[16Jun2026 02:03:05.715] [main/WARN] [mixin/]: Error loading class: net/minecraft/client/multiplayer/MultiPlayerGameMode (java.lang.RuntimeException: Attempted to load class net/minecraft/client/multiplayer/MultiPlayerGameMode for invalid dist DEDICATED_SERVER)
[16Jun2026 02:03:05.715] [main/WARN] [mixin/]: @Mixin target net.minecraft.client.multiplayer.MultiPlayerGameMode was not found mixins.cofhcore.json:MultiPlayerGameModeMixin
[16Jun2026 02:03:05.727] [main/INFO] [AllTheLeaks/]: Class dev.uncandango.alltheleaks.leaks.common.mods.toolbelt.UntrackedIssue001 will be loaded as it matches versions: 1.20.02 in [1.20.0,)
[16Jun2026 02:03:05.727] [main/INFO] [AllTheLeaks/]: Mixins added to allowed list: [main.EventHandlersMixin]
[16Jun2026 02:03:05.728] [main/INFO] [AllTheLeaks/]: Class dev.uncandango.alltheleaks.leaks.common.mods.sereneseasons.UntrackedIssue001 will be loaded as it matches versions: 9.1.0.2 in [9.1.0.0,)
[16Jun2026 02:03:05.728] [main/INFO] [AllTheLeaks/]: Class dev.uncandango.alltheleaks.leaks.common.mods.moonlight.UntrackedIssue001 will be loaded as it matches versions: 1.20-2.16.28 in [1.20-2.13.32,)
[16Jun2026 02:03:05.729] [main/INFO] [AllTheLeaks/]: Mixins added to allowed list: [main.FakeLevelManagerMixin]
[16Jun2026 02:03:05.729] [main/INFO] [AllTheLeaks/]: Class dev.uncandango.alltheleaks.leaks.common.mods.minecraft.UntrackedIssue002 will be loaded as it matches versions: 1.20.1 in 1.20.1
[16Jun2026 02:03:05.729] [main/INFO] [AllTheLeaks/]: Mixins added to allowed list: [main.EntityTickListMixin]
[16Jun2026 02:03:05.729] [main/INFO] [AllTheLeaks/]: Class dev.uncandango.alltheleaks.leaks.common.mods.minecraft.UntrackedIssue001 will be loaded as it matches versions: 1.20.1 in 1.20.1
[16Jun2026 02:03:05.730] [main/INFO] [AllTheLeaks/]: Class dev.uncandango.alltheleaks.leaks.common.mods.forge.UntrackedIssue002 will be loaded as it matches versions: 47.4.20 in [47.2,)
[16Jun2026 02:03:05.730] [main/INFO] [AllTheLeaks/]: Mixins added to allowed list: [accessor.FakePlayerNetHandlerAccessor, accessor.ConnectionAccessor]
[16Jun2026 02:03:05.730] [main/INFO] [AllTheLeaks/]: Class dev.uncandango.alltheleaks.leaks.common.mods.forge.UntrackedIssue001 will be loaded as it matches versions: 47.4.20 in [47.2,)
[16Jun2026 02:03:05.730] [main/INFO] [AllTheLeaks/]: Mixins added to allowed list: [main.ServerPlayerMixin, main.PlayerListMixin, accessor.PlayerAdvancementsAccessor]
[16Jun2026 02:03:05.730] [main/INFO] [AllTheLeaks/]: Class dev.uncandango.alltheleaks.leaks.common.mods.forge.Issue39 will be loaded as it matches versions: 47.4.20 in [47.2,)
[16Jun2026 02:03:05.730] [main/INFO] [AllTheLeaks/]: Class dev.uncandango.alltheleaks.leaks.common.mods.forge.Issue10684 will be loaded as it matches versions: 47.4.20 in *
[16Jun2026 02:03:05.731] [main/INFO] [AllTheLeaks/]: Class dev.uncandango.alltheleaks.leaks.common.mods.fabric_networking_api_v1.UntrackedIssue001 will be loaded as it matches versions: 1.3.11+503a202477 in (,1.3.14)
[16Jun2026 02:03:05.731] [main/INFO] [AllTheLeaks/]: Mixins added to allowed list: [main.ServerPlayNetworkAddonMixin, main.ServerPlayNetworkHandlerMixinSquared]
[16Jun2026 02:03:05.731] [main/INFO] [AllTheLeaks/]: Class dev.uncandango.alltheleaks.leaks.common.mods.curios.UntrackedIssue001 will be loaded as it matches versions: 5.14.1+1.20.1 in [5.9.1,)
[16Jun2026 02:03:05.731] [main/INFO] [AllTheLeaks/]: Mixins added to allowed list: [main.CuriosEventHandlerMixin]
[16Jun2026 02:03:05.731] [main/INFO] [AllTheLeaks/]: Class dev.uncandango.alltheleaks.leaks.common.mods.create.UntrackedIssue001 will be loaded as it matches versions: 6.0.8 in [0.5.1.c,)
[16Jun2026 02:03:05.731] [main/INFO] [AllTheLeaks/]: Mixins added to allowed list: [accessor.ExtendoGripItemAccessor]
[16Jun2026 02:03:05.732] [main/INFO] [AllTheLeaks/]: Class dev.uncandango.alltheleaks.leaks.common.mods.citadel.UntrackedIssue001 will be loaded as it matches versions: 2.6.3 in [2.5.4,)
[16Jun2026 02:03:05.732] [main/INFO] [AllTheLeaks/]: Class dev.uncandango.alltheleaks.leaks.common.mods.architectury.UntrackedIssue001 will be loaded as it matches versions: 9.2.14 in [9.0.8,)
[16Jun2026 02:03:05.732] [main/INFO] [AllTheLeaks/]: Class dev.uncandango.alltheleaks.leaks.common.mods.alexsmobs.Issue2165 will be loaded as it matches versions: 1.22.9 in [1.22.5,)
[16Jun2026 02:03:05.735] [main/INFO] [AllTheLeaks/]: Class dev.uncandango.alltheleaks.fix.common.mods.kubejs.FixItemStackModification will be loaded as it matches versions: 2001.6.5-build.16 in *
[16Jun2026 02:03:05.735] [main/INFO] [AllTheLeaks/]: Mixins added to allowed list: [main.IngredientKJSMixin]
[16Jun2026 02:03:05.735] [main/INFO] [AllTheLeaks/]: Class dev.uncandango.alltheleaks.fix.common.mods.jei.FixItemStackCopy will be loaded as it matches versions: 15.20.0.112 in *
[16Jun2026 02:03:05.735] [main/INFO] [AllTheLeaks/]: Mixins added to allowed list: [main.SmithingCategoryExtensionMixin, main.NormalizedTypedItemStackMixin, main.IngredientSetMixin]
[16Jun2026 02:03:05.735] [main/INFO] [AllTheLeaks/]: Class dev.uncandango.alltheleaks.fix.common.mods.cofh_core.FixItemStackCopy will be loaded as it matches versions: 11.0.2 in *
[16Jun2026 02:03:05.735] [main/INFO] [AllTheLeaks/]: Mixins added to allowed list: [main.IngredientWithCountMixin]
[16Jun2026 02:03:05.745] [main/INFO] [AllTheLeaks/]: Class dev.uncandango.alltheleaks.feature.common.mods.minecraft.MemoryMonitor will be loaded as it matches versions: 1.20.1 in 1.20.1
[16Jun2026 02:03:05.746] [main/INFO] [AllTheLeaks/]: Mixins added to allowed list: [main.PlayerMixin, main.ChunkAccessMixin, main.LevelMixin, main.MinecraftServerMixin]
[16Jun2026 02:03:05.746] [main/INFO] [AllTheLeaks/]: Class dev.uncandango.alltheleaks.feature.common.mods.minecraft.ClearLeakedLevelChunks will be loaded as it matches versions: 1.20.1 in 1.20.1
[16Jun2026 02:03:05.747] [main/INFO] [AllTheLeaks/]: Mixins added to allowed list: [accessor.LevelAccessor, main.RebindableTickingBlockEntityWrapperMixin, accessor.LevelChunkAccessor]
[16Jun2026 02:03:06.083] [main/ERROR] [net.minecraftforge.fml.loading.RuntimeDistCleaner/DISTXFORM]: Attempted to load class net/minecraft/client/main/Main for invalid dist DEDICATED_SERVER
[16Jun2026 02:03:06.083] [main/WARN] [mixin/]: Error loading class: net/minecraft/client/main/Main (java.lang.RuntimeException: Attempted to load class net/minecraft/client/main/Main for invalid dist DEDICATED_SERVER)
[16Jun2026 02:03:06.083] [main/WARN] [mixin/]: @Mixin target net.minecraft.client.main.Main was not found euphoria_patcher.mixins.json:EuphoriaPatcherMixin
[16Jun2026 02:03:07.336] [main/ERROR] [net.minecraftforge.fml.loading.RuntimeDistCleaner/DISTXFORM]: Attempted to load class com/tacz/guns/api/modifier/IAttachmentModifier$DiagramsData for invalid dist DEDICATED_SERVER
[16Jun2026 02:03:07.337] [main/WARN] [mixin/]: Error loading class: com/tacz/guns/api/modifier/IAttachmentModifier$DiagramsData (java.lang.RuntimeException: Attempted to load class com/tacz/guns/api/modifier/IAttachmentModifier$DiagramsData for invalid dist DEDICATED_SERVER)
[16Jun2026 02:03:07.533] [main/INFO] [MixinExtras|Service/]: Initializing MixinExtras via com.llamalad7.mixinextras.service.MixinExtrasServiceImpl(version=0.5.3).
[16Jun2026 02:03:08.323] [main/INFO] [Smooth Boot (Reloaded)/]: Smooth Boot (Reloaded) config initialized
[16Jun2026 02:03:09.975] [main/INFO] [net.minecraftforge.coremod.CoreMod.placebo/COREMODLOG]: Patching IForgeItemStack#getEnchantmentLevel
[16Jun2026 02:03:09.981] [main/INFO] [net.minecraftforge.coremod.CoreMod.placebo/COREMODLOG]: Patching IForgeItemStack#getEnchantmentLevel
[16Jun2026 02:03:11.547] [main/WARN] [mixin/]: @Redirect conflict. Skipping securitycraft.mixins.json:camera.ServerPlayerMixin->@Redirect::securitycraft$tick(Lnet/minecraft/server/level/ServerPlayer;DDDFF)V with priority 1100, already redirected by railways-common.mixins.json:conductor_possession.ServerPlayerMixin->@Redirect::railways$securitycraft$tick(Lnet/minecraft/server/level/ServerPlayer;DDDFF)V with priority 1200
[16Jun2026 02:03:13.504] [main/INFO] [net.minecraftforge.coremod.CoreMod.placebo/COREMODLOG]: Patching IForgeItemStack#getEnchantmentLevel
[16Jun2026 02:03:13.505] [main/INFO] [net.minecraftforge.coremod.CoreMod.placebo/COREMODLOG]: Patching IForgeItemStack#getEnchantmentLevel
[16Jun2026 02:03:14.045] [main/WARN] [mixin/]: @Inject(@At("INVOKE_ASSIGN")) Shift.BY=1 on palladiumcore-common.mixins.json:LightningBoltMixin::handler$bam000$tick exceeds the maximum allowed value: 0. Increase the value of maxShiftBy to suppress this warning.
[16Jun2026 02:03:16.001] [main/WARN] [mixin/]: @Inject(@At("INVOKE_ASSIGN")) Shift.BY=2 on refurbished_furniture.common.mixins.json:LevelChunkMixin::handler$bpm000$refurbishedFurniture$AfterRemoveBlockEntity exceeds the maximum allowed value: 0. Increase the value of maxShiftBy to suppress this warning.
[16Jun2026 02:03:17.879] [main/INFO] [org.groovymc.gml.internal.ModExtensionLoader/]: Skipping extension class org.groovymc.cgl.api.extension.client.MinecraftExtensions: it requires dist CLIENT, but we're running on DEDICATED_SERVER
[16Jun2026 02:03:18.296] [modloading-worker-0/WARN] [auudio/Auudio/]: WARNING: Auudio is a client mod and has no effect when loaded on a server!
[16Jun2026 02:03:18.310] [modloading-worker-0/INFO] [Structure Control/]: Structure Control, Forge Init
[16Jun2026 02:03:18.322] [modloading-worker-0/INFO] [Structure Control/]: Structure Control, Platform: Forge, Env: production
[16Jun2026 02:03:18.366] [modloading-worker-0/INFO] [hordes/]: Trying to load common config
[16Jun2026 02:03:18.381] [modloading-worker-0/INFO] [hordes/]: Trying to load client config
[16Jun2026 02:03:18.394] [modloading-worker-0/INFO] [hordes/]: Config files are up to date, skipping data/asset generation
[16Jun2026 02:03:18.508] [modloading-worker-0/INFO] [net.permutated.novillagerdm.NoVillagerDeathMessages/]: Registering mod: novillagerdm
[16Jun2026 02:03:18.742] [modloading-worker-0/INFO] [dev.codeoverload.xrayreporter.Xrayreporter/]: [XrayReporter] Mod initializing...
[16Jun2026 02:03:18.749] [modloading-worker-0/INFO] [dev.codeoverload.xrayreporter.Xrayreporter/]: [XrayReporter] Registered common setup listener
[16Jun2026 02:03:18.751] [modloading-worker-0/INFO] [dev.codeoverload.xrayreporter.Xrayreporter/]: [XrayReporter] Registered to Forge event bus
[16Jun2026 02:03:18.755] [modloading-worker-0/INFO] [dev.codeoverload.xrayreporter.Xrayreporter/]: [XrayReporter] Registered DummyArgument
[16Jun2026 02:03:18.758] [modloading-worker-0/INFO] [dev.codeoverload.xrayreporter.Xrayreporter/]: [XrayReporter] Registered network packet
[16Jun2026 02:03:18.782] [modloading-worker-0/INFO] [gml/]: Initialised GML mod. Version: 4.0.11
[16Jun2026 02:03:19.074] [modloading-worker-0/INFO] [Puzzles Lib/]: Constructing common components for mutantmonsters:main
[16Jun2026 02:03:19.651] [modloading-worker-0/INFO] [com.leclowndu93150.corpsecurioscompat.Main/]: Hello from Corpse Curios Compat!
[16Jun2026 02:03:19.705] [modloading-worker-0/INFO] [net.minecraftforge.common.ForgeMod/FORGEMOD]: Forge mod loading, version 47.4.20, for MC 1.20.1 with MCP 20230612.114412
[16Jun2026 02:03:19.707] [modloading-worker-0/INFO] [net.minecraftforge.common.MinecraftForge/FORGE]: MinecraftForge v47.4.20 Initialized
[16Jun2026 02:03:19.815] [modloading-worker-0/INFO] [de.keksuccino.drippyloadingscreen.DrippyLoadingScreen/]: [DRIPPY LOADING SCREEN] Loading v3.1.0 in server-side mode on FORGE!
[16Jun2026 02:03:20.481] [modloading-worker-0/INFO] [necronomicon/]: Necronomicon Initialized
[16Jun2026 02:03:20.500] [modloading-worker-0/INFO] [necronomicon/]: File exists, reading config for elocindev.necronomicon.NecronomiconConfig.
[16Jun2026 02:03:20.500] [modloading-worker-0/INFO] [necronomicon/]: Config for elocindev.necronomicon.NecronomiconConfig read successfully.
[16Jun2026 02:03:20.515] [modloading-worker-0/INFO] [necronomicon/]: there is a brick about to fall through your roof at terminal velocity
[16Jun2026 02:03:20.941] [modloading-worker-0/INFO] [Puzzles Lib/]: Constructing common components for puzzleslib:main
[16Jun2026 02:03:21.117] [modloading-worker-0/INFO] [dynamiclights/]: [Dynamic Lights] Registering server started event ...
[16Jun2026 02:03:21.222] [modloading-worker-0/INFO] [insane96mcp.insanelib.InsaneLib/]: Found (COMMON) InsaneLib Feature class insane96mcp.insanelib.module.base.FixesFeature
[16Jun2026 02:03:21.231] [modloading-worker-0/INFO] [insane96mcp.insanelib.InsaneLib/]: Found (COMMON) InsaneLib Feature class insane96mcp.insanelib.module.base.TagsFeature
[16Jun2026 02:03:21.245] [modloading-worker-0/INFO] [insane96mcp.insanelib.InsaneLib/]: Found (COMMON) InsaneLib Feature class insane96mcp.insanelib.module.base.TimeStopNoPlayerOnline
[16Jun2026 02:03:21.258] [modloading-worker-0/INFO] [insane96mcp.insanelib.InsaneLib/]: Found (COMMON) InsaneLib Feature class insane96mcp.insanelib.module.base.betterfallingblocks.BetterFallingBlocks
[16Jun2026 02:03:21.877] [modloading-worker-0/INFO] [Bookshelf/]: Fixing MC-151457. Crafting remainder for minecraft:pufferfish_bucket is now minecraft:bucket.
[16Jun2026 02:03:21.877] [modloading-worker-0/INFO] [Bookshelf/]: Fixing MC-151457. Crafting remainder for minecraft:salmon_bucket is now minecraft:bucket.
[16Jun2026 02:03:21.878] [modloading-worker-0/INFO] [Bookshelf/]: Fixing MC-151457. Crafting remainder for minecraft:cod_bucket is now minecraft:bucket.
[16Jun2026 02:03:21.878] [modloading-worker-0/INFO] [Bookshelf/]: Fixing MC-151457. Crafting remainder for minecraft:tropical_fish_bucket is now minecraft:bucket.
[16Jun2026 02:03:21.878] [modloading-worker-0/INFO] [Bookshelf/]: Fixing MC-151457. Crafting remainder for minecraft:axolotl_bucket is now minecraft:bucket.
[16Jun2026 02:03:21.878] [modloading-worker-0/INFO] [Bookshelf/]: Fixing MC-151457. Crafting remainder for minecraft:powder_snow_bucket is now minecraft:bucket.
[16Jun2026 02:03:21.878] [modloading-worker-0/INFO] [Bookshelf/]: Fixing MC-151457. Crafting remainder for minecraft:tadpole_bucket is now minecraft:bucket.
[16Jun2026 02:03:22.032] [modloading-worker-0/INFO] [info.u_team.u_team_core.util.verify.JarSignVerifier/]: Mod uteamcore is signed with a valid certificate.
[16Jun2026 02:03:22.123] [modloading-worker-0/INFO] [thedarkcolour.kotlinforforge.test.KotlinForForge/]: Kotlin For Forge Enabled!
[16Jun2026 02:03:22.155] [modloading-worker-0/INFO] [Railways/]: Steam 'n' Rails v1.7.2 initializing! Commit hash: 7c1a21e3a4edbd6b5f1301f82a8bfbeb5fdb1444 on Create version: 6.0.8 on platform: Forge
[16Jun2026 02:03:22.323] [modloading-worker-0/INFO] [de.keksuccino.melody.Melody/]: [MELODY] Disabling Melody since it's loaded server-side.
[16Jun2026 02:03:22.335] [modloading-worker-0/INFO] [de.keksuccino.konkrete.Konkrete/]: [KONKRETE] Successfully initialized!
[16Jun2026 02:03:22.335] [modloading-worker-0/INFO] [de.keksuccino.konkrete.Konkrete/]: [KONKRETE] Server-side libs ready to use!
[16Jun2026 02:03:22.705] [modloading-worker-0/INFO] [Collective/]: Loading Collective version 8.13.
[16Jun2026 02:03:22.860] [modloading-worker-0/INFO] [lostcities/]: Creating standard profiles into 'config/lostcities/profiles'
[16Jun2026 02:03:22.945] [modloading-worker-0/INFO] [lostcities/]: Reading existing profiles from 'config/lostcities/profiles'
[16Jun2026 02:03:23.058] [modloading-worker-0/INFO] [dev.architectury.networking.forge.NetworkManagerImpl/]: Registering C2S receiver with id architectury:sync_ids
[16Jun2026 02:03:23.096] [modloading-worker-0/INFO] [dev.architectury.networking.forge.NetworkManagerImpl/]: Registering C2S receiver with id ftblibrary:edit_nbt_response
[16Jun2026 02:03:23.120] [modloading-worker-0/INFO] [JamLib/]: Initializing JamLib on Forge
[16Jun2026 02:03:23.185] [modloading-worker-0/INFO] [dev.architectury.networking.forge.NetworkManagerImpl/]: Registering C2S receiver with id walkietalkie:updatewalkietalkie_c2s
[16Jun2026 02:03:23.191] [modloading-worker-0/INFO] [dev.architectury.networking.forge.NetworkManagerImpl/]: Registering C2S receiver with id walkietalkie:updatespeaker_c2s
[16Jun2026 02:03:23.191] [modloading-worker-0/INFO] [dev.architectury.networking.forge.NetworkManagerImpl/]: Registering C2S receiver with id walkietalkie:activatekeypressed_c2s
[16Jun2026 02:03:23.241] [modloading-worker-0/INFO] [JamLib/]: Updated config file at /workspaces/riri/servidor_minecraft/config/rightclickharvest.json5
[16Jun2026 02:03:23.242] [modloading-worker-0/INFO] [Right Click Harvest/]: Initializing Right Click Harvest on FORGE
[16Jun2026 02:03:23.244] [modloading-worker-0/INFO] [dev.architectury.networking.forge.NetworkManagerImpl/]: Registering C2S receiver with id ftbteams:open_gui
[16Jun2026 02:03:23.249] [modloading-worker-0/INFO] [dev.architectury.networking.forge.NetworkManagerImpl/]: Registering C2S receiver with id ftbteams:update_settings
[16Jun2026 02:03:23.254] [modloading-worker-0/INFO] [dev.architectury.networking.forge.NetworkManagerImpl/]: Registering C2S receiver with id ftbteams:send_message
[16Jun2026 02:03:23.264] [modloading-worker-0/INFO] [dev.architectury.networking.forge.NetworkManagerImpl/]: Registering C2S receiver with id ftbteams:create_party
[16Jun2026 02:03:23.268] [modloading-worker-0/INFO] [dev.architectury.networking.forge.NetworkManagerImpl/]: Registering C2S receiver with id ftbteams:player_gui_operation
[16Jun2026 02:03:23.272] [modloading-worker-0/INFO] [com.cupboard.Cupboard/]: Loaded config for: cupboard.json
[16Jun2026 02:03:23.439] [modloading-worker-0/INFO] [fallingtrees | Config/]: Successfully loaded config 'fallingtrees_common'
[16Jun2026 02:03:23.453] [modloading-worker-0/INFO] [fallingtrees | Config/]: Successfully saved config 'fallingtrees_common'
[16Jun2026 02:03:23.607] [modloading-worker-0/INFO] [KubeJS/]: Loaded common.properties
[16Jun2026 02:03:23.615] [modloading-worker-0/INFO] [KubeJS/]: Loaded dev.properties
[16Jun2026 02:03:23.632] [modloading-worker-0/INFO] [KubeJS/]: Looking for KubeJS plugins...
[16Jun2026 02:03:23.655] [modloading-worker-0/INFO] [KubeJS/]: Found plugin source kubejs
[16Jun2026 02:03:23.679] [modloading-worker-0/INFO] [Mob Control/]: Mob Control, Platform: Forge, Env: production
[16Jun2026 02:03:23.686] [modloading-worker-0/WARN] [KubeJS/]: Plugin dev.latvian.mods.kubejs.forge.BuiltinKubeJSForgeClientPlugin does not load on server side, skipping
[16Jun2026 02:03:23.688] [modloading-worker-0/WARN] [KubeJS/]: Plugin dev.latvian.mods.kubejs.integration.forge.gamestages.GameStagesIntegration does not have required mod gamestages loaded, skipping
[16Jun2026 02:03:23.693] [modloading-worker-0/INFO] [KubeJS/]: Found plugin source ftbxmodcompat
[16Jun2026 02:03:23.708] [modloading-worker-0/WARN] [KubeJS/]: Plugin dev.ftb.mods.ftbxmodcompat.ftbchunks.kubejs.FTBChunksKubeJSPlugin does not have required mod ftbchunks loaded, skipping
[16Jun2026 02:03:23.709] [modloading-worker-0/WARN] [KubeJS/]: Plugin dev.ftb.mods.ftbxmodcompat.ftbfiltersystem.kubejs.FFSKubeJSPlugin does not have required mod ftbfiltersystem loaded, skipping
[16Jun2026 02:03:23.727] [modloading-worker-0/INFO] [KubeJS/]: Found plugin source lootjs
[16Jun2026 02:03:23.736] [modloading-worker-0/INFO] [KubeJS/]: Found plugin source tacz
[16Jun2026 02:03:23.743] [modloading-worker-0/INFO] [KubeJS/]: Done in 111.4 ms
[16Jun2026 02:03:23.751] [modloading-worker-0/WARN] [Mob Control/]: WARNING: Mob ignored due to missing name
[16Jun2026 02:03:23.880] [modloading-worker-0/INFO] [net.blay09.mods.balm.forge.config.ForgeBalmConfig/]: Registering config for trashslot:common (COMMON) with 5 properties.
[16Jun2026 02:03:24.118] [modloading-worker-0/INFO] [FTB XMod Compat/]: [FTB Quests] Enabled KubeJS integration
[16Jun2026 02:03:24.503] [modloading-worker-0/INFO] [Rhino Script Remapper/]: Loading Rhino Minecraft remapper...
[16Jun2026 02:03:24.509] [modloading-worker-0/INFO] [dev.latvian.mods.rhino.mod.util.RhinoProperties/]: Rhino properties loaded.
[16Jun2026 02:03:24.526] [modloading-worker-0/INFO] [Rhino Script Remapper/]: Loading mappings for 1.20.1
[16Jun2026 02:03:24.537] [modloading-worker-0/INFO] [dev.architectury.networking.forge.NetworkManagerImpl/]: Registering C2S receiver with id itemfilters:main/14e7fa1454283aec8ae811ef844ada28
[16Jun2026 02:03:24.539] [modloading-worker-0/INFO] [dev.architectury.networking.forge.NetworkManagerImpl/]: Registering C2S receiver with id itemfilters:main/8f6a899247753217b9d86ab427a2b279
[16Jun2026 02:03:24.671] [modloading-worker-0/INFO] [Rhino Script Remapper/]: Done in 0.166 s
[16Jun2026 02:03:24.761] [modloading-worker-0/INFO] [dev.architectury.networking.forge.NetworkManagerImpl/]: Registering C2S receiver with id ftbquests:submit_task
[16Jun2026 02:03:24.768] [modloading-worker-0/INFO] [dev.architectury.networking.forge.NetworkManagerImpl/]: Registering C2S receiver with id ftbquests:claim_reward
[16Jun2026 02:03:24.772] [modloading-worker-0/INFO] [dev.architectury.networking.forge.NetworkManagerImpl/]: Registering C2S receiver with id ftbquests:get_emergency_items
[16Jun2026 02:03:24.773] [modloading-worker-0/INFO] [dev.architectury.networking.forge.NetworkManagerImpl/]: Registering C2S receiver with id ftbquests:claim_all_rewards
[16Jun2026 02:03:24.774] [modloading-worker-0/INFO] [dev.architectury.networking.forge.NetworkManagerImpl/]: Registering C2S receiver with id ftbquests:claim_choice_reward
[16Jun2026 02:03:24.786] [modloading-worker-0/INFO] [dev.architectury.networking.forge.NetworkManagerImpl/]: Registering C2S receiver with id ftbquests:toggle_pinned
[16Jun2026 02:03:24.793] [modloading-worker-0/INFO] [dev.architectury.networking.forge.NetworkManagerImpl/]: Registering C2S receiver with id ftbquests:toggle_chapter_pinned
[16Jun2026 02:03:24.794] [modloading-worker-0/INFO] [dev.architectury.networking.forge.NetworkManagerImpl/]: Registering C2S receiver with id ftbquests:toggle_editing_mode
[16Jun2026 02:03:24.798] [modloading-worker-0/INFO] [dev.architectury.networking.forge.NetworkManagerImpl/]: Registering C2S receiver with id ftbquests:force_save
[16Jun2026 02:03:24.802] [modloading-worker-0/INFO] [dev.architectury.networking.forge.NetworkManagerImpl/]: Registering C2S receiver with id ftbquests:set_custom_image
[16Jun2026 02:03:24.817] [modloading-worker-0/INFO] [dev.architectury.networking.forge.NetworkManagerImpl/]: Registering C2S receiver with id ftbquests:task_screen_config_resp
[16Jun2026 02:03:24.820] [modloading-worker-0/INFO] [dev.architectury.networking.forge.NetworkManagerImpl/]: Registering C2S receiver with id ftbquests:give_item_to_player
[16Jun2026 02:03:24.822] [modloading-worker-0/INFO] [dev.architectury.networking.forge.NetworkManagerImpl/]: Registering C2S receiver with id ftbquests:reorder_item
[16Jun2026 02:03:24.825] [modloading-worker-0/INFO] [dev.architectury.networking.forge.NetworkManagerImpl/]: Registering C2S receiver with id ftbquests:change_progress
[16Jun2026 02:03:24.833] [modloading-worker-0/INFO] [dev.architectury.networking.forge.NetworkManagerImpl/]: Registering C2S receiver with id ftbquests:create_object
[16Jun2026 02:03:24.835] [modloading-worker-0/INFO] [dev.architectury.networking.forge.NetworkManagerImpl/]: Registering C2S receiver with id ftbquests:create_task_at
[16Jun2026 02:03:24.843] [modloading-worker-0/INFO] [dev.architectury.networking.forge.NetworkManagerImpl/]: Registering C2S receiver with id ftbquests:delete_object
[16Jun2026 02:03:24.845] [modloading-worker-0/INFO] [dev.architectury.networking.forge.NetworkManagerImpl/]: Registering C2S receiver with id ftbquests:edit_object
[16Jun2026 02:03:24.847] [modloading-worker-0/INFO] [dev.architectury.networking.forge.NetworkManagerImpl/]: Registering C2S receiver with id ftbquests:move_chapter
[16Jun2026 02:03:24.852] [modloading-worker-0/INFO] [dev.architectury.networking.forge.NetworkManagerImpl/]: Registering C2S receiver with id ftbquests:move_quest
[16Jun2026 02:03:24.862] [modloading-worker-0/INFO] [dev.architectury.networking.forge.NetworkManagerImpl/]: Registering C2S receiver with id ftbquests:change_chapter_group
[16Jun2026 02:03:24.881] [modloading-worker-0/INFO] [dev.architectury.networking.forge.NetworkManagerImpl/]: Registering C2S receiver with id ftbquests:move_chapter_group
[16Jun2026 02:03:24.886] [modloading-worker-0/INFO] [dev.architectury.networking.forge.NetworkManagerImpl/]: Registering C2S receiver with id ftbquests:copy_quest
[16Jun2026 02:03:24.893] [modloading-worker-0/INFO] [dev.architectury.networking.forge.NetworkManagerImpl/]: Registering C2S receiver with id ftbquests:copy_chapter_image
[16Jun2026 02:03:24.906] [modloading-worker-0/INFO] [dev.architectury.networking.forge.NetworkManagerImpl/]: Registering C2S receiver with id ftbquests:sync_structures_request
[16Jun2026 02:03:24.908] [modloading-worker-0/INFO] [dev.architectury.networking.forge.NetworkManagerImpl/]: Registering C2S receiver with id ftbquests:request_team_data
[16Jun2026 02:03:25.080] [modloading-worker-0/INFO] [com.simibubi.create.Create/]: Create 6.0.8 initializing! Commit hash: 1a1a9a2819b4f89f78caec41b55ed8cb222fa24b
[16Jun2026 02:03:25.491] [modloading-worker-0/INFO] [Create Deco/]: Registering items for Create Deco
[16Jun2026 02:03:25.532] [modloading-worker-0/INFO] [Create Deco/]: Registering blocks for Create Deco
[16Jun2026 02:03:25.650] [modloading-worker-0/INFO] [KubeJS Startup/]: cwstartuptweaks.js#1: CW Tweaks Startup scripts successfully loaded.
[16Jun2026 02:03:25.672] [modloading-worker-0/INFO] [KubeJS Startup/]: Loaded script startup_scripts:cwstartuptweaks.js in 0.18 s
[16Jun2026 02:03:25.704] [modloading-worker-0/INFO] [KubeJS Startup/]: Loaded script startup_scripts:matt's_stims_startup.js in 0.031 s
[16Jun2026 02:03:25.715] [modloading-worker-0/INFO] [KubeJS Startup/]: Loaded 2/2 KubeJS startup scripts in 1.04 s with 0 errors and 0 warnings
[16Jun2026 02:03:25.955] [modloading-worker-0/INFO] [dev.architectury.networking.forge.NetworkManagerImpl/]: Registering C2S receiver with id kubejs:send_data_from_client
[16Jun2026 02:03:25.965] [modloading-worker-0/INFO] [dev.architectury.networking.forge.NetworkManagerImpl/]: Registering C2S receiver with id kubejs:first_click
[16Jun2026 02:03:26.043] [modloading-worker-0/INFO] [Railways/]: Registered bogey styles from railways
[16Jun2026 02:03:26.205] [modloading-worker-0/INFO] [particular/]: I am quite particular about the effects I choose to add :3
[16Jun2026 02:03:26.211] [modloading-worker-0/ERROR] [toastcontrol/]: Running on a dedicated server, disabling mod.
[16Jun2026 02:03:26.226] [modloading-worker-0/INFO] [coroutil/]: forge loader environment detected
[16Jun2026 02:03:26.461] [modloading-worker-0/INFO] [de.keksuccino.fancymenu.FancyMenu/]: [FANCYMENU] Loading v3.8.1 in server-side mode on FORGE!
[16Jun2026 02:03:26.850] [modloading-worker-0/INFO] [Railways/]: Registering data fixers
[16Jun2026 02:03:26.868] [modloading-worker-0/INFO] [com.mojang.datafixers.DataFixerBuilder/]: 0 Datafixer optimizations took 0 milliseconds
[16Jun2026 02:03:26.875] [modloading-worker-0/INFO] [Railways/MultiRegistryCallback/]: Registering callback for create:track_signal in minecraft:block_entity_type
[16Jun2026 02:03:26.879] [modloading-worker-0/INFO] [Railways/MultiRegistryCallback/]: Registering callback for railways:track_signal_source in create:display_source
[16Jun2026 02:03:26.879] [modloading-worker-0/INFO] [Railways/MultiRegistryCallback/]: Registering callback for create:copycat in minecraft:block_entity_type
[16Jun2026 02:03:26.879] [modloading-worker-0/INFO] [Railways/MultiRegistryCallback/]: Registering callback for railways:conductor_vent in minecraft:block
[16Jun2026 02:03:26.879] [modloading-worker-0/INFO] [Railways/MultiRegistryCallback/]: Registering callback for create:flywheel in minecraft:block_entity_type
[16Jun2026 02:03:26.879] [modloading-worker-0/INFO] [Railways/MultiRegistryCallback/]: Registering callback for railways:locometal_flywheel in minecraft:block
[16Jun2026 02:03:26.880] [modloading-worker-0/INFO] [Railways/MultiRegistryCallback/]: Registering callback for create:sliding_door in minecraft:block_entity_type
[16Jun2026 02:03:26.880] [modloading-worker-0/INFO] [Railways/MultiRegistryCallback/]: Registering callback for railways:sliding_locometal_door in minecraft:block
[16Jun2026 02:03:26.880] [modloading-worker-0/INFO] [Railways/MultiRegistryCallback/]: Registering callback for create:sliding_door in minecraft:block_entity_type
[16Jun2026 02:03:26.880] [modloading-worker-0/INFO] [Railways/MultiRegistryCallback/]: Registering callback for railways:folding_locometal_door in minecraft:block
[16Jun2026 02:03:26.880] [modloading-worker-0/INFO] [Railways/MultiRegistryCallback/]: Registering callback for create:flywheel in minecraft:block_entity_type
[16Jun2026 02:03:26.880] [modloading-worker-0/INFO] [Railways/MultiRegistryCallback/]: Registering callback for railways:brown_locometal_flywheel in minecraft:block
[16Jun2026 02:03:26.880] [modloading-worker-0/INFO] [Railways/MultiRegistryCallback/]: Registering callback for create:sliding_door in minecraft:block_entity_type
[16Jun2026 02:03:26.880] [modloading-worker-0/INFO] [Railways/MultiRegistryCallback/]: Registering callback for railways:brown_sliding_locometal_door in minecraft:block
[16Jun2026 02:03:26.880] [modloading-worker-0/INFO] [Railways/MultiRegistryCallback/]: Registering callback for create:sliding_door in minecraft:block_entity_type
[16Jun2026 02:03:26.880] [modloading-worker-0/INFO] [Railways/MultiRegistryCallback/]: Registering callback for railways:brown_folding_locometal_door in minecraft:block
[16Jun2026 02:03:26.880] [modloading-worker-0/INFO] [Railways/MultiRegistryCallback/]: Registering callback for create:flywheel in minecraft:block_entity_type
[16Jun2026 02:03:26.880] [modloading-worker-0/INFO] [Railways/MultiRegistryCallback/]: Registering callback for railways:maroon_locometal_flywheel in minecraft:block
[16Jun2026 02:03:26.880] [modloading-worker-0/INFO] [Railways/MultiRegistryCallback/]: Registering callback for create:sliding_door in minecraft:block_entity_type
[16Jun2026 02:03:26.880] [modloading-worker-0/INFO] [Railways/MultiRegistryCallback/]: Registering callback for railways:maroon_sliding_locometal_door in minecraft:block
[16Jun2026 02:03:26.881] [modloading-worker-0/INFO] [Railways/MultiRegistryCallback/]: Registering callback for create:sliding_door in minecraft:block_entity_type
[16Jun2026 02:03:26.881] [modloading-worker-0/INFO] [Railways/MultiRegistryCallback/]: Registering callback for railways:maroon_folding_locometal_door in minecraft:block
[16Jun2026 02:03:26.881] [modloading-worker-0/INFO] [Railways/MultiRegistryCallback/]: Registering callback for create:flywheel in minecraft:block_entity_type
[16Jun2026 02:03:26.883] [modloading-worker-0/INFO] [Railways/MultiRegistryCallback/]: Registering callback for railways:red_locometal_flywheel in minecraft:block
[16Jun2026 02:03:26.883] [modloading-worker-0/INFO] [Railways/MultiRegistryCallback/]: Registering callback for create:sliding_door in minecraft:block_entity_type
[16Jun2026 02:03:26.884] [modloading-worker-0/INFO] [Railways/MultiRegistryCallback/]: Registering callback for railways:red_sliding_locometal_door in minecraft:block
[16Jun2026 02:03:26.884] [modloading-worker-0/INFO] [Railways/MultiRegistryCallback/]: Registering callback for create:sliding_door in minecraft:block_entity_type
[16Jun2026 02:03:26.884] [modloading-worker-0/INFO] [Railways/MultiRegistryCallback/]: Registering callback for railways:red_folding_locometal_door in minecraft:block
[16Jun2026 02:03:26.884] [modloading-worker-0/INFO] [Railways/MultiRegistryCallback/]: Registering callback for create:flywheel in minecraft:block_entity_type
[16Jun2026 02:03:26.884] [modloading-worker-0/INFO] [Railways/MultiRegistryCallback/]: Registering callback for railways:vermilion_locometal_flywheel in minecraft:block
[16Jun2026 02:03:26.884] [modloading-worker-0/INFO] [Railways/MultiRegistryCallback/]: Registering callback for create:sliding_door in minecraft:block_entity_type
[16Jun2026 02:03:26.884] [modloading-worker-0/INFO] [Railways/MultiRegistryCallback/]: Registering callback for railways:vermilion_sliding_locometal_door in minecraft:block
[16Jun2026 02:03:26.884] [modloading-worker-0/INFO] [Railways/MultiRegistryCallback/]: Registering callback for create:sliding_door in minecraft:block_entity_type
[16Jun2026 02:03:26.884] [modloading-worker-0/INFO] [Railways/MultiRegistryCallback/]: Registering callback for railways:vermilion_folding_locometal_door in minecraft:block
[16Jun2026 02:03:26.884] [modloading-worker-0/INFO] [Railways/MultiRegistryCallback/]: Registering callback for create:flywheel in minecraft:block_entity_type
[16Jun2026 02:03:26.884] [modloading-worker-0/INFO] [Railways/MultiRegistryCallback/]: Registering callback for railways:orange_locometal_flywheel in minecraft:block
[16Jun2026 02:03:26.884] [modloading-worker-0/INFO] [Railways/MultiRegistryCallback/]: Registering callback for create:sliding_door in minecraft:block_entity_type
[16Jun2026 02:03:26.884] [modloading-worker-0/INFO] [Railways/MultiRegistryCallback/]: Registering callback for railways:orange_sliding_locometal_door in minecraft:block
[16Jun2026 02:03:26.884] [modloading-worker-0/INFO] [Railways/MultiRegistryCallback/]: Registering callback for create:sliding_door in minecraft:block_entity_type
[16Jun2026 02:03:26.884] [modloading-worker-0/INFO] [Railways/MultiRegistryCallback/]: Registering callback for railways:orange_folding_locometal_door in minecraft:block
[16Jun2026 02:03:26.885] [modloading-worker-0/INFO] [Railways/MultiRegistryCallback/]: Registering callback for create:flywheel in minecraft:block_entity_type
[16Jun2026 02:03:26.885] [modloading-worker-0/INFO] [Railways/MultiRegistryCallback/]: Registering callback for railways:granite_locometal_flywheel in minecraft:block
[16Jun2026 02:03:26.885] [modloading-worker-0/INFO] [Railways/MultiRegistryCallback/]: Registering callback for create:sliding_door in minecraft:block_entity_type
[16Jun2026 02:03:26.885] [modloading-worker-0/INFO] [Railways/MultiRegistryCallback/]: Registering callback for railways:granite_sliding_locometal_door in minecraft:block
[16Jun2026 02:03:26.885] [modloading-worker-0/INFO] [Railways/MultiRegistryCallback/]: Registering callback for create:sliding_door in minecraft:block_entity_type
[16Jun2026 02:03:26.885] [modloading-worker-0/INFO] [Railways/MultiRegistryCallback/]: Registering callback for railways:granite_folding_locometal_door in minecraft:block
[16Jun2026 02:03:26.885] [modloading-worker-0/INFO] [Railways/MultiRegistryCallback/]: Registering callback for create:flywheel in minecraft:block_entity_type
[16Jun2026 02:03:26.885] [modloading-worker-0/INFO] [Railways/MultiRegistryCallback/]: Registering callback for railways:dripstone_locometal_flywheel in minecraft:block
[16Jun2026 02:03:26.885] [modloading-worker-0/INFO] [Railways/MultiRegistryCallback/]: Registering callback for create:sliding_door in minecraft:block_entity_type
[16Jun2026 02:03:26.885] [modloading-worker-0/INFO] [Railways/MultiRegistryCallback/]: Registering callback for railways:dripstone_sliding_locometal_door in minecraft:block
[16Jun2026 02:03:26.885] [modloading-worker-0/INFO] [Railways/MultiRegistryCallback/]: Registering callback for create:sliding_door in minecraft:block_entity_type
[16Jun2026 02:03:26.885] [modloading-worker-0/INFO] [Railways/MultiRegistryCallback/]: Registering callback for railways:dripstone_folding_locometal_door in minecraft:block
[16Jun2026 02:03:26.885] [modloading-worker-0/INFO] [Railways/MultiRegistryCallback/]: Registering callback for create:flywheel in minecraft:block_entity_type
[16Jun2026 02:03:26.885] [modloading-worker-0/INFO] [Railways/MultiRegistryCallback/]: Registering callback for railways:ochrum_locometal_flywheel in minecraft:block
[16Jun2026 02:03:26.885] [modloading-worker-0/INFO] [Railways/MultiRegistryCallback/]: Registering callback for create:sliding_door in minecraft:block_entity_type
[16Jun2026 02:03:26.886] [modloading-worker-0/INFO] [Railways/MultiRegistryCallback/]: Registering callback for railways:ochrum_sliding_locometal_door in minecraft:block
[16Jun2026 02:03:26.886] [modloading-worker-0/INFO] [Railways/MultiRegistryCallback/]: Registering callback for create:sliding_door in minecraft:block_entity_type
[16Jun2026 02:03:26.886] [modloading-worker-0/INFO] [Railways/MultiRegistryCallback/]: Registering callback for railways:ochrum_folding_locometal_door in minecraft:block
[16Jun2026 02:03:26.886] [modloading-worker-0/INFO] [Railways/MultiRegistryCallback/]: Registering callback for create:flywheel in minecraft:block_entity_type
[16Jun2026 02:03:26.886] [modloading-worker-0/INFO] [Railways/MultiRegistryCallback/]: Registering callback for railways:yellow_locometal_flywheel in minecraft:block
[16Jun2026 02:03:26.886] [modloading-worker-0/INFO] [Railways/MultiRegistryCallback/]: Registering callback for create:sliding_door in minecraft:block_entity_type
[16Jun2026 02:03:26.886] [modloading-worker-0/INFO] [Railways/MultiRegistryCallback/]: Registering callback for railways:yellow_sliding_locometal_door in minecraft:block
[16Jun2026 02:03:26.886] [modloading-worker-0/INFO] [Railways/MultiRegistryCallback/]: Registering callback for create:sliding_door in minecraft:block_entity_type
[16Jun2026 02:03:26.886] [modloading-worker-0/INFO] [Railways/MultiRegistryCallback/]: Registering callback for railways:yellow_folding_locometal_door in minecraft:block
[16Jun2026 02:03:26.886] [modloading-worker-0/INFO] [Railways/MultiRegistryCallback/]: Registering callback for create:flywheel in minecraft:block_entity_type
[16Jun2026 02:03:26.886] [modloading-worker-0/INFO] [Railways/MultiRegistryCallback/]: Registering callback for railways:chartreuse_locometal_flywheel in minecraft:block
[16Jun2026 02:03:26.886] [modloading-worker-0/INFO] [Railways/MultiRegistryCallback/]: Registering callback for create:sliding_door in minecraft:block_entity_type
[16Jun2026 02:03:26.886] [modloading-worker-0/INFO] [Railways/MultiRegistryCallback/]: Registering callback for railways:chartreuse_sliding_locometal_door in minecraft:block
[16Jun2026 02:03:26.889] [modloading-worker-0/INFO] [Railways/MultiRegistryCallback/]: Registering callback for create:sliding_door in minecraft:block_entity_type
[16Jun2026 02:03:26.889] [modloading-worker-0/INFO] [Railways/MultiRegistryCallback/]: Registering callback for railways:chartreuse_folding_locometal_door in minecraft:block
[16Jun2026 02:03:26.890] [modloading-worker-0/INFO] [Railways/MultiRegistryCallback/]: Registering callback for create:flywheel in minecraft:block_entity_type
[16Jun2026 02:03:26.890] [modloading-worker-0/INFO] [Railways/MultiRegistryCallback/]: Registering callback for railways:olive_green_locometal_flywheel in minecraft:block
[16Jun2026 02:03:26.890] [modloading-worker-0/INFO] [Railways/MultiRegistryCallback/]: Registering callback for create:sliding_door in minecraft:block_entity_type
[16Jun2026 02:03:26.890] [modloading-worker-0/INFO] [Railways/MultiRegistryCallback/]: Registering callback for railways:olive_green_sliding_locometal_door in minecraft:block
[16Jun2026 02:03:26.890] [modloading-worker-0/INFO] [Railways/MultiRegistryCallback/]: Registering callback for create:sliding_door in minecraft:block_entity_type
[16Jun2026 02:03:26.890] [modloading-worker-0/INFO] [Railways/MultiRegistryCallback/]: Registering callback for railways:olive_green_folding_locometal_door in minecraft:block
[16Jun2026 02:03:26.890] [modloading-worker-0/INFO] [Railways/MultiRegistryCallback/]: Registering callback for create:flywheel in minecraft:block_entity_type
[16Jun2026 02:03:26.890] [modloading-worker-0/INFO] [Railways/MultiRegistryCallback/]: Registering callback for railways:lime_locometal_flywheel in minecraft:block
[16Jun2026 02:03:26.890] [modloading-worker-0/INFO] [Railways/MultiRegistryCallback/]: Registering callback for create:sliding_door in minecraft:block_entity_type
[16Jun2026 02:03:26.890] [modloading-worker-0/INFO] [Railways/MultiRegistryCallback/]: Registering callback for railways:lime_sliding_locometal_door in minecraft:block
[16Jun2026 02:03:26.890] [modloading-worker-0/INFO] [Railways/MultiRegistryCallback/]: Registering callback for create:sliding_door in minecraft:block_entity_type
[16Jun2026 02:03:26.890] [modloading-worker-0/INFO] [Railways/MultiRegistryCallback/]: Registering callback for railways:lime_folding_locometal_door in minecraft:block
[16Jun2026 02:03:26.890] [modloading-worker-0/INFO] [Railways/MultiRegistryCallback/]: Registering callback for create:flywheel in minecraft:block_entity_type
[16Jun2026 02:03:26.890] [modloading-worker-0/INFO] [Railways/MultiRegistryCallback/]: Registering callback for railways:green_locometal_flywheel in minecraft:block
[16Jun2026 02:03:26.890] [modloading-worker-0/INFO] [Railways/MultiRegistryCallback/]: Registering callback for create:sliding_door in minecraft:block_entity_type
[16Jun2026 02:03:26.890] [modloading-worker-0/INFO] [Railways/MultiRegistryCallback/]: Registering callback for railways:green_sliding_locometal_door in minecraft:block
[16Jun2026 02:03:26.890] [modloading-worker-0/INFO] [Railways/MultiRegistryCallback/]: Registering callback for create:sliding_door in minecraft:block_entity_type
[16Jun2026 02:03:26.890] [modloading-worker-0/INFO] [Railways/MultiRegistryCallback/]: Registering callback for railways:green_folding_locometal_door in minecraft:block
[16Jun2026 02:03:26.891] [modloading-worker-0/INFO] [Railways/MultiRegistryCallback/]: Registering callback for create:flywheel in minecraft:block_entity_type
[16Jun2026 02:03:26.891] [modloading-worker-0/INFO] [Railways/MultiRegistryCallback/]: Registering callback for railways:pine_green_locometal_flywheel in minecraft:block
[16Jun2026 02:03:26.891] [modloading-worker-0/INFO] [Railways/MultiRegistryCallback/]: Registering callback for create:sliding_door in minecraft:block_entity_type
[16Jun2026 02:03:26.891] [modloading-worker-0/INFO] [Railways/MultiRegistryCallback/]: Registering callback for railways:pine_green_sliding_locometal_door in minecraft:block
[16Jun2026 02:03:26.891] [modloading-worker-0/INFO] [Railways/MultiRegistryCallback/]: Registering callback for create:sliding_door in minecraft:block_entity_type
[16Jun2026 02:03:26.891] [modloading-worker-0/INFO] [Railways/MultiRegistryCallback/]: Registering callback for railways:pine_green_folding_locometal_door in minecraft:block
[16Jun2026 02:03:26.891] [modloading-worker-0/INFO] [Railways/MultiRegistryCallback/]: Registering callback for create:flywheel in minecraft:block_entity_type
[16Jun2026 02:03:26.891] [modloading-worker-0/INFO] [Railways/MultiRegistryCallback/]: Registering callback for railways:cyan_locometal_flywheel in minecraft:block
[16Jun2026 02:03:26.891] [modloading-worker-0/INFO] [Railways/MultiRegistryCallback/]: Registering callback for create:sliding_door in minecraft:block_entity_type
[16Jun2026 02:03:26.891] [modloading-worker-0/INFO] [Railways/MultiRegistryCallback/]: Registering callback for railways:cyan_sliding_locometal_door in minecraft:block
[16Jun2026 02:03:26.891] [modloading-worker-0/INFO] [Railways/MultiRegistryCallback/]: Registering callback for create:sliding_door in minecraft:block_entity_type
[16Jun2026 02:03:26.891] [modloading-worker-0/INFO] [Railways/MultiRegistryCallback/]: Registering callback for railways:cyan_folding_locometal_door in minecraft:block
[16Jun2026 02:03:26.891] [modloading-worker-0/INFO] [Railways/MultiRegistryCallback/]: Registering callback for create:flywheel in minecraft:block_entity_type
[16Jun2026 02:03:26.891] [modloading-worker-0/INFO] [Railways/MultiRegistryCallback/]: Registering callback for railways:sea_green_locometal_flywheel in minecraft:block
[16Jun2026 02:03:26.891] [modloading-worker-0/INFO] [Railways/MultiRegistryCallback/]: Registering callback for create:sliding_door in minecraft:block_entity_type
[16Jun2026 02:03:26.891] [modloading-worker-0/INFO] [Railways/MultiRegistryCallback/]: Registering callback for railways:sea_green_sliding_locometal_door in minecraft:block
[16Jun2026 02:03:26.891] [modloading-worker-0/INFO] [Railways/MultiRegistryCallback/]: Registering callback for create:sliding_door in minecraft:block_entity_type
[16Jun2026 02:03:26.891] [modloading-worker-0/INFO] [Railways/MultiRegistryCallback/]: Registering callback for railways:sea_green_folding_locometal_door in minecraft:block
[16Jun2026 02:03:26.892] [modloading-worker-0/INFO] [Railways/MultiRegistryCallback/]: Registering callback for create:flywheel in minecraft:block_entity_type
[16Jun2026 02:03:26.892] [modloading-worker-0/INFO] [Railways/MultiRegistryCallback/]: Registering callback for railways:turquoise_locometal_flywheel in minecraft:block
[16Jun2026 02:03:26.892] [modloading-worker-0/INFO] [Railways/MultiRegistryCallback/]: Registering callback for create:sliding_door in minecraft:block_entity_type
[16Jun2026 02:03:26.892] [modloading-worker-0/INFO] [Railways/MultiRegistryCallback/]: Registering callback for railways:turquoise_sliding_locometal_door in minecraft:block
[16Jun2026 02:03:26.892] [modloading-worker-0/INFO] [Railways/MultiRegistryCallback/]: Registering callback for create:sliding_door in minecraft:block_entity_type
[16Jun2026 02:03:26.892] [modloading-worker-0/INFO] [Railways/MultiRegistryCallback/]: Registering callback for railways:turquoise_folding_locometal_door in minecraft:block
[16Jun2026 02:03:26.892] [modloading-worker-0/INFO] [Railways/MultiRegistryCallback/]: Registering callback for create:flywheel in minecraft:block_entity_type
[16Jun2026 02:03:26.892] [modloading-worker-0/INFO] [Railways/MultiRegistryCallback/]: Registering callback for railways:light_blue_locometal_flywheel in minecraft:block
[16Jun2026 02:03:26.892] [modloading-worker-0/INFO] [Railways/MultiRegistryCallback/]: Registering callback for create:sliding_door in minecraft:block_entity_type
[16Jun2026 02:03:26.892] [modloading-worker-0/INFO] [Railways/MultiRegistryCallback/]: Registering callback for railways:light_blue_sliding_locometal_door in minecraft:block
[16Jun2026 02:03:26.892] [modloading-worker-0/INFO] [Railways/MultiRegistryCallback/]: Registering callback for create:sliding_door in minecraft:block_entity_type
[16Jun2026 02:03:26.892] [modloading-worker-0/INFO] [Railways/MultiRegistryCallback/]: Registering callback for railways:light_blue_folding_locometal_door in minecraft:block
[16Jun2026 02:03:26.895] [modloading-worker-0/INFO] [Railways/MultiRegistryCallback/]: Registering callback for create:flywheel in minecraft:block_entity_type
[16Jun2026 02:03:26.895] [modloading-worker-0/INFO] [Railways/MultiRegistryCallback/]: Registering callback for railways:blue_locometal_flywheel in minecraft:block
[16Jun2026 02:03:26.895] [modloading-worker-0/INFO] [Railways/MultiRegistryCallback/]: Registering callback for create:sliding_door in minecraft:block_entity_type
[16Jun2026 02:03:26.896] [modloading-worker-0/INFO] [Railways/MultiRegistryCallback/]: Registering callback for railways:blue_sliding_locometal_door in minecraft:block
[16Jun2026 02:03:26.896] [modloading-worker-0/INFO] [Railways/MultiRegistryCallback/]: Registering callback for create:sliding_door in minecraft:block_entity_type
[16Jun2026 02:03:26.896] [modloading-worker-0/INFO] [Railways/MultiRegistryCallback/]: Registering callback for railways:blue_folding_locometal_door in minecraft:block
[16Jun2026 02:03:26.896] [modloading-worker-0/INFO] [Railways/MultiRegistryCallback/]: Registering callback for create:flywheel in minecraft:block_entity_type
[16Jun2026 02:03:26.896] [modloading-worker-0/INFO] [Railways/MultiRegistryCallback/]: Registering callback for railways:royal_blue_locometal_flywheel in minecraft:block
[16Jun2026 02:03:26.896] [modloading-worker-0/INFO] [Railways/MultiRegistryCallback/]: Registering callback for create:sliding_door in minecraft:block_entity_type
[16Jun2026 02:03:26.896] [modloading-worker-0/INFO] [Railways/MultiRegistryCallback/]: Registering callback for railways:royal_blue_sliding_locometal_door in minecraft:block
[16Jun2026 02:03:26.896] [modloading-worker-0/INFO] [Railways/MultiRegistryCallback/]: Registering callback for create:sliding_door in minecraft:block_entity_type
[16Jun2026 02:03:26.896] [modloading-worker-0/INFO] [Railways/MultiRegistryCallback/]: Registering callback for railways:royal_blue_folding_locometal_door in minecraft:block
[16Jun2026 02:03:26.896] [modloading-worker-0/INFO] [Railways/MultiRegistryCallback/]: Registering callback for create:flywheel in minecraft:block_entity_type
[16Jun2026 02:03:26.896] [modloading-worker-0/INFO] [Railways/MultiRegistryCallback/]: Registering callback for railways:purple_locometal_flywheel in minecraft:block
[16Jun2026 02:03:26.896] [modloading-worker-0/INFO] [Railways/MultiRegistryCallback/]: Registering callback for create:sliding_door in minecraft:block_entity_type
[16Jun2026 02:03:26.896] [modloading-worker-0/INFO] [Railways/MultiRegistryCallback/]: Registering callback for railways:purple_sliding_locometal_door in minecraft:block
[16Jun2026 02:03:26.896] [modloading-worker-0/INFO] [Railways/MultiRegistryCallback/]: Registering callback for create:sliding_door in minecraft:block_entity_type
[16Jun2026 02:03:26.896] [modloading-worker-0/INFO] [Railways/MultiRegistryCallback/]: Registering callback for railways:purple_folding_locometal_door in minecraft:block
[16Jun2026 02:03:26.896] [modloading-worker-0/INFO] [Railways/MultiRegistryCallback/]: Registering callback for create:flywheel in minecraft:block_entity_type
[16Jun2026 02:03:26.896] [modloading-worker-0/INFO] [Railways/MultiRegistryCallback/]: Registering callback for railways:magenta_locometal_flywheel in minecraft:block
[16Jun2026 02:03:26.897] [modloading-worker-0/INFO] [Railways/MultiRegistryCallback/]: Registering callback for create:sliding_door in minecraft:block_entity_type
[16Jun2026 02:03:26.897] [modloading-worker-0/INFO] [Railways/MultiRegistryCallback/]: Registering callback for railways:magenta_sliding_locometal_door in minecraft:block
[16Jun2026 02:03:26.897] [modloading-worker-0/INFO] [Railways/MultiRegistryCallback/]: Registering callback for create:sliding_door in minecraft:block_entity_type
[16Jun2026 02:03:26.897] [modloading-worker-0/INFO] [Railways/MultiRegistryCallback/]: Registering callback for railways:magenta_folding_locometal_door in minecraft:block
[16Jun2026 02:03:26.897] [modloading-worker-0/INFO] [Railways/MultiRegistryCallback/]: Registering callback for create:flywheel in minecraft:block_entity_type
[16Jun2026 02:03:26.897] [modloading-worker-0/INFO] [Railways/MultiRegistryCallback/]: Registering callback for railways:pink_locometal_flywheel in minecraft:block
[16Jun2026 02:03:26.897] [modloading-worker-0/INFO] [Railways/MultiRegistryCallback/]: Registering callback for create:sliding_door in minecraft:block_entity_type
[16Jun2026 02:03:26.897] [modloading-worker-0/INFO] [Railways/MultiRegistryCallback/]: Registering callback for railways:pink_sliding_locometal_door in minecraft:block
[16Jun2026 02:03:26.897] [modloading-worker-0/INFO] [Railways/MultiRegistryCallback/]: Registering callback for create:sliding_door in minecraft:block_entity_type
[16Jun2026 02:03:26.897] [modloading-worker-0/INFO] [Railways/MultiRegistryCallback/]: Registering callback for railways:pink_folding_locometal_door in minecraft:block
[16Jun2026 02:03:26.897] [modloading-worker-0/INFO] [Railways/MultiRegistryCallback/]: Registering callback for create:flywheel in minecraft:block_entity_type
[16Jun2026 02:03:26.897] [modloading-worker-0/INFO] [Railways/MultiRegistryCallback/]: Registering callback for railways:white_locometal_flywheel in minecraft:block
[16Jun2026 02:03:26.897] [modloading-worker-0/INFO] [Railways/MultiRegistryCallback/]: Registering callback for create:sliding_door in minecraft:block_entity_type
[16Jun2026 02:03:26.897] [modloading-worker-0/INFO] [Railways/MultiRegistryCallback/]: Registering callback for railways:white_sliding_locometal_door in minecraft:block
[16Jun2026 02:03:26.897] [modloading-worker-0/INFO] [Railways/MultiRegistryCallback/]: Registering callback for create:sliding_door in minecraft:block_entity_type
[16Jun2026 02:03:26.897] [modloading-worker-0/INFO] [Railways/MultiRegistryCallback/]: Registering callback for railways:white_folding_locometal_door in minecraft:block
[16Jun2026 02:03:26.897] [modloading-worker-0/INFO] [Railways/MultiRegistryCallback/]: Registering callback for create:flywheel in minecraft:block_entity_type
[16Jun2026 02:03:26.897] [modloading-worker-0/INFO] [Railways/MultiRegistryCallback/]: Registering callback for railways:diorite_locometal_flywheel in minecraft:block
[16Jun2026 02:03:26.898] [modloading-worker-0/INFO] [Railways/MultiRegistryCallback/]: Registering callback for create:sliding_door in minecraft:block_entity_type
[16Jun2026 02:03:26.898] [modloading-worker-0/INFO] [Railways/MultiRegistryCallback/]: Registering callback for railways:diorite_sliding_locometal_door in minecraft:block
[16Jun2026 02:03:26.898] [modloading-worker-0/INFO] [Railways/MultiRegistryCallback/]: Registering callback for create:sliding_door in minecraft:block_entity_type
[16Jun2026 02:03:26.898] [modloading-worker-0/INFO] [Railways/MultiRegistryCallback/]: Registering callback for railways:diorite_folding_locometal_door in minecraft:block
[16Jun2026 02:03:26.898] [modloading-worker-0/INFO] [Railways/MultiRegistryCallback/]: Registering callback for create:flywheel in minecraft:block_entity_type
[16Jun2026 02:03:26.898] [modloading-worker-0/INFO] [Railways/MultiRegistryCallback/]: Registering callback for railways:limestone_locometal_flywheel in minecraft:block
[16Jun2026 02:03:26.898] [modloading-worker-0/INFO] [Railways/MultiRegistryCallback/]: Registering callback for create:sliding_door in minecraft:block_entity_type
[16Jun2026 02:03:26.898] [modloading-worker-0/INFO] [Railways/MultiRegistryCallback/]: Registering callback for railways:limestone_sliding_locometal_door in minecraft:block
[16Jun2026 02:03:26.898] [modloading-worker-0/INFO] [Railways/MultiRegistryCallback/]: Registering callback for create:sliding_door in minecraft:block_entity_type
[16Jun2026 02:03:26.898] [modloading-worker-0/INFO] [Railways/MultiRegistryCallback/]: Registering callback for railways:limestone_folding_locometal_door in minecraft:block
[16Jun2026 02:03:26.898] [modloading-worker-0/INFO] [Railways/MultiRegistryCallback/]: Registering callback for create:flywheel in minecraft:block_entity_type
[16Jun2026 02:03:26.898] [modloading-worker-0/INFO] [Railways/MultiRegistryCallback/]: Registering callback for railways:light_gray_locometal_flywheel in minecraft:block
[16Jun2026 02:03:26.898] [modloading-worker-0/INFO] [Railways/MultiRegistryCallback/]: Registering callback for create:sliding_door in minecraft:block_entity_type
[16Jun2026 02:03:26.898] [modloading-worker-0/INFO] [Railways/MultiRegistryCallback/]: Registering callback for railways:light_gray_sliding_locometal_door in minecraft:block
[16Jun2026 02:03:26.898] [modloading-worker-0/INFO] [Railways/MultiRegistryCallback/]: Registering callback for create:sliding_door in minecraft:block_entity_type
[16Jun2026 02:03:26.898] [modloading-worker-0/INFO] [Railways/MultiRegistryCallback/]: Registering callback for railways:light_gray_folding_locometal_door in minecraft:block
[16Jun2026 02:03:26.898] [modloading-worker-0/INFO] [Railways/MultiRegistryCallback/]: Registering callback for create:flywheel in minecraft:block_entity_type
[16Jun2026 02:03:26.901] [modloading-worker-0/INFO] [Railways/MultiRegistryCallback/]: Registering callback for railways:tuff_locometal_flywheel in minecraft:block
[16Jun2026 02:03:26.901] [modloading-worker-0/INFO] [Railways/MultiRegistryCallback/]: Registering callback for create:sliding_door in minecraft:block_entity_type
[16Jun2026 02:03:26.902] [modloading-worker-0/INFO] [Railways/MultiRegistryCallback/]: Registering callback for railways:tuff_sliding_locometal_door in minecraft:block
[16Jun2026 02:03:26.902] [modloading-worker-0/INFO] [Railways/MultiRegistryCallback/]: Registering callback for create:sliding_door in minecraft:block_entity_type
[16Jun2026 02:03:26.902] [modloading-worker-0/INFO] [Railways/MultiRegistryCallback/]: Registering callback for railways:tuff_folding_locometal_door in minecraft:block
[16Jun2026 02:03:26.902] [modloading-worker-0/INFO] [Railways/MultiRegistryCallback/]: Registering callback for create:flywheel in minecraft:block_entity_type
[16Jun2026 02:03:26.902] [modloading-worker-0/INFO] [Railways/MultiRegistryCallback/]: Registering callback for railways:gray_locometal_flywheel in minecraft:block
[16Jun2026 02:03:26.902] [modloading-worker-0/INFO] [Railways/MultiRegistryCallback/]: Registering callback for create:sliding_door in minecraft:block_entity_type
[16Jun2026 02:03:26.902] [modloading-worker-0/INFO] [Railways/MultiRegistryCallback/]: Registering callback for railways:gray_sliding_locometal_door in minecraft:block
[16Jun2026 02:03:26.902] [modloading-worker-0/INFO] [Railways/MultiRegistryCallback/]: Registering callback for create:sliding_door in minecraft:block_entity_type
[16Jun2026 02:03:26.902] [modloading-worker-0/INFO] [Railways/MultiRegistryCallback/]: Registering callback for railways:gray_folding_locometal_door in minecraft:block
[16Jun2026 02:03:26.902] [modloading-worker-0/INFO] [Railways/MultiRegistryCallback/]: Registering callback for create:flywheel in minecraft:block_entity_type
[16Jun2026 02:03:26.902] [modloading-worker-0/INFO] [Railways/MultiRegistryCallback/]: Registering callback for railways:scorchia_locometal_flywheel in minecraft:block
[16Jun2026 02:03:26.902] [modloading-worker-0/INFO] [Railways/MultiRegistryCallback/]: Registering callback for create:sliding_door in minecraft:block_entity_type
[16Jun2026 02:03:26.902] [modloading-worker-0/INFO] [Railways/MultiRegistryCallback/]: Registering callback for railways:scorchia_sliding_locometal_door in minecraft:block
[16Jun2026 02:03:26.902] [modloading-worker-0/INFO] [Railways/MultiRegistryCallback/]: Registering callback for create:sliding_door in minecraft:block_entity_type
[16Jun2026 02:03:26.902] [modloading-worker-0/INFO] [Railways/MultiRegistryCallback/]: Registering callback for railways:scorchia_folding_locometal_door in minecraft:block
[16Jun2026 02:03:26.902] [modloading-worker-0/INFO] [Railways/MultiRegistryCallback/]: Registering callback for create:flywheel in minecraft:block_entity_type
[16Jun2026 02:03:26.902] [modloading-worker-0/INFO] [Railways/MultiRegistryCallback/]: Registering callback for railways:black_locometal_flywheel in minecraft:block
[16Jun2026 02:03:26.902] [modloading-worker-0/INFO] [Railways/MultiRegistryCallback/]: Registering callback for create:sliding_door in minecraft:block_entity_type
[16Jun2026 02:03:26.903] [modloading-worker-0/INFO] [Railways/MultiRegistryCallback/]: Registering callback for railways:black_sliding_locometal_door in minecraft:block
[16Jun2026 02:03:26.903] [modloading-worker-0/INFO] [Railways/MultiRegistryCallback/]: Registering callback for create:sliding_door in minecraft:block_entity_type
[16Jun2026 02:03:26.903] [modloading-worker-0/INFO] [Railways/MultiRegistryCallback/]: Registering callback for railways:black_folding_locometal_door in minecraft:block
[16Jun2026 02:03:26.919] [modloading-worker-0/INFO] [Railways/]: Registering tracks for Hex Casting
[16Jun2026 02:03:26.920] [modloading-worker-0/INFO] [Railways/]: Registering tracks for Oh The Biomes You'll Go
[16Jun2026 02:03:26.920] [modloading-worker-0/INFO] [Railways/]: Registering tracks for Blue Skies
[16Jun2026 02:03:26.921] [modloading-worker-0/INFO] [Railways/]: Registering tracks for Twilight Forest
[16Jun2026 02:03:26.922] [modloading-worker-0/INFO] [Railways/]: Registering tracks for Biomes O' Plenty
[16Jun2026 02:03:26.922] [modloading-worker-0/INFO] [Railways/]: Registering tracks for Nature's Spirit
[16Jun2026 02:03:26.923] [modloading-worker-0/INFO] [Railways/]: Registering tracks for Dreams and Desires
[16Jun2026 02:03:26.926] [modloading-worker-0/INFO] [Railways/]: Registering tracks for Quark
[16Jun2026 02:03:26.927] [modloading-worker-0/INFO] [Railways/]: Registering tracks for TerraFirmaCraft
[16Jun2026 02:03:29.927] [main/WARN] [dev.architectury.registry.registries.forge.RegistrarManagerImpl/]: Registry entry listened Registry Entry [minecraft:entity_type / zombies_plus:crossbow_zombie] was not realized!
[16Jun2026 02:03:29.927] [main/WARN] [dev.architectury.registry.registries.forge.RegistrarManagerImpl/]: Registry entry listened Registry Entry [minecraft:entity_type / zombies_plus:brute_zombie] was not realized!
[16Jun2026 02:03:29.927] [main/WARN] [dev.architectury.registry.registries.forge.RegistrarManagerImpl/]: Registry entry listened Registry Entry [minecraft:entity_type / zombies_plus:runner_zombie] was not realized!
[16Jun2026 02:03:29.927] [main/WARN] [dev.architectury.registry.registries.forge.RegistrarManagerImpl/]: Registry entry listened Registry Entry [minecraft:entity_type / zombies_plus:slow_zombie] was not realized!
[16Jun2026 02:03:29.927] [main/WARN] [dev.architectury.registry.registries.forge.RegistrarManagerImpl/]: Registry entry listened Registry Entry [minecraft:entity_type / zombies_plus:weak_zombie] was not realized!
[16Jun2026 02:03:29.927] [main/WARN] [dev.architectury.registry.registries.forge.RegistrarManagerImpl/]: Registry entry listened Registry Entry [minecraft:entity_type / bloomingnature:wandering_gardener] was not realized!
[16Jun2026 02:03:29.927] [main/WARN] [dev.architectury.registry.registries.forge.RegistrarManagerImpl/]: Registry entry listened Registry Entry [minecraft:entity_type / zombies_plus:vile_zombie] was not realized!
[16Jun2026 02:03:29.927] [main/WARN] [dev.architectury.registry.registries.forge.RegistrarManagerImpl/]: Registry entry listened Registry Entry [minecraft:entity_type / zombies_plus:shrieker_zombie] was not realized!
[16Jun2026 02:03:29.927] [main/WARN] [dev.architectury.registry.registries.forge.RegistrarManagerImpl/]: Registry entry listened Registry Entry [minecraft:entity_type / zombies_plus:cave_zombie] was not realized!
[16Jun2026 02:03:29.927] [main/WARN] [dev.architectury.registry.registries.forge.RegistrarManagerImpl/]: Registry entry listened Registry Entry [minecraft:entity_type / bloomingnature:termite] was not realized!
[16Jun2026 02:03:29.927] [main/WARN] [dev.architectury.registry.registries.forge.RegistrarManagerImpl/]: Registry entry listened Registry Entry [minecraft:entity_type / zombies_plus:leaper_zombie] was not realized!
[16Jun2026 02:03:29.927] [main/WARN] [dev.architectury.registry.registries.forge.RegistrarManagerImpl/]: Registry entry listened Registry Entry [minecraft:entity_type / zombies_plus:axe_zombie] was not realized!
[16Jun2026 02:03:29.927] [main/WARN] [dev.architectury.registry.registries.forge.RegistrarManagerImpl/]: Registry entry listened Registry Entry [minecraft:entity_type / zombies_plus:bow_zombie] was not realized!
[16Jun2026 02:03:29.927] [main/WARN] [dev.architectury.registry.registries.forge.RegistrarManagerImpl/]: Registry entry listened Registry Entry [minecraft:entity_type / zombies_plus:crawler_zombie] was not realized!
[16Jun2026 02:03:29.927] [main/WARN] [dev.architectury.registry.registries.forge.RegistrarManagerImpl/]: Registry entry listened Registry Entry [minecraft:entity_type / zombies_plus:sword_zombie] was not realized!
[16Jun2026 02:03:30.052] [main/INFO] [Moonlight/]: Initialized block sets in 27ms
[16Jun2026 02:03:30.090] [main/WARN] [dev.architectury.registry.registries.forge.RegistrarManagerImpl/]: Registry entry listened Registry Entry [minecraft:entity_type / zombies_plus:crossbow_zombie] was not realized!
[16Jun2026 02:03:30.090] [main/WARN] [dev.architectury.registry.registries.forge.RegistrarManagerImpl/]: Registry entry listened Registry Entry [minecraft:entity_type / zombies_plus:brute_zombie] was not realized!
[16Jun2026 02:03:30.090] [main/WARN] [dev.architectury.registry.registries.forge.RegistrarManagerImpl/]: Registry entry listened Registry Entry [minecraft:entity_type / zombies_plus:runner_zombie] was not realized!
[16Jun2026 02:03:30.091] [main/WARN] [dev.architectury.registry.registries.forge.RegistrarManagerImpl/]: Registry entry listened Registry Entry [minecraft:entity_type / zombies_plus:slow_zombie] was not realized!
[16Jun2026 02:03:30.091] [main/WARN] [dev.architectury.registry.registries.forge.RegistrarManagerImpl/]: Registry entry listened Registry Entry [minecraft:entity_type / zombies_plus:weak_zombie] was not realized!
[16Jun2026 02:03:30.091] [main/WARN] [dev.architectury.registry.registries.forge.RegistrarManagerImpl/]: Registry entry listened Registry Entry [minecraft:entity_type / bloomingnature:wandering_gardener] was not realized!
[16Jun2026 02:03:30.091] [main/WARN] [dev.architectury.registry.registries.forge.RegistrarManagerImpl/]: Registry entry listened Registry Entry [minecraft:entity_type / zombies_plus:vile_zombie] was not realized!
[16Jun2026 02:03:30.091] [main/WARN] [dev.architectury.registry.registries.forge.RegistrarManagerImpl/]: Registry entry listened Registry Entry [minecraft:entity_type / zombies_plus:shrieker_zombie] was not realized!
[16Jun2026 02:03:30.092] [main/WARN] [dev.architectury.registry.registries.forge.RegistrarManagerImpl/]: Registry entry listened Registry Entry [minecraft:entity_type / zombies_plus:cave_zombie] was not realized!
[16Jun2026 02:03:30.092] [main/WARN] [dev.architectury.registry.registries.forge.RegistrarManagerImpl/]: Registry entry listened Registry Entry [minecraft:entity_type / bloomingnature:termite] was not realized!
[16Jun2026 02:03:30.092] [main/WARN] [dev.architectury.registry.registries.forge.RegistrarManagerImpl/]: Registry entry listened Registry Entry [minecraft:entity_type / zombies_plus:leaper_zombie] was not realized!
[16Jun2026 02:03:30.092] [main/WARN] [dev.architectury.registry.registries.forge.RegistrarManagerImpl/]: Registry entry listened Registry Entry [minecraft:entity_type / zombies_plus:axe_zombie] was not realized!
[16Jun2026 02:03:30.093] [main/WARN] [dev.architectury.registry.registries.forge.RegistrarManagerImpl/]: Registry entry listened Registry Entry [minecraft:entity_type / zombies_plus:bow_zombie] was not realized!
[16Jun2026 02:03:30.093] [main/WARN] [dev.architectury.registry.registries.forge.RegistrarManagerImpl/]: Registry entry listened Registry Entry [minecraft:entity_type / zombies_plus:crawler_zombie] was not realized!
[16Jun2026 02:03:30.093] [main/WARN] [dev.architectury.registry.registries.forge.RegistrarManagerImpl/]: Registry entry listened Registry Entry [minecraft:entity_type / zombies_plus:sword_zombie] was not realized!
[16Jun2026 02:03:30.679] [main/WARN] [dev.architectury.registry.registries.forge.RegistrarManagerImpl/]: Registry entry listened Registry Entry [minecraft:entity_type / zombies_plus:crossbow_zombie] was not realized!
[16Jun2026 02:03:30.680] [main/WARN] [dev.architectury.registry.registries.forge.RegistrarManagerImpl/]: Registry entry listened Registry Entry [minecraft:entity_type / zombies_plus:brute_zombie] was not realized!
[16Jun2026 02:03:30.680] [main/WARN] [dev.architectury.registry.registries.forge.RegistrarManagerImpl/]: Registry entry listened Registry Entry [minecraft:entity_type / zombies_plus:runner_zombie] was not realized!
[16Jun2026 02:03:30.680] [main/WARN] [dev.architectury.registry.registries.forge.RegistrarManagerImpl/]: Registry entry listened Registry Entry [minecraft:entity_type / zombies_plus:slow_zombie] was not realized!
[16Jun2026 02:03:30.680] [main/WARN] [dev.architectury.registry.registries.forge.RegistrarManagerImpl/]: Registry entry listened Registry Entry [minecraft:entity_type / zombies_plus:weak_zombie] was not realized!
[16Jun2026 02:03:30.680] [main/WARN] [dev.architectury.registry.registries.forge.RegistrarManagerImpl/]: Registry entry listened Registry Entry [minecraft:entity_type / bloomingnature:wandering_gardener] was not realized!
[16Jun2026 02:03:30.680] [main/WARN] [dev.architectury.registry.registries.forge.RegistrarManagerImpl/]: Registry entry listened Registry Entry [minecraft:entity_type / zombies_plus:vile_zombie] was not realized!
[16Jun2026 02:03:30.680] [main/WARN] [dev.architectury.registry.registries.forge.RegistrarManagerImpl/]: Registry entry listened Registry Entry [minecraft:entity_type / zombies_plus:shrieker_zombie] was not realized!
[16Jun2026 02:03:30.680] [main/WARN] [dev.architectury.registry.registries.forge.RegistrarManagerImpl/]: Registry entry listened Registry Entry [minecraft:entity_type / zombies_plus:cave_zombie] was not realized!
[16Jun2026 02:03:30.680] [main/WARN] [dev.architectury.registry.registries.forge.RegistrarManagerImpl/]: Registry entry listened Registry Entry [minecraft:entity_type / bloomingnature:termite] was not realized!
[16Jun2026 02:03:30.680] [main/WARN] [dev.architectury.registry.registries.forge.RegistrarManagerImpl/]: Registry entry listened Registry Entry [minecraft:entity_type / zombies_plus:leaper_zombie] was not realized!
[16Jun2026 02:03:30.680] [main/WARN] [dev.architectury.registry.registries.forge.RegistrarManagerImpl/]: Registry entry listened Registry Entry [minecraft:entity_type / zombies_plus:axe_zombie] was not realized!
[16Jun2026 02:03:30.680] [main/WARN] [dev.architectury.registry.registries.forge.RegistrarManagerImpl/]: Registry entry listened Registry Entry [minecraft:entity_type / zombies_plus:bow_zombie] was not realized!
[16Jun2026 02:03:30.680] [main/WARN] [dev.architectury.registry.registries.forge.RegistrarManagerImpl/]: Registry entry listened Registry Entry [minecraft:entity_type / zombies_plus:crawler_zombie] was not realized!
[16Jun2026 02:03:30.680] [main/WARN] [dev.architectury.registry.registries.forge.RegistrarManagerImpl/]: Registry entry listened Registry Entry [minecraft:entity_type / zombies_plus:sword_zombie] was not realized!
[16Jun2026 02:03:30.685] [main/WARN] [dev.architectury.registry.registries.forge.RegistrarManagerImpl/]: Registry entry listened Registry Entry [minecraft:entity_type / zombies_plus:crossbow_zombie] was not realized!
[16Jun2026 02:03:30.685] [main/WARN] [dev.architectury.registry.registries.forge.RegistrarManagerImpl/]: Registry entry listened Registry Entry [minecraft:entity_type / zombies_plus:brute_zombie] was not realized!
[16Jun2026 02:03:30.685] [main/WARN] [dev.architectury.registry.registries.forge.RegistrarManagerImpl/]: Registry entry listened Registry Entry [minecraft:entity_type / zombies_plus:runner_zombie] was not realized!
[16Jun2026 02:03:30.685] [main/WARN] [dev.architectury.registry.registries.forge.RegistrarManagerImpl/]: Registry entry listened Registry Entry [minecraft:entity_type / zombies_plus:slow_zombie] was not realized!
[16Jun2026 02:03:30.685] [main/WARN] [dev.architectury.registry.registries.forge.RegistrarManagerImpl/]: Registry entry listened Registry Entry [minecraft:entity_type / zombies_plus:weak_zombie] was not realized!
[16Jun2026 02:03:30.685] [main/WARN] [dev.architectury.registry.registries.forge.RegistrarManagerImpl/]: Registry entry listened Registry Entry [minecraft:entity_type / bloomingnature:wandering_gardener] was not realized!
[16Jun2026 02:03:30.685] [main/WARN] [dev.architectury.registry.registries.forge.RegistrarManagerImpl/]: Registry entry listened Registry Entry [minecraft:entity_type / zombies_plus:vile_zombie] was not realized!
[16Jun2026 02:03:30.685] [main/WARN] [dev.architectury.registry.registries.forge.RegistrarManagerImpl/]: Registry entry listened Registry Entry [minecraft:entity_type / zombies_plus:shrieker_zombie] was not realized!
[16Jun2026 02:03:30.685] [main/WARN] [dev.architectury.registry.registries.forge.RegistrarManagerImpl/]: Registry entry listened Registry Entry [minecraft:entity_type / zombies_plus:cave_zombie] was not realized!
[16Jun2026 02:03:30.685] [main/WARN] [dev.architectury.registry.registries.forge.RegistrarManagerImpl/]: Registry entry listened Registry Entry [minecraft:entity_type / bloomingnature:termite] was not realized!
[16Jun2026 02:03:30.685] [main/WARN] [dev.architectury.registry.registries.forge.RegistrarManagerImpl/]: Registry entry listened Registry Entry [minecraft:entity_type / zombies_plus:leaper_zombie] was not realized!
[16Jun2026 02:03:30.685] [main/WARN] [dev.architectury.registry.registries.forge.RegistrarManagerImpl/]: Registry entry listened Registry Entry [minecraft:entity_type / zombies_plus:axe_zombie] was not realized!
[16Jun2026 02:03:30.685] [main/WARN] [dev.architectury.registry.registries.forge.RegistrarManagerImpl/]: Registry entry listened Registry Entry [minecraft:entity_type / zombies_plus:bow_zombie] was not realized!
[16Jun2026 02:03:30.685] [main/WARN] [dev.architectury.registry.registries.forge.RegistrarManagerImpl/]: Registry entry listened Registry Entry [minecraft:entity_type / zombies_plus:crawler_zombie] was not realized!
[16Jun2026 02:03:30.685] [main/WARN] [dev.architectury.registry.registries.forge.RegistrarManagerImpl/]: Registry entry listened Registry Entry [minecraft:entity_type / zombies_plus:sword_zombie] was not realized!
[16Jun2026 02:03:30.686] [main/WARN] [dev.architectury.registry.registries.forge.RegistrarManagerImpl/]: Registry entry listened Registry Entry [minecraft:entity_type / zombies_plus:crossbow_zombie] was not realized!
[16Jun2026 02:03:30.686] [main/WARN] [dev.architectury.registry.registries.forge.RegistrarManagerImpl/]: Registry entry listened Registry Entry [minecraft:entity_type / zombies_plus:brute_zombie] was not realized!
[16Jun2026 02:03:30.686] [main/WARN] [dev.architectury.registry.registries.forge.RegistrarManagerImpl/]: Registry entry listened Registry Entry [minecraft:entity_type / zombies_plus:runner_zombie] was not realized!
[16Jun2026 02:03:30.686] [main/WARN] [dev.architectury.registry.registries.forge.RegistrarManagerImpl/]: Registry entry listened Registry Entry [minecraft:entity_type / zombies_plus:slow_zombie] was not realized!
[16Jun2026 02:03:30.686] [main/WARN] [dev.architectury.registry.registries.forge.RegistrarManagerImpl/]: Registry entry listened Registry Entry [minecraft:entity_type / zombies_plus:weak_zombie] was not realized!
[16Jun2026 02:03:30.686] [main/WARN] [dev.architectury.registry.registries.forge.RegistrarManagerImpl/]: Registry entry listened Registry Entry [minecraft:entity_type / bloomingnature:wandering_gardener] was not realized!
[16Jun2026 02:03:30.686] [main/WARN] [dev.architectury.registry.registries.forge.RegistrarManagerImpl/]: Registry entry listened Registry Entry [minecraft:entity_type / zombies_plus:vile_zombie] was not realized!
[16Jun2026 02:03:30.686] [main/WARN] [dev.architectury.registry.registries.forge.RegistrarManagerImpl/]: Registry entry listened Registry Entry [minecraft:entity_type / zombies_plus:shrieker_zombie] was not realized!
[16Jun2026 02:03:30.686] [main/WARN] [dev.architectury.registry.registries.forge.RegistrarManagerImpl/]: Registry entry listened Registry Entry [minecraft:entity_type / zombies_plus:cave_zombie] was not realized!
[16Jun2026 02:03:30.686] [main/WARN] [dev.architectury.registry.registries.forge.RegistrarManagerImpl/]: Registry entry listened Registry Entry [minecraft:entity_type / bloomingnature:termite] was not realized!
[16Jun2026 02:03:30.686] [main/WARN] [dev.architectury.registry.registries.forge.RegistrarManagerImpl/]: Registry entry listened Registry Entry [minecraft:entity_type / zombies_plus:leaper_zombie] was not realized!
[16Jun2026 02:03:30.686] [main/WARN] [dev.architectury.registry.registries.forge.RegistrarManagerImpl/]: Registry entry listened Registry Entry [minecraft:entity_type / zombies_plus:axe_zombie] was not realized!
[16Jun2026 02:03:30.686] [main/WARN] [dev.architectury.registry.registries.forge.RegistrarManagerImpl/]: Registry entry listened Registry Entry [minecraft:entity_type / zombies_plus:bow_zombie] was not realized!
[16Jun2026 02:03:30.686] [main/WARN] [dev.architectury.registry.registries.forge.RegistrarManagerImpl/]: Registry entry listened Registry Entry [minecraft:entity_type / zombies_plus:crawler_zombie] was not realized!
[16Jun2026 02:03:30.686] [main/WARN] [dev.architectury.registry.registries.forge.RegistrarManagerImpl/]: Registry entry listened Registry Entry [minecraft:entity_type / zombies_plus:sword_zombie] was not realized!
[16Jun2026 02:03:30.717] [main/WARN] [dev.architectury.registry.registries.forge.RegistrarManagerImpl/]: Registry entry listened Registry Entry [minecraft:entity_type / bloomingnature:wandering_gardener] was not realized!
[16Jun2026 02:03:30.717] [main/WARN] [dev.architectury.registry.registries.forge.RegistrarManagerImpl/]: Registry entry listened Registry Entry [minecraft:entity_type / bloomingnature:termite] was not realized!
[16Jun2026 02:03:30.717] [main/WARN] [dev.architectury.registry.registries.forge.RegistrarManagerImpl/]: Registry entry listened Registry Entry [minecraft:entity_type / bloomingnature:wandering_gardener] was not realized!
[16Jun2026 02:03:30.717] [main/WARN] [dev.architectury.registry.registries.forge.RegistrarManagerImpl/]: Registry entry listened Registry Entry [minecraft:entity_type / bloomingnature:termite] was not realized!
[16Jun2026 02:03:31.001] [main/INFO] [Railways/MultiRegistryCallback/]: Running callback for create:flywheel and railways:locometal_flywheel
[16Jun2026 02:03:31.001] [main/INFO] [Railways/MultiRegistryCallback/]: Running callback for create:flywheel and railways:brown_locometal_flywheel
[16Jun2026 02:03:31.001] [main/INFO] [Railways/MultiRegistryCallback/]: Running callback for create:flywheel and railways:maroon_locometal_flywheel
[16Jun2026 02:03:31.001] [main/INFO] [Railways/MultiRegistryCallback/]: Running callback for create:flywheel and railways:red_locometal_flywheel
[16Jun2026 02:03:31.001] [main/INFO] [Railways/MultiRegistryCallback/]: Running callback for create:flywheel and railways:vermilion_locometal_flywheel
[16Jun2026 02:03:31.001] [main/INFO] [Railways/MultiRegistryCallback/]: Running callback for create:flywheel and railways:orange_locometal_flywheel
[16Jun2026 02:03:31.002] [main/INFO] [Railways/MultiRegistryCallback/]: Running callback for create:flywheel and railways:granite_locometal_flywheel
[16Jun2026 02:03:31.003] [main/INFO] [Railways/MultiRegistryCallback/]: Running callback for create:flywheel and railways:dripstone_locometal_flywheel
[16Jun2026 02:03:31.003] [main/INFO] [Railways/MultiRegistryCallback/]: Running callback for create:flywheel and railways:ochrum_locometal_flywheel
[16Jun2026 02:03:31.003] [main/INFO] [Railways/MultiRegistryCallback/]: Running callback for create:flywheel and railways:yellow_locometal_flywheel
[16Jun2026 02:03:31.003] [main/INFO] [Railways/MultiRegistryCallback/]: Running callback for create:flywheel and railways:chartreuse_locometal_flywheel
[16Jun2026 02:03:31.003] [main/INFO] [Railways/MultiRegistryCallback/]: Running callback for create:flywheel and railways:olive_green_locometal_flywheel
[16Jun2026 02:03:31.003] [main/INFO] [Railways/MultiRegistryCallback/]: Running callback for create:flywheel and railways:lime_locometal_flywheel
[16Jun2026 02:03:31.003] [main/INFO] [Railways/MultiRegistryCallback/]: Running callback for create:flywheel and railways:green_locometal_flywheel
[16Jun2026 02:03:31.003] [main/INFO] [Railways/MultiRegistryCallback/]: Running callback for create:flywheel and railways:pine_green_locometal_flywheel
[16Jun2026 02:03:31.003] [main/INFO] [Railways/MultiRegistryCallback/]: Running callback for create:flywheel and railways:cyan_locometal_flywheel
[16Jun2026 02:03:31.003] [main/INFO] [Railways/MultiRegistryCallback/]: Running callback for create:flywheel and railways:sea_green_locometal_flywheel
[16Jun2026 02:03:31.004] [main/INFO] [Railways/MultiRegistryCallback/]: Running callback for create:flywheel and railways:turquoise_locometal_flywheel
[16Jun2026 02:03:31.004] [main/INFO] [Railways/MultiRegistryCallback/]: Running callback for create:flywheel and railways:light_blue_locometal_flywheel
[16Jun2026 02:03:31.004] [main/INFO] [Railways/MultiRegistryCallback/]: Running callback for create:flywheel and railways:blue_locometal_flywheel
[16Jun2026 02:03:31.004] [main/INFO] [Railways/MultiRegistryCallback/]: Running callback for create:flywheel and railways:royal_blue_locometal_flywheel
[16Jun2026 02:03:31.004] [main/INFO] [Railways/MultiRegistryCallback/]: Running callback for create:flywheel and railways:purple_locometal_flywheel
[16Jun2026 02:03:31.004] [main/INFO] [Railways/MultiRegistryCallback/]: Running callback for create:flywheel and railways:magenta_locometal_flywheel
[16Jun2026 02:03:31.004] [main/INFO] [Railways/MultiRegistryCallback/]: Running callback for create:flywheel and railways:pink_locometal_flywheel
[16Jun2026 02:03:31.004] [main/INFO] [Railways/MultiRegistryCallback/]: Running callback for create:flywheel and railways:white_locometal_flywheel
[16Jun2026 02:03:31.004] [main/INFO] [Railways/MultiRegistryCallback/]: Running callback for create:flywheel and railways:diorite_locometal_flywheel
[16Jun2026 02:03:31.004] [main/INFO] [Railways/MultiRegistryCallback/]: Running callback for create:flywheel and railways:limestone_locometal_flywheel
[16Jun2026 02:03:31.005] [main/INFO] [Railways/MultiRegistryCallback/]: Running callback for create:flywheel and railways:light_gray_locometal_flywheel
[16Jun2026 02:03:31.005] [main/INFO] [Railways/MultiRegistryCallback/]: Running callback for create:flywheel and railways:tuff_locometal_flywheel
[16Jun2026 02:03:31.005] [main/INFO] [Railways/MultiRegistryCallback/]: Running callback for create:flywheel and railways:gray_locometal_flywheel
[16Jun2026 02:03:31.005] [main/INFO] [Railways/MultiRegistryCallback/]: Running callback for create:flywheel and railways:scorchia_locometal_flywheel
[16Jun2026 02:03:31.005] [main/INFO] [Railways/MultiRegistryCallback/]: Running callback for create:flywheel and railways:black_locometal_flywheel
[16Jun2026 02:03:31.007] [main/INFO] [Railways/MultiRegistryCallback/]: Running callback for create:sliding_door and railways:sliding_locometal_door
[16Jun2026 02:03:31.007] [main/INFO] [Railways/MultiRegistryCallback/]: Running callback for create:sliding_door and railways:folding_locometal_door
[16Jun2026 02:03:31.007] [main/INFO] [Railways/MultiRegistryCallback/]: Running callback for create:sliding_door and railways:brown_sliding_locometal_door
[16Jun2026 02:03:31.007] [main/INFO] [Railways/MultiRegistryCallback/]: Running callback for create:sliding_door and railways:brown_folding_locometal_door
[16Jun2026 02:03:31.007] [main/INFO] [Railways/MultiRegistryCallback/]: Running callback for create:sliding_door and railways:maroon_sliding_locometal_door
[16Jun2026 02:03:31.007] [main/INFO] [Railways/MultiRegistryCallback/]: Running callback for create:sliding_door and railways:maroon_folding_locometal_door
[16Jun2026 02:03:31.007] [main/INFO] [Railways/MultiRegistryCallback/]: Running callback for create:sliding_door and railways:red_sliding_locometal_door
[16Jun2026 02:03:31.007] [main/INFO] [Railways/MultiRegistryCallback/]: Running callback for create:sliding_door and railways:red_folding_locometal_door
[16Jun2026 02:03:31.007] [main/INFO] [Railways/MultiRegistryCallback/]: Running callback for create:sliding_door and railways:vermilion_sliding_locometal_door
[16Jun2026 02:03:31.007] [main/INFO] [Railways/MultiRegistryCallback/]: Running callback for create:sliding_door and railways:vermilion_folding_locometal_door
[16Jun2026 02:03:31.007] [main/INFO] [Railways/MultiRegistryCallback/]: Running callback for create:sliding_door and railways:orange_sliding_locometal_door
[16Jun2026 02:03:31.007] [main/INFO] [Railways/MultiRegistryCallback/]: Running callback for create:sliding_door and railways:orange_folding_locometal_door
[16Jun2026 02:03:31.007] [main/INFO] [Railways/MultiRegistryCallback/]: Running callback for create:sliding_door and railways:granite_sliding_locometal_door
[16Jun2026 02:03:31.007] [main/INFO] [Railways/MultiRegistryCallback/]: Running callback for create:sliding_door and railways:granite_folding_locometal_door
[16Jun2026 02:03:31.007] [main/INFO] [Railways/MultiRegistryCallback/]: Running callback for create:sliding_door and railways:dripstone_sliding_locometal_door
[16Jun2026 02:03:31.007] [main/INFO] [Railways/MultiRegistryCallback/]: Running callback for create:sliding_door and railways:dripstone_folding_locometal_door
[16Jun2026 02:03:31.007] [main/INFO] [Railways/MultiRegistryCallback/]: Running callback for create:sliding_door and railways:ochrum_sliding_locometal_door
[16Jun2026 02:03:31.007] [main/INFO] [Railways/MultiRegistryCallback/]: Running callback for create:sliding_door and railways:ochrum_folding_locometal_door
[16Jun2026 02:03:31.007] [main/INFO] [Railways/MultiRegistryCallback/]: Running callback for create:sliding_door and railways:yellow_sliding_locometal_door
[16Jun2026 02:03:31.007] [main/INFO] [Railways/MultiRegistryCallback/]: Running callback for create:sliding_door and railways:yellow_folding_locometal_door
[16Jun2026 02:03:31.007] [main/INFO] [Railways/MultiRegistryCallback/]: Running callback for create:sliding_door and railways:chartreuse_sliding_locometal_door
[16Jun2026 02:03:31.007] [main/INFO] [Railways/MultiRegistryCallback/]: Running callback for create:sliding_door and railways:chartreuse_folding_locometal_door
[16Jun2026 02:03:31.007] [main/INFO] [Railways/MultiRegistryCallback/]: Running callback for create:sliding_door and railways:olive_green_sliding_locometal_door
[16Jun2026 02:03:31.007] [main/INFO] [Railways/MultiRegistryCallback/]: Running callback for create:sliding_door and railways:olive_green_folding_locometal_door
[16Jun2026 02:03:31.007] [main/INFO] [Railways/MultiRegistryCallback/]: Running callback for create:sliding_door and railways:lime_sliding_locometal_door
[16Jun2026 02:03:31.007] [main/INFO] [Railways/MultiRegistryCallback/]: Running callback for create:sliding_door and railways:lime_folding_locometal_door
[16Jun2026 02:03:31.007] [main/INFO] [Railways/MultiRegistryCallback/]: Running callback for create:sliding_door and railways:green_sliding_locometal_door
[16Jun2026 02:03:31.007] [main/INFO] [Railways/MultiRegistryCallback/]: Running callback for create:sliding_door and railways:green_folding_locometal_door
[16Jun2026 02:03:31.008] [main/INFO] [Railways/MultiRegistryCallback/]: Running callback for create:sliding_door and railways:pine_green_sliding_locometal_door
[16Jun2026 02:03:31.008] [main/INFO] [Railways/MultiRegistryCallback/]: Running callback for create:sliding_door and railways:pine_green_folding_locometal_door
[16Jun2026 02:03:31.008] [main/INFO] [Railways/MultiRegistryCallback/]: Running callback for create:sliding_door and railways:cyan_sliding_locometal_door
[16Jun2026 02:03:31.008] [main/INFO] [Railways/MultiRegistryCallback/]: Running callback for create:sliding_door and railways:cyan_folding_locometal_door
[16Jun2026 02:03:31.008] [main/INFO] [Railways/MultiRegistryCallback/]: Running callback for create:sliding_door and railways:sea_green_sliding_locometal_door
[16Jun2026 02:03:31.008] [main/INFO] [Railways/MultiRegistryCallback/]: Running callback for create:sliding_door and railways:sea_green_folding_locometal_door
[16Jun2026 02:03:31.008] [main/INFO] [Railways/MultiRegistryCallback/]: Running callback for create:sliding_door and railways:turquoise_sliding_locometal_door
[16Jun2026 02:03:31.008] [main/INFO] [Railways/MultiRegistryCallback/]: Running callback for create:sliding_door and railways:turquoise_folding_locometal_door
[16Jun2026 02:03:31.008] [main/INFO] [Railways/MultiRegistryCallback/]: Running callback for create:sliding_door and railways:light_blue_sliding_locometal_door
[16Jun2026 02:03:31.008] [main/INFO] [Railways/MultiRegistryCallback/]: Running callback for create:sliding_door and railways:light_blue_folding_locometal_door
[16Jun2026 02:03:31.008] [main/INFO] [Railways/MultiRegistryCallback/]: Running callback for create:sliding_door and railways:blue_sliding_locometal_door
[16Jun2026 02:03:31.008] [main/INFO] [Railways/MultiRegistryCallback/]: Running callback for create:sliding_door and railways:blue_folding_locometal_door
[16Jun2026 02:03:31.008] [main/INFO] [Railways/MultiRegistryCallback/]: Running callback for create:sliding_door and railways:royal_blue_sliding_locometal_door
[16Jun2026 02:03:31.008] [main/INFO] [Railways/MultiRegistryCallback/]: Running callback for create:sliding_door and railways:royal_blue_folding_locometal_door
[16Jun2026 02:03:31.008] [main/INFO] [Railways/MultiRegistryCallback/]: Running callback for create:sliding_door and railways:purple_sliding_locometal_door
[16Jun2026 02:03:31.008] [main/INFO] [Railways/MultiRegistryCallback/]: Running callback for create:sliding_door and railways:purple_folding_locometal_door
[16Jun2026 02:03:31.008] [main/INFO] [Railways/MultiRegistryCallback/]: Running callback for create:sliding_door and railways:magenta_sliding_locometal_door
[16Jun2026 02:03:31.008] [main/INFO] [Railways/MultiRegistryCallback/]: Running callback for create:sliding_door and railways:magenta_folding_locometal_door
[16Jun2026 02:03:31.008] [main/INFO] [Railways/MultiRegistryCallback/]: Running callback for create:sliding_door and railways:pink_sliding_locometal_door
[16Jun2026 02:03:31.008] [main/INFO] [Railways/MultiRegistryCallback/]: Running callback for create:sliding_door and railways:pink_folding_locometal_door
[16Jun2026 02:03:31.008] [main/INFO] [Railways/MultiRegistryCallback/]: Running callback for create:sliding_door and railways:white_sliding_locometal_door
[16Jun2026 02:03:31.008] [main/INFO] [Railways/MultiRegistryCallback/]: Running callback for create:sliding_door and railways:white_folding_locometal_door
[16Jun2026 02:03:31.008] [main/INFO] [Railways/MultiRegistryCallback/]: Running callback for create:sliding_door and railways:diorite_sliding_locometal_door
[16Jun2026 02:03:31.008] [main/INFO] [Railways/MultiRegistryCallback/]: Running callback for create:sliding_door and railways:diorite_folding_locometal_door
[16Jun2026 02:03:31.008] [main/INFO] [Railways/MultiRegistryCallback/]: Running callback for create:sliding_door and railways:limestone_sliding_locometal_door
[16Jun2026 02:03:31.008] [main/INFO] [Railways/MultiRegistryCallback/]: Running callback for create:sliding_door and railways:limestone_folding_locometal_door
[16Jun2026 02:03:31.008] [main/INFO] [Railways/MultiRegistryCallback/]: Running callback for create:sliding_door and railways:light_gray_sliding_locometal_door
[16Jun2026 02:03:31.009] [main/INFO] [Railways/MultiRegistryCallback/]: Running callback for create:sliding_door and railways:light_gray_folding_locometal_door
[16Jun2026 02:03:31.009] [main/INFO] [Railways/MultiRegistryCallback/]: Running callback for create:sliding_door and railways:tuff_sliding_locometal_door
[16Jun2026 02:03:31.009] [main/INFO] [Railways/MultiRegistryCallback/]: Running callback for create:sliding_door and railways:tuff_folding_locometal_door
[16Jun2026 02:03:31.009] [main/INFO] [Railways/MultiRegistryCallback/]: Running callback for create:sliding_door and railways:gray_sliding_locometal_door
[16Jun2026 02:03:31.009] [main/INFO] [Railways/MultiRegistryCallback/]: Running callback for create:sliding_door and railways:gray_folding_locometal_door
[16Jun2026 02:03:31.009] [main/INFO] [Railways/MultiRegistryCallback/]: Running callback for create:sliding_door and railways:scorchia_sliding_locometal_door
[16Jun2026 02:03:31.009] [main/INFO] [Railways/MultiRegistryCallback/]: Running callback for create:sliding_door and railways:scorchia_folding_locometal_door
[16Jun2026 02:03:31.009] [main/INFO] [Railways/MultiRegistryCallback/]: Running callback for create:sliding_door and railways:black_sliding_locometal_door
[16Jun2026 02:03:31.009] [main/INFO] [Railways/MultiRegistryCallback/]: Running callback for create:sliding_door and railways:black_folding_locometal_door
[16Jun2026 02:03:31.009] [main/INFO] [Railways/MultiRegistryCallback/]: Running callback for create:copycat and railways:conductor_vent
[16Jun2026 02:03:31.688] [main/INFO] [Railways/MultiRegistryCallback/]: Running callback for create:track_signal and railways:track_signal_source
[16Jun2026 02:03:31.689] [main/INFO] [Railways/MultiRegistryCallback/]: Running finalizers
[16Jun2026 02:03:31.747] [main/INFO] [ModdingLegacy/StructureGel/]: [structure_gel] Registering data for structure_gel:loot_table_alias
[16Jun2026 02:03:31.761] [main/INFO] [ModdingLegacy/StructureGel/]: [structure_gel] Registering data for structure_gel:data_handler_type
[16Jun2026 02:03:31.765] [main/INFO] [ModdingLegacy/StructureGel/]: [structure_gel] Registering data for structure_gel:dynamic_spawner
[16Jun2026 02:03:31.768] [main/INFO] [ModdingLegacy/StructureGel/]: [structure_gel] Registering data for structure_gel:jigsaw_type
[16Jun2026 02:03:32.007] [main/INFO] [forge.net.trial.zombies_plus.ModMainCommon/]: Registering special spawn rules for Cave Zombie
[16Jun2026 02:03:32.044] [main/INFO] [Puzzles Lib/]: Loading common config for mutantmonsters
[16Jun2026 02:03:32.045] [Thread-4/INFO] [Puzzles Lib/]: Reloading common config for mutantmonsters
[16Jun2026 02:03:32.046] [Thread-4/INFO] [Puzzles Lib/]: Reloading common config for mutantmonsters
[16Jun2026 02:03:32.500] [modloading-worker-0/INFO] [dev.codeoverload.xrayreporter.Xrayreporter/]: [XrayReporter] Common setup event fired
[16Jun2026 02:03:32.532] [modloading-worker-0/INFO] [com.forgivingworld.ForgivingWorldMod/]: forgivingworld mod initialized
[16Jun2026 02:03:32.608] [modloading-worker-0/INFO] [voicechat/]: [voicechat] Compatibility version 20
[16Jun2026 02:03:32.707] [modloading-worker-0/INFO] [incontrol/]: Enabling support for Lost Cities
[16Jun2026 02:03:32.707] [modloading-worker-0/INFO] [incontrol/]: Enabling support for Lost Cities
[16Jun2026 02:03:32.707] [modloading-worker-0/INFO] [incontrol/]: Enabling support for Serene Seasons
[16Jun2026 02:03:32.728] [modloading-worker-0/INFO] [dynamiclights/]: [Dynamic Lights] MidnightLib detected!
[16Jun2026 02:03:32.749] [Forge Version Check/INFO] [net.minecraftforge.fml.VersionChecker/]: [gamemenuremovegfarb] Starting version check at https://raw.githubusercontent.com/MORIMORI0317/GameMenuRemoveGFARB/master/version_check.json
[16Jun2026 02:03:32.764] [modloading-worker-0/INFO] [dynamiclights/]: [Dynamic Lights] Loaded Dynamic Lights by Tschipcraft successfully!
[16Jun2026 02:03:32.908] [modloading-worker-0/INFO] [voicechat/]: [voicechat] Loading plugins
[16Jun2026 02:03:32.970] [modloading-worker-0/INFO] [necronomicon/]: File exists, reading config for elocindev.item_obliterator.forge.config.ConfigEntries.
[16Jun2026 02:03:32.974] [modloading-worker-0/INFO] [necronomicon/]: Config for elocindev.item_obliterator.forge.config.ConfigEntries read successfully.
[16Jun2026 02:03:32.985] [modloading-worker-0/INFO] [elocindev.item_obliterator.forge.ItemObliterator/]: Loaded Item Obliterator Config
[16Jun2026 02:03:32.988] [modloading-worker-0/INFO] [voicechat/]: [voicechat] Loaded 2 plugin(s)
[16Jun2026 02:03:32.989] [modloading-worker-0/INFO] [voicechat/]: [voicechat] Initializing plugins
[16Jun2026 02:03:33.022] [modloading-worker-0/INFO] [Sound Physics - General/]: Initializing Simple Voice Chat integration
[16Jun2026 02:03:33.023] [modloading-worker-0/INFO] [voicechat/]: [voicechat] Initialized 2 plugin(s)
[16Jun2026 02:03:33.030] [modloading-worker-0/INFO] [voicechat/]: [voicechat] Registering events for 'sound_physics_remastered'
[16Jun2026 02:03:33.041] [modloading-worker-0/INFO] [voicechat/]: [voicechat] Registering events for 'walkietalkie'
[16Jun2026 02:03:33.219] [Forge Version Check/INFO] [net.minecraftforge.fml.VersionChecker/]: [gamemenuremovegfarb] Found status: UP_TO_DATE Current: 2.1.2 Target: null
[16Jun2026 02:03:33.220] [Forge Version Check/INFO] [net.minecraftforge.fml.VersionChecker/]: [hordes] Starting version check at https://raw.githubusercontent.com/SmileycorpMC/The-Hordes/1.20/update.json
[16Jun2026 02:03:33.242] [Forge Version Check/INFO] [net.minecraftforge.fml.VersionChecker/]: [hordes] Found status: OUTDATED Current: 1.5.4c Target: 1.6.3f
[16Jun2026 02:03:33.243] [Forge Version Check/INFO] [net.minecraftforge.fml.VersionChecker/]: [structure_gel] Starting version check at http://changelogs.moddinglegacy.com/structure-gel.json
[16Jun2026 02:03:33.265] [modloading-worker-0/INFO] [CorgiLib/]: Initializing network...
[16Jun2026 02:03:33.274] [modloading-worker-0/INFO] [CorgiLib/]: Initialized network!
[16Jun2026 02:03:33.502] [modloading-worker-0/INFO] [FTB Library/]: Setting game stages provider implementation to: KubeJS Stages
[16Jun2026 02:03:33.504] [modloading-worker-0/INFO] [FTB XMod Compat/]: Chose [KubeJS Stages] as the active game stages implementation
[16Jun2026 02:03:33.508] [modloading-worker-0/INFO] [FTB XMod Compat/]: Chose [FALLBACK] as the active permissions implementation
[16Jun2026 02:03:33.515] [modloading-worker-0/INFO] [FTB XMod Compat/]: [FTB Quests] recipe helper provider is [JEI]
[16Jun2026 02:03:33.528] [modloading-worker-0/INFO] [FTB XMod Compat/]: [FTB Quests] Enabled Item Filters integration
[16Jun2026 02:03:33.649] [Forge Version Check/INFO] [net.minecraftforge.fml.VersionChecker/]: [structure_gel] Found status: BETA Current: 2.16.2 Target: null
[16Jun2026 02:03:33.649] [Forge Version Check/INFO] [net.minecraftforge.fml.VersionChecker/]: [corpse] Starting version check at https://update.maxhenkel.de/forge/corpse
[16Jun2026 02:03:33.671] [main/WARN] [AllTheLeaks/]: Failed to get VarHandle for class class com.github.alexthe666.citadel.server.world.CitadelServerData with field dataMap and type interface java.util.Map
[16Jun2026 02:03:33.671] [main/ERROR] [AllTheLeaks/]: Failed to instantiate constructor.
java.lang.ExceptionInInitializerError: null
	at java.lang.Class.forName0(Native Method) ~[?:?]
	at java.lang.Class.forName(Class.java:377) ~[?:?]
	at dev.uncandango.alltheleaks.leaks.IssueManager.lambda$initiateIssues$3(IssueManager.java:166) ~[alltheleaks-1.1.1+1.20.1-forge.jar%23310!/:1.1.1+1.20.1-forge]
	at java.util.ArrayList.forEach(ArrayList.java:1511) ~[?:?]
	at dev.uncandango.alltheleaks.leaks.IssueManager.initiateIssues(IssueManager.java:164) ~[alltheleaks-1.1.1+1.20.1-forge.jar%23310!/:1.1.1+1.20.1-forge]
	at java.util.concurrent.CompletableFuture$AsyncRun.run(CompletableFuture.java:1804) ~[?:?]
	at net.minecraftforge.fml.DeferredWorkQueue.lambda$makeRunnable$2(DeferredWorkQueue.java:81) ~[fmlcore-1.20.1-47.4.20.jar%23507!/:?]
	at net.minecraftforge.fml.DeferredWorkQueue.makeRunnable(DeferredWorkQueue.java:76) ~[fmlcore-1.20.1-47.4.20.jar%23507!/:?]
	at net.minecraftforge.fml.DeferredWorkQueue.lambda$runTasks$0(DeferredWorkQueue.java:60) ~[fmlcore-1.20.1-47.4.20.jar%23507!/:?]
	at java.util.concurrent.ConcurrentLinkedDeque.forEach(ConcurrentLinkedDeque.java:1650) ~[?:?]
	at net.minecraftforge.fml.DeferredWorkQueue.runTasks(DeferredWorkQueue.java:60) ~[fmlcore-1.20.1-47.4.20.jar%23507!/:?]
	at net.minecraftforge.fml.core.ParallelTransition.lambda$finalActivityGenerator$2(ParallelTransition.java:35) ~[forge-1.20.1-47.4.20-universal.jar%23511!/:?]
	at java.util.concurrent.CompletableFuture$UniApply.tryFire(CompletableFuture.java:646) ~[?:?]
	at java.util.concurrent.CompletableFuture$Completion.run(CompletableFuture.java:482) ~[?:?]
	at net.minecraftforge.fml.ModWorkManager$SyncExecutor.driveOne(ModWorkManager.java:43) ~[fmlcore-1.20.1-47.4.20.jar%23507!/:?]
	at net.minecraftforge.fml.ModWorkManager$DrivenExecutor.drive(ModWorkManager.java:28) ~[fmlcore-1.20.1-47.4.20.jar%23507!/:?]
	at net.minecraftforge.fml.ModLoader.waitForTransition(ModLoader.java:224) ~[fmlcore-1.20.1-47.4.20.jar%23507!/:?]
	at net.minecraftforge.fml.ModLoader.lambda$dispatchAndHandleError$20(ModLoader.java:210) ~[fmlcore-1.20.1-47.4.20.jar%23507!/:?]
	at java.util.Optional.ifPresent(Optional.java:178) ~[?:?]
	at net.minecraftforge.fml.ModLoader.dispatchAndHandleError(ModLoader.java:210) ~[fmlcore-1.20.1-47.4.20.jar%23507!/:?]
	at net.minecraftforge.fml.ModLoader.lambda$loadMods$15(ModLoader.java:190) ~[fmlcore-1.20.1-47.4.20.jar%23507!/:?]
	at java.lang.Iterable.forEach(Iterable.java:75) ~[?:?]
	at net.minecraftforge.fml.ModLoader.loadMods(ModLoader.java:190) ~[fmlcore-1.20.1-47.4.20.jar%23507!/:?]
	at net.minecraftforge.server.loading.ServerModLoader.load(ServerModLoader.java:31) ~[forge-1.20.1-47.4.20-universal.jar%23511!/:?]
	at net.minecraft.server.Main.main(Main.java:125) ~[server-1.20.1-20230612.114412-srg.jar%23506!/:?]
	at jdk.internal.reflect.NativeMethodAccessorImpl.invoke0(Native Method) ~[?:?]
	at jdk.internal.reflect.NativeMethodAccessorImpl.invoke(NativeMethodAccessorImpl.java:77) ~[?:?]
	at jdk.internal.reflect.DelegatingMethodAccessorImpl.invoke(DelegatingMethodAccessorImpl.java:43) ~[?:?]
	at java.lang.reflect.Method.invoke(Method.java:569) ~[?:?]
	at net.minecraftforge.fml.loading.targets.CommonLaunchHandler.runTarget(CommonLaunchHandler.java:111) ~[fmlloader-1.20.1-47.4.20.jar%2369!/:?]
	at net.minecraftforge.fml.loading.targets.CommonLaunchHandler.serverService(CommonLaunchHandler.java:103) ~[fmlloader-1.20.1-47.4.20.jar%2369!/:?]
	at net.minecraftforge.fml.loading.targets.CommonServerLaunchHandler.lambda$makeService$0(CommonServerLaunchHandler.java:27) ~[fmlloader-1.20.1-47.4.20.jar%2369!/:?]
	at cpw.mods.modlauncher.LaunchServiceHandlerDecorator.launch(LaunchServiceHandlerDecorator.java:30) ~[modlauncher-10.0.9.jar%2355!/:?]
	at cpw.mods.modlauncher.LaunchServiceHandler.launch(LaunchServiceHandler.java:53) ~[modlauncher-10.0.9.jar%2355!/:?]
	at cpw.mods.modlauncher.LaunchServiceHandler.launch(LaunchServiceHandler.java:71) ~[modlauncher-10.0.9.jar%2355!/:?]
	at cpw.mods.modlauncher.Launcher.run(Launcher.java:108) ~[modlauncher-10.0.9.jar%2355!/:?]
	at cpw.mods.modlauncher.Launcher.main(Launcher.java:78) ~[modlauncher-10.0.9.jar%2355!/:?]
	at cpw.mods.modlauncher.BootstrapLaunchConsumer.accept(BootstrapLaunchConsumer.java:26) ~[modlauncher-10.0.9.jar%2355!/:?]
	at cpw.mods.modlauncher.BootstrapLaunchConsumer.accept(BootstrapLaunchConsumer.java:23) ~[modlauncher-10.0.9.jar%2355!/:?]
	at cpw.mods.bootstraplauncher.BootstrapLauncher.main(BootstrapLauncher.java:141) ~[bootstraplauncher-1.1.2.jar:?]
Caused by: java.lang.RuntimeException: VarHandler is null
	at dev.uncandango.alltheleaks.utils.ReflectionHelper.getFieldFromClass(ReflectionHelper.java:132) ~[alltheleaks-1.1.1+1.20.1-forge.jar%23310!/:1.1.1+1.20.1-forge]
	at dev.uncandango.alltheleaks.leaks.common.mods.citadel.UntrackedIssue001.<clinit>(UntrackedIssue001.java:17) ~[alltheleaks-1.1.1+1.20.1-forge.jar%23310!/:1.1.1+1.20.1-forge]
	... 40 more
[16Jun2026 02:03:33.872] [main/INFO] [Framework/SYNCED_ENTITY_DATA]: Registered synced data key refurbished_furniture:lock_yaw for refurbished_furniture:seat
[16Jun2026 02:03:33.931] [main/INFO] [tacz/SYNCED_ENTITY_DATA_TAC_COPY]: Registered synced data key tacz:shoot_cool_down for minecraft:living_entity
[16Jun2026 02:03:33.932] [main/INFO] [tacz/SYNCED_ENTITY_DATA_TAC_COPY]: Registered synced data key tacz:melee_cool_down for minecraft:living_entity
[16Jun2026 02:03:33.932] [main/INFO] [tacz/SYNCED_ENTITY_DATA_TAC_COPY]: Registered synced data key tacz:reload_state for minecraft:living_entity
[16Jun2026 02:03:33.932] [main/INFO] [tacz/SYNCED_ENTITY_DATA_TAC_COPY]: Registered synced data key tacz:aiming_progress for minecraft:living_entity
[16Jun2026 02:03:33.932] [main/INFO] [tacz/SYNCED_ENTITY_DATA_TAC_COPY]: Registered synced data key tacz:draw_cool_down for minecraft:living_entity
[16Jun2026 02:03:33.932] [main/INFO] [tacz/SYNCED_ENTITY_DATA_TAC_COPY]: Registered synced data key tacz:is_aiming for minecraft:living_entity
[16Jun2026 02:03:33.932] [main/INFO] [tacz/SYNCED_ENTITY_DATA_TAC_COPY]: Registered synced data key tacz:sprint_time for minecraft:living_entity
[16Jun2026 02:03:33.932] [main/INFO] [tacz/SYNCED_ENTITY_DATA_TAC_COPY]: Registered synced data key tacz:is_bolting for minecraft:living_entity
[16Jun2026 02:03:33.932] [main/INFO] [tacz/SYNCED_ENTITY_DATA_TAC_COPY]: Registered synced data key tacz:throwable_using for minecraft:living_entity
[16Jun2026 02:03:34.061] [main/INFO] [Moonlight/]: Initialized color sets in 78ms
[16Jun2026 02:03:34.063] [main/ERROR] [Moonlight/]: Fabric API detected! This is not a Fabric mod, so please dont report related issues to MoonlightLib or its dependant. This can usually happen with connector or when having a mod that does NOT have a proper Forge native implementation. This can easily lead to poor compatibility and issues. Proceed ar your own risk. 
 Mods that bundled Fabric API: [net.minecraftforge.fml.loading.moddiscovery.ModInfo@b5ac0c1]
[16Jun2026 02:03:34.066] [modloading-worker-0/INFO] [xaero.map.server.WorldMapServer/]: Loading Xaero's World Map - Stage 1/2 (Server)
[16Jun2026 02:03:34.066] [modloading-worker-0/INFO] [xaero.minimap.XaeroMinimap/]: Loading Xaero's Minimap - Stage 1/2 (Server)
[16Jun2026 02:03:34.071] [main/INFO] [xaero.map.server.WorldMapServer/]: Loading Xaero's World Map - Stage 2/2 (Server)
[16Jun2026 02:03:34.071] [main/INFO] [xaero.minimap.XaeroMinimap/]: Loading Xaero's Minimap - Stage 2/2 (Server)
[16Jun2026 02:03:34.286] [Forge Version Check/INFO] [net.minecraftforge.fml.VersionChecker/]: [corpse] Found status: AHEAD Current: 1.20.1-1.0.23 Target: null
[16Jun2026 02:03:34.286] [Forge Version Check/INFO] [net.minecraftforge.fml.VersionChecker/]: [gml] Starting version check at https://maven.moddinginquisition.org/releases/org/groovymc/gml/gml/forge-promotions.json
[16Jun2026 02:03:34.337] [modloading-worker-0/INFO] [Jade/]: Start loading plugin at net.blay09.mods.balm.forge.compat.hudinfo.ForgeJadeModCompat
[16Jun2026 02:03:34.368] [modloading-worker-0/INFO] [Jade/]: Start loading plugin at de.maxhenkel.corpse.integration.waila.PluginCorpse
[16Jun2026 02:03:34.383] [modloading-worker-0/INFO] [Jade/]: Start loading plugin at net.geforcemods.securitycraft.compat.hudmods.JadeDataProvider
[16Jun2026 02:03:34.393] [modloading-worker-0/INFO] [Jade/]: Start loading plugin at snownee.jade.addon.vanilla.VanillaPlugin
[16Jun2026 02:03:34.428] [modloading-worker-0/ERROR] [ihh.propertymodifier.Logger/]: Could not find rarity  mentioned in entry "test" = 
[16Jun2026 02:03:34.441] [modloading-worker-0/INFO] [Jade/]: Start loading plugin at snownee.jade.addon.universal.UniversalPlugin
[16Jun2026 02:03:34.453] [modloading-worker-0/INFO] [Jade/]: Start loading plugin at snownee.jade.addon.core.CorePlugin
[16Jun2026 02:03:34.526] [modloading-worker-0/ERROR] [ihh.propertymodifier.Logger/]: Could not find rarity  mentioned in entry "test" = 
[16Jun2026 02:03:34.598] [Forge Version Check/INFO] [net.minecraftforge.fml.VersionChecker/]: [gml] Found status: BETA Current: 4.0.11 Target: null
[16Jun2026 02:03:34.601] [Forge Version Check/INFO] [net.minecraftforge.fml.VersionChecker/]: [mr_tidal_towns] Starting version check at https://api.modrinth.com/updates/EEIwvQVo/forge_updates.json
[16Jun2026 02:03:34.705] [Forge Version Check/INFO] [net.minecraftforge.fml.VersionChecker/]: [mr_tidal_towns] Found status: OUTDATED Current: 1.3.4 Target: 1.3.4+mod
[16Jun2026 02:03:34.706] [Forge Version Check/INFO] [net.minecraftforge.fml.VersionChecker/]: [searchables] Starting version check at https://updates.blamejared.com/get?n=searchables&gv=1.20.1
[16Jun2026 02:03:35.091] [Forge Version Check/INFO] [net.minecraftforge.fml.VersionChecker/]: [searchables] Found status: BETA Current: 1.0.3 Target: 1.0.3
[16Jun2026 02:03:35.091] [Forge Version Check/INFO] [net.minecraftforge.fml.VersionChecker/]: [atlaslib] Starting version check at https://raw.githubusercontent.com/SmileycorpMC/Atlas-Lib/1.20/update.json
[16Jun2026 02:03:35.115] [Forge Version Check/INFO] [net.minecraftforge.fml.VersionChecker/]: [atlaslib] Found status: UP_TO_DATE Current: 1.1.12 Target: null
[16Jun2026 02:03:35.118] [Forge Version Check/INFO] [net.minecraftforge.fml.VersionChecker/]: [majruszlibrary] Starting version check at https://raw.githubusercontent.com/Majrusz/MinecraftCommon/main/Library/update.json
[16Jun2026 02:03:35.134] [Forge Version Check/INFO] [net.minecraftforge.fml.VersionChecker/]: [majruszlibrary] Found status: AHEAD Current: 7.0.8 Target: null
[16Jun2026 02:03:35.134] [Forge Version Check/INFO] [net.minecraftforge.fml.VersionChecker/]: [mutantmonsters] Starting version check at https://raw.githubusercontent.com/Fuzss/modresources/main/update/mutantmonsters.json
[16Jun2026 02:03:35.146] [Forge Version Check/INFO] [net.minecraftforge.fml.VersionChecker/]: [mutantmonsters] Found status: OUTDATED Current: 8.0.7 Target: 8.0.8
[16Jun2026 02:03:35.146] [Forge Version Check/INFO] [net.minecraftforge.fml.VersionChecker/]: [puzzlesaccessapi] Starting version check at https://raw.githubusercontent.com/Fuzss/modresources/main/update/puzzlesaccessapi.json
[16Jun2026 02:03:35.158] [Forge Version Check/INFO] [net.minecraftforge.fml.VersionChecker/]: [puzzlesaccessapi] Found status: BETA Current: 20.1.1 Target: null
[16Jun2026 02:03:35.159] [Forge Version Check/INFO] [net.minecraftforge.fml.VersionChecker/]: [forge] Starting version check at https://files.minecraftforge.net/net/minecraftforge/forge/promotions_slim.json
[16Jun2026 02:03:35.294] [Forge Version Check/INFO] [net.minecraftforge.fml.VersionChecker/]: [forge] Found status: AHEAD Current: 47.4.20 Target: null
[16Jun2026 02:03:35.295] [Forge Version Check/INFO] [net.minecraftforge.fml.VersionChecker/]: [cofh_core] Starting version check at https://raw.github.com/cofh/version/main/cofh_core/update.json
[16Jun2026 02:03:35.399] [Forge Version Check/INFO] [net.minecraftforge.fml.VersionChecker/]: [cofh_core] Found status: AHEAD Current: 11.0.2 Target: null
[16Jun2026 02:03:35.399] [Forge Version Check/INFO] [net.minecraftforge.fml.VersionChecker/]: [voicechat] Starting version check at https://update.maxhenkel.de/forge/voicechat
[16Jun2026 02:03:35.525] [Forge Version Check/INFO] [net.minecraftforge.fml.VersionChecker/]: [voicechat] Found status: OUTDATED Current: 1.20.1-2.6.12 Target: 1.20.1-2.6.18
[16Jun2026 02:03:35.526] [Forge Version Check/INFO] [net.minecraftforge.fml.VersionChecker/]: [sound_physics_remastered] Starting version check at https://update.maxhenkel.de/forge/sound_physics_remastered
[16Jun2026 02:03:35.635] [Forge Version Check/INFO] [net.minecraftforge.fml.VersionChecker/]: [sound_physics_remastered] Found status: OUTDATED Current: 1.20.1-1.4.10 Target: 1.20.1-1.5.1
[16Jun2026 02:03:35.635] [Forge Version Check/INFO] [net.minecraftforge.fml.VersionChecker/]: [securitycraft] Starting version check at https://www.github.com/Geforce132/SecurityCraft/raw/master/Updates/Forge.json
[16Jun2026 02:03:35.794] [Forge Version Check/INFO] [net.minecraftforge.fml.VersionChecker/]: [securitycraft] Found status: OUTDATED Current: 1.10.0.1 Target: 1.10.1
[16Jun2026 02:03:35.796] [Forge Version Check/INFO] [net.minecraftforge.fml.VersionChecker/]: [ambientenvironment] Starting version check at https://updates.blamejared.com/get?n=AmbientEnvironment&gv=1.20.1
[16Jun2026 02:03:35.897] [Forge Version Check/INFO] [net.minecraftforge.fml.VersionChecker/]: [ambientenvironment] Found status: BETA Current: 11.0.0.1 Target: 11.0.0.1
[16Jun2026 02:03:35.898] [Forge Version Check/INFO] [net.minecraftforge.fml.VersionChecker/]: [puzzleslib] Starting version check at https://raw.githubusercontent.com/Fuzss/modresources/main/update/puzzleslib.json
[16Jun2026 02:03:35.921] [Forge Version Check/INFO] [net.minecraftforge.fml.VersionChecker/]: [puzzleslib] Found status: UP_TO_DATE Current: 8.1.33 Target: null
[16Jun2026 02:03:35.921] [Forge Version Check/INFO] [net.minecraftforge.fml.VersionChecker/]: [dynamiclights] Starting version check at https://api.modrinth.com/updates/7YjclEGc/forge_updates.json?forge=only
[16Jun2026 02:03:35.963] [Forge Version Check/INFO] [net.minecraftforge.fml.VersionChecker/]: [dynamiclights] Found status: UP_TO_DATE Current: 1.9+mod Target: null
[16Jun2026 02:03:35.963] [Forge Version Check/INFO] [net.minecraftforge.fml.VersionChecker/]: [controlling] Starting version check at https://updates.blamejared.com/get?n=controlling&gv=1.20.1
[16Jun2026 02:03:36.061] [Forge Version Check/INFO] [net.minecraftforge.fml.VersionChecker/]: [controlling] Found status: BETA Current: 12.0.2 Target: 12.0.2
[16Jun2026 02:03:36.061] [Forge Version Check/INFO] [net.minecraftforge.fml.VersionChecker/]: [bookshelf] Starting version check at https://updates.blamejared.com/get?n=bookshelf&gv=1.20.1
[16Jun2026 02:03:36.160] [Forge Version Check/INFO] [net.minecraftforge.fml.VersionChecker/]: [bookshelf] Found status: BETA Current: 20.2.15 Target: 20.2.15
[16Jun2026 02:03:36.160] [Forge Version Check/INFO] [net.minecraftforge.fml.VersionChecker/]: [uteamcore] Starting version check at https://api.u-team.info/update/uteamcore.json
[16Jun2026 02:03:36.253] [Forge Version Check/INFO] [net.minecraftforge.fml.VersionChecker/]: [uteamcore] Found status: UP_TO_DATE Current: 5.1.4.382 Target: null
[16Jun2026 02:03:36.253] [Forge Version Check/INFO] [net.minecraftforge.fml.VersionChecker/]: [copycats] Starting version check at https://raw.githubusercontent.com/copycats-plus/copycats/multiloader/update.json
[16Jun2026 02:03:36.267] [Forge Version Check/INFO] [net.minecraftforge.fml.VersionChecker/]: [copycats] Found status: AHEAD Current: 3.0.7+mc.1.20.1-forge Target: null
[16Jun2026 02:03:36.267] [Forge Version Check/INFO] [net.minecraftforge.fml.VersionChecker/]: [sliceanddice] Starting version check at https://api.modrinth.com/updates/slice-and-dice/forge_updates.json
[16Jun2026 02:03:36.299] [Forge Version Check/INFO] [net.minecraftforge.fml.VersionChecker/]: [sliceanddice] Found status: UP_TO_DATE Current: 3.6.0 Target: null
[16Jun2026 02:03:36.299] [Forge Version Check/INFO] [net.minecraftforge.fml.VersionChecker/]: [clumps] Starting version check at https://updates.blamejared.com/get?n=clumps&gv=1.20.1
[16Jun2026 02:03:36.398] [Forge Version Check/INFO] [net.minecraftforge.fml.VersionChecker/]: [clumps] Found status: BETA Current: 12.0.0.4 Target: 12.0.0.4
[16Jun2026 02:03:36.398] [Forge Version Check/INFO] [net.minecraftforge.fml.VersionChecker/]: [badmobs] Starting version check at https://updates.blamejared.com/get?n=badmobs&gv=1.20.1
[16Jun2026 02:03:36.494] [Forge Version Check/INFO] [net.minecraftforge.fml.VersionChecker/]: [badmobs] Found status: BETA Current: 19.0.4 Target: 19.0.4
[16Jun2026 02:03:36.495] [Forge Version Check/INFO] [net.minecraftforge.fml.VersionChecker/]: [enchdesc] Starting version check at https://updates.blamejared.com/get?n=enchdesc&gv=1.20.1
[16Jun2026 02:03:36.591] [Forge Version Check/INFO] [net.minecraftforge.fml.VersionChecker/]: [enchdesc] Found status: BETA Current: 17.1.21 Target: 17.1.21
[16Jun2026 02:03:36.592] [Forge Version Check/INFO] [net.minecraftforge.fml.VersionChecker/]: [moonlight] Starting version check at https://api.modrinth.com/updates/moonlight/forge_updates.json
[16Jun2026 02:03:36.635] [Forge Version Check/INFO] [net.minecraftforge.fml.VersionChecker/]: [moonlight] Found status: OUTDATED Current: 1.20-2.16.28 Target: 1.20-2.16.33-forge
[16Jun2026 02:03:36.635] [Forge Version Check/INFO] [net.minecraftforge.fml.VersionChecker/]: [smoothboot] Starting version check at https://github.com/AbdElAziz333/SmoothBoot-Reloaded/raw/mc1.20.1/dev/updates.json
[16Jun2026 02:03:36.674] [Forge Version Check/WARN] [net.minecraftforge.fml.VersionChecker/]: Failed to process update information
com.google.gson.JsonSyntaxException: java.lang.IllegalStateException: Expected BEGIN_OBJECT but was STRING at line 9 column 1 path $
	at com.google.gson.Gson.fromJson(Gson.java:1226) ~[gson-2.10.jar%2372!/:?]
	at com.google.gson.Gson.fromJson(Gson.java:1124) ~[gson-2.10.jar%2372!/:?]
	at com.google.gson.Gson.fromJson(Gson.java:1034) ~[gson-2.10.jar%2372!/:?]
	at com.google.gson.Gson.fromJson(Gson.java:969) ~[gson-2.10.jar%2372!/:?]
	at net.minecraftforge.fml.VersionChecker$1.process(VersionChecker.java:186) ~[fmlcore-1.20.1-47.4.20.jar%23507!/:?]
	at java.lang.Iterable.forEach(Iterable.java:75) ~[?:?]
	at net.minecraftforge.fml.VersionChecker$1.run(VersionChecker.java:117) ~[fmlcore-1.20.1-47.4.20.jar%23507!/:?]
Caused by: java.lang.IllegalStateException: Expected BEGIN_OBJECT but was STRING at line 9 column 1 path $
	at com.google.gson.stream.JsonReader.beginObject(JsonReader.java:393) ~[gson-2.10.jar%2372!/:?]
	at com.google.gson.internal.bind.MapTypeAdapterFactory$Adapter.read(MapTypeAdapterFactory.java:182) ~[gson-2.10.jar%2372!/:?]
	at com.google.gson.internal.bind.MapTypeAdapterFactory$Adapter.read(MapTypeAdapterFactory.java:144) ~[gson-2.10.jar%2372!/:?]
	at com.google.gson.Gson.fromJson(Gson.java:1214) ~[gson-2.10.jar%2372!/:?]
	... 6 more
[16Jun2026 02:03:36.676] [Forge Version Check/INFO] [net.minecraftforge.fml.VersionChecker/]: [openloader] Starting version check at https://updates.blamejared.com/get?n=openloader&gv=1.20.1
[16Jun2026 02:03:36.774] [Forge Version Check/INFO] [net.minecraftforge.fml.VersionChecker/]: [openloader] Found status: BETA Current: 19.0.5 Target: 19.0.5
[16Jun2026 02:03:48.491] [main/INFO] [com.mojang.authlib.yggdrasil.YggdrasilAuthenticationService/]: Environment: authHost='https://authserver.mojang.com', accountsHost='https://api.mojang.com', sessionHost='https://sessionserver.mojang.com', servicesHost='https://api.minecraftservices.com', name='PROD'
[16Jun2026 02:03:59.350] [main/WARN] [net.minecraft.server.packs.VanillaPackResourcesBuilder/]: Assets URL 'union:/workspaces/riri/servidor_minecraft/libraries/net/minecraft/server/1.20.1-20230612.114412/server-1.20.1-20230612.114412-srg.jar%23506!/assets/.mcassetsroot' uses unexpected schema
[16Jun2026 02:03:59.350] [main/WARN] [net.minecraft.server.packs.VanillaPackResourcesBuilder/]: Assets URL 'union:/workspaces/riri/servidor_minecraft/libraries/net/minecraft/server/1.20.1-20230612.114412/server-1.20.1-20230612.114412-srg.jar%23506!/data/.mcassetsroot' uses unexpected schema
[16Jun2026 02:03:59.569] [main/INFO] [com.simibubi.create.Create/]: Created 429 recipes which will be injected into the game
[16Jun2026 02:03:59.578] [main/INFO] [com.simibubi.create.Create/]: Created 27 tags which will be injected into the game
[16Jun2026 02:03:59.827] [main/INFO] [tacz/GunPackFinder]: Start scanning for gun packs in /workspaces/riri/servidor_minecraft/tacz
[16Jun2026 02:03:59.829] [main/INFO] [tacz/GunPackFinder]: - Apocalypse_v1.1.7_G, Main namespace: bf1
[16Jun2026 02:03:59.868] [main/INFO] [tacz/GunPackFinder]: - [Tacz1.1.5+]MS-Mobius Gunspack v1.1.5, Main namespace: sfms
[16Jun2026 02:03:59.868] [main/INFO] [tacz/GunPackFinder]: - tacz_default_gun, Main namespace: tacz
[16Jun2026 02:03:59.868] [main/INFO] [tacz/GunPackFinder]: Found 3 possible gunpack(s) and added them to resource set.
[16Jun2026 02:03:59.992] [main/INFO] [Open Loader/]: Preparing Data Pack injection.
[16Jun2026 02:03:59.996] [main/INFO] [Open Loader/]: Loaded archive Data Pack from /workspaces/riri/servidor_minecraft/config/openloader/data/newLcLootv2.zip.
[16Jun2026 02:03:59.996] [main/INFO] [Open Loader/]: Loaded archive Data Pack from /workspaces/riri/servidor_minecraft/config/openloader/data/IW_fluid_gen_disabler.zip.
[16Jun2026 02:04:00.177] [main/WARN] [net.minecraft.server.packs.repository.Pack/]: Missing metadata in pack data/jcwsdata.zip
[16Jun2026 02:04:00.178] [main/INFO] [Open Loader/]: Loaded archive Data Pack from /workspaces/riri/servidor_minecraft/config/openloader/data/cw_mutant_drop_fix.zip.
[16Jun2026 02:04:00.179] [main/INFO] [Open Loader/]: Loaded archive Data Pack from /workspaces/riri/servidor_minecraft/config/openloader/data/CWRecipeChanges.zip.
[16Jun2026 02:04:00.179] [main/INFO] [Open Loader/]: Successfully injected 4/4 packs from /workspaces/riri/servidor_minecraft/config/openloader/data.
[16Jun2026 02:04:00.421] [main/INFO] [KubeJS Server/]: Loaded script server_scripts:cwTweaks.js in 0.017 s
[16Jun2026 02:04:00.425] [main/INFO] [KubeJS Server/]: Loaded script server_scripts:itemRecipeBlacklist.js in 0.003 s
[16Jun2026 02:04:00.426] [main/INFO] [KubeJS Server/]: Loaded script server_scripts:lootTweaks.js in 0.0 s
[16Jun2026 02:04:00.428] [main/INFO] [KubeJS Server/]: Loaded script server_scripts:matt's_stims_server.js in 0.002 s
[16Jun2026 02:04:00.429] [main/INFO] [KubeJS Server/]: Loaded 4/4 KubeJS server scripts in 0.046 s with 0 errors and 0 warnings
[16Jun2026 02:04:00.429] [main/INFO] [KubeJS Server/]: Scripts loaded
[16Jun2026 02:04:00.449] [main/INFO] [KubeJS Server/]: Initializing recipe event...
[16Jun2026 02:04:00.461] [main/INFO] [Moonlight/]: Starting runtime resource generation for pack type SERVER_DATA with generators from mods [immersive_weathering]: [com.ordana.immersive_weathering.dynamicpack.ServerDynamicResourcesHandler@3f674797]
[16Jun2026 02:04:00.462] [main/INFO] [Moonlight/]: Generating runtime assets for pack Immersive Weathering Generated Pack (immersive_weathering)
[16Jun2026 02:04:00.475] [main/INFO] [com.ordana.immersive_weathering.ImmersiveWeathering/]: Generated runtime SERVER_DATA for pack Immersive Weathering Generated Pack (immersive_weathering) in: 13 ms (multithreaded)
[16Jun2026 02:04:00.475] [main/INFO] [Moonlight/]: Finished runtime resources generation for 1 packs in a total of 14 ms
[16Jun2026 02:04:00.495] [main/INFO] [com.cupboard.Cupboard/]: Loaded config for: biomesize.json
[16Jun2026 02:04:03.372] [main/INFO] [com.github.alexthe666.alexsmobs.AlexsMobs/]: Adding datapack listener capsid_recipes
[16Jun2026 02:04:03.741] [Worker-Main-22/ERROR] [net.minecraft.server.packs.resources.SimpleJsonResourceReloadListener/]: Couldn't parse data file flan:zh_tw from flan:lang/zh_tw.json
com.google.gson.JsonParseException: com.google.gson.stream.MalformedJsonException: Unterminated object at line 131 column 4 path $.flan.screenMenuBlockPlace
	at net.minecraft.util.GsonHelper.m_13780_(GsonHelper.java:526) ~[server-1.20.1-20230612.114412-srg.jar%23506!/:?]
	at net.minecraft.util.GsonHelper.m_263475_(GsonHelper.java:531) ~[server-1.20.1-20230612.114412-srg.jar%23506!/:?]
	at net.minecraft.util.GsonHelper.m_13776_(GsonHelper.java:581) ~[server-1.20.1-20230612.114412-srg.jar%23506!/:?]
	at net.minecraft.server.packs.resources.SimpleJsonResourceReloadListener.m_278771_(SimpleJsonResourceReloadListener.java:41) ~[server-1.20.1-20230612.114412-srg.jar%23506!/:?]
	at net.minecraft.server.packs.resources.SimpleJsonResourceReloadListener.m_5944_(SimpleJsonResourceReloadListener.java:29) ~[server-1.20.1-20230612.114412-srg.jar%23506!/:?]
	at io.github.flemmli97.linguabib.data.ServerLangManager.m_5944_(ServerLangManager.java:97) ~[lingua_bib-1.20.1-1.0.6-forge.jar%23733!/:?]
	at io.github.flemmli97.linguabib.data.ServerLangManager.m_5944_(ServerLangManager.java:25) ~[lingua_bib-1.20.1-1.0.6-forge.jar%23733!/:?]
	at net.minecraft.server.packs.resources.SimplePreparableReloadListener.m_10786_(SimplePreparableReloadListener.java:11) ~[server-1.20.1-20230612.114412-srg.jar%23506!/:?]
	at java.util.concurrent.CompletableFuture$AsyncSupply.run(CompletableFuture.java:1768) ~[?:?]
	at java.util.concurrent.CompletableFuture$AsyncSupply.exec(CompletableFuture.java:1760) ~[?:?]
	at java.util.concurrent.ForkJoinTask.doExec(ForkJoinTask.java:373) ~[?:?]
	at java.util.concurrent.ForkJoinPool$WorkQueue.topLevelExec(ForkJoinPool.java:1182) ~[?:?]
	at java.util.concurrent.ForkJoinPool.scan(ForkJoinPool.java:1655) ~[?:?]
	at java.util.concurrent.ForkJoinPool.runWorker(ForkJoinPool.java:1622) ~[?:?]
	at java.util.concurrent.ForkJoinWorkerThread.run(ForkJoinWorkerThread.java:165) ~[?:?]
Caused by: com.google.gson.stream.MalformedJsonException: Unterminated object at line 131 column 4 path $.flan.screenMenuBlockPlace
	at com.google.gson.stream.JsonReader.syntaxError(JsonReader.java:1657) ~[gson-2.10.jar%2372!/:?]
	at com.google.gson.stream.JsonReader.doPeek(JsonReader.java:500) ~[gson-2.10.jar%2372!/:?]
	at com.google.gson.stream.JsonReader.hasNext(JsonReader.java:422) ~[gson-2.10.jar%2372!/:?]
	at com.google.gson.internal.bind.TypeAdapters$28.read(TypeAdapters.java:779) ~[gson-2.10.jar%2372!/:?]
	at com.google.gson.internal.bind.TypeAdapters$28.read(TypeAdapters.java:725) ~[gson-2.10.jar%2372!/:?]
	at com.google.gson.internal.bind.TypeAdapters$34$1.read(TypeAdapters.java:1007) ~[gson-2.10.jar%2372!/:?]
	at net.minecraft.util.GsonHelper.m_13780_(GsonHelper.java:524) ~[server-1.20.1-20230612.114412-srg.jar%23506!/:?]
	... 14 more
[16Jun2026 02:04:04.104] [Worker-Main-10/INFO] [KubeJS Server/]: [minecraft:item] Found 1406 tags, added 85 objects, removed 0 objects
[16Jun2026 02:04:04.116] [Worker-Main-10/ERROR] [net.minecraft.tags.TagLoader/]: Couldn't load tag the_deeper_void:cw as it is missing following references: cw_additions:rubber_sheet (from [V2.0.4] the_deeper_void-2.0.4-forge-1.20.1.jar), 
	cw_additions:plastic_sheet (from [V2.0.4] the_deeper_void-2.0.4-forge-1.20.1.jar), 
	cw_additions:gun_parts (from [V2.0.4] the_deeper_void-2.0.4-forge-1.20.1.jar), 
	cw_additions:gunsteel (from [V2.0.4] the_deeper_void-2.0.4-forge-1.20.1.jar), 
	cw_additions:gun_barrel (from [V2.0.4] the_deeper_void-2.0.4-forge-1.20.1.jar), 
	cw_additions:reinforced_barrel (from [V2.0.4] the_deeper_void-2.0.4-forge-1.20.1.jar), 
	cw_additions:advanced_gun_internals (from [V2.0.4] the_deeper_void-2.0.4-forge-1.20.1.jar)
[16Jun2026 02:04:04.193] [Worker-Main-8/INFO] [KubeJS Server/]: [minecraft:block] Found 766 tags, added 2 objects, removed 0 objects
[16Jun2026 02:04:04.209] [Worker-Main-8/ERROR] [net.minecraft.tags.TagLoader/]: Couldn't load tag fabric:mineable/needs_tool_level_3 as it is missing following references: netherite_ore_mod:ancientdebrisore (from Sky's Overworld Netherite 2.8 1.20.1 Forge.jar), 
	netherite_ore_mod:deepslate_ancient_debris_ore (from Sky's Overworld Netherite 2.8 1.20.1 Forge.jar), 
	netherite_ore_mod:netherite_ancient_debris_ore (from Sky's Overworld Netherite 2.8 1.20.1 Forge.jar)
[16Jun2026 02:04:04.912] [Worker-Main-9/ERROR] [net.minecraft.server.packs.resources.SimpleJsonResourceReloadListener/]: Couldn't parse data file tacz:misc/blood_strike_1 from tacz:recipes/misc/blood_strike_1.json
com.google.gson.JsonParseException: com.google.gson.stream.MalformedJsonException: Expected ':' at line 27 column 10 path $.result.item.nbt.BlockId.sfms:ms_workbench
	at net.minecraft.util.GsonHelper.m_13780_(GsonHelper.java:526) ~[server-1.20.1-20230612.114412-srg.jar%23506!/:?]
	at net.minecraft.util.GsonHelper.m_263475_(GsonHelper.java:531) ~[server-1.20.1-20230612.114412-srg.jar%23506!/:?]
	at net.minecraft.util.GsonHelper.m_13776_(GsonHelper.java:581) ~[server-1.20.1-20230612.114412-srg.jar%23506!/:?]
	at net.minecraft.server.packs.resources.SimpleJsonResourceReloadListener.m_278771_(SimpleJsonResourceReloadListener.java:41) ~[server-1.20.1-20230612.114412-srg.jar%23506!/:?]
	at net.minecraft.server.packs.resources.SimpleJsonResourceReloadListener.m_5944_(SimpleJsonResourceReloadListener.java:29) ~[server-1.20.1-20230612.114412-srg.jar%23506!/:?]
	at net.minecraft.server.packs.resources.SimpleJsonResourceReloadListener.m_5944_(SimpleJsonResourceReloadListener.java:17) ~[server-1.20.1-20230612.114412-srg.jar%23506!/:?]
	at net.minecraft.server.packs.resources.SimplePreparableReloadListener.m_10786_(SimplePreparableReloadListener.java:11) ~[server-1.20.1-20230612.114412-srg.jar%23506!/:?]
	at java.util.concurrent.CompletableFuture$AsyncSupply.run(CompletableFuture.java:1768) ~[?:?]
	at java.util.concurrent.CompletableFuture$AsyncSupply.exec(CompletableFuture.java:1760) ~[?:?]
	at java.util.concurrent.ForkJoinTask.doExec(ForkJoinTask.java:373) ~[?:?]
	at java.util.concurrent.ForkJoinPool$WorkQueue.topLevelExec(ForkJoinPool.java:1182) ~[?:?]
	at java.util.concurrent.ForkJoinPool.scan(ForkJoinPool.java:1655) ~[?:?]
	at java.util.concurrent.ForkJoinPool.runWorker(ForkJoinPool.java:1622) ~[?:?]
	at java.util.concurrent.ForkJoinWorkerThread.run(ForkJoinWorkerThread.java:165) ~[?:?]
Caused by: com.google.gson.stream.MalformedJsonException: Expected ':' at line 27 column 10 path $.result.item.nbt.BlockId.sfms:ms_workbench
	at com.google.gson.stream.JsonReader.syntaxError(JsonReader.java:1657) ~[gson-2.10.jar%2372!/:?]
	at com.google.gson.stream.JsonReader.doPeek(JsonReader.java:539) ~[gson-2.10.jar%2372!/:?]
	at com.google.gson.stream.JsonReader.peek(JsonReader.java:433) ~[gson-2.10.jar%2372!/:?]
	at com.google.gson.internal.bind.TypeAdapters$28.read(TypeAdapters.java:786) ~[gson-2.10.jar%2372!/:?]
	at com.google.gson.internal.bind.TypeAdapters$28.read(TypeAdapters.java:725) ~[gson-2.10.jar%2372!/:?]
	at com.google.gson.internal.bind.TypeAdapters$34$1.read(TypeAdapters.java:1007) ~[gson-2.10.jar%2372!/:?]
	at net.minecraft.util.GsonHelper.m_13780_(GsonHelper.java:524) ~[server-1.20.1-20230612.114412-srg.jar%23506!/:?]
	... 13 more
[16Jun2026 02:04:05.286] [Worker-Main-11/ERROR] [net.minecraftforge.common.ForgeHooks/]: Couldn't parse element loot_tables:aiycrates:blocks/blue_filum_table
com.google.gson.JsonSyntaxException: Expected name to be an item, was unknown string 'getit:blue_filum'
	at net.minecraft.util.GsonHelper.m_13866_(GsonHelper.java:145) ~[server-1.20.1-20230612.114412-srg.jar%23506!/:?]
	at java.util.Optional.orElseThrow(Optional.java:403) ~[?:?]
	at net.minecraft.util.GsonHelper.m_13874_(GsonHelper.java:145) ~[server-1.20.1-20230612.114412-srg.jar%23506!/:?]
	at net.minecraft.util.GsonHelper.m_13909_(GsonHelper.java:153) ~[server-1.20.1-20230612.114412-srg.jar%23506!/:?]
	at net.minecraft.world.level.storage.loot.entries.LootItem$Serializer.m_7267_(LootItem.java:55) ~[server-1.20.1-20230612.114412-srg.jar%23506!/:?]
	at net.minecraft.world.level.storage.loot.entries.LootItem$Serializer.m_7267_(LootItem.java:40) ~[server-1.20.1-20230612.114412-srg.jar%23506!/:?]
	at net.minecraft.world.level.storage.loot.entries.LootPoolSingletonContainer$Serializer.m_5921_(LootPoolSingletonContainer.java:151) ~[server-1.20.1-20230612.114412-srg.jar%23506!/:?]
	at net.minecraft.world.level.storage.loot.entries.LootPoolSingletonContainer$Serializer.m_5921_(LootPoolSingletonContainer.java:129) ~[server-1.20.1-20230612.114412-srg.jar%23506!/:?]
	at net.minecraft.world.level.storage.loot.entries.LootPoolEntryContainer$Serializer.m_7561_(LootPoolEntryContainer.java:86) ~[server-1.20.1-20230612.114412-srg.jar%23506!/:?]
	at net.minecraft.world.level.storage.loot.entries.LootPoolEntryContainer$Serializer.m_7561_(LootPoolEntryContainer.java:74) ~[server-1.20.1-20230612.114412-srg.jar%23506!/:?]
	at net.minecraft.world.level.storage.loot.GsonAdapterFactory$JsonAdapter.deserialize(GsonAdapterFactory.java:102) ~[server-1.20.1-20230612.114412-srg.jar%23506!/:?]
	at com.google.gson.internal.bind.TreeTypeAdapter.read(TreeTypeAdapter.java:76) ~[gson-2.10.jar%2372!/:?]
	at com.google.gson.internal.bind.TypeAdapterRuntimeTypeWrapper.read(TypeAdapterRuntimeTypeWrapper.java:40) ~[gson-2.10.jar%2372!/:?]
	at com.google.gson.internal.bind.ArrayTypeAdapter.read(ArrayTypeAdapter.java:72) ~[gson-2.10.jar%2372!/:?]
	at com.google.gson.Gson.fromJson(Gson.java:1214) ~[gson-2.10.jar%2372!/:?]
	at com.google.gson.Gson.fromJson(Gson.java:1319) ~[gson-2.10.jar%2372!/:?]
	at com.google.gson.Gson.fromJson(Gson.java:1290) ~[gson-2.10.jar%2372!/:?]
	at com.google.gson.internal.bind.TreeTypeAdapter$GsonContextImpl.deserialize(TreeTypeAdapter.java:179) ~[gson-2.10.jar%2372!/:?]
	at net.minecraft.util.GsonHelper.m_13808_(GsonHelper.java:463) ~[server-1.20.1-20230612.114412-srg.jar%23506!/:?]
	at net.minecraft.util.GsonHelper.m_13836_(GsonHelper.java:471) ~[server-1.20.1-20230612.114412-srg.jar%23506!/:?]
	at net.minecraft.world.level.storage.loot.LootPool$Serializer.deserialize(LootPool.java:192) ~[server-1.20.1-20230612.114412-srg.jar%23506!/:?]
	at net.minecraft.world.level.storage.loot.LootPool$Serializer.deserialize(LootPool.java:189) ~[server-1.20.1-20230612.114412-srg.jar%23506!/:?]
	at com.google.gson.internal.bind.TreeTypeAdapter.read(TreeTypeAdapter.java:76) ~[gson-2.10.jar%2372!/:?]
	at com.google.gson.internal.bind.TypeAdapterRuntimeTypeWrapper.read(TypeAdapterRuntimeTypeWrapper.java:40) ~[gson-2.10.jar%2372!/:?]
	at com.google.gson.internal.bind.ArrayTypeAdapter.read(ArrayTypeAdapter.java:72) ~[gson-2.10.jar%2372!/:?]
	at com.google.gson.Gson.fromJson(Gson.java:1214) ~[gson-2.10.jar%2372!/:?]
	at com.google.gson.Gson.fromJson(Gson.java:1319) ~[gson-2.10.jar%2372!/:?]
	at com.google.gson.Gson.fromJson(Gson.java:1290) ~[gson-2.10.jar%2372!/:?]
	at com.google.gson.internal.bind.TreeTypeAdapter$GsonContextImpl.deserialize(TreeTypeAdapter.java:179) ~[gson-2.10.jar%2372!/:?]
	at net.minecraft.util.GsonHelper.m_13808_(GsonHelper.java:463) ~[server-1.20.1-20230612.114412-srg.jar%23506!/:?]
	at net.minecraft.util.GsonHelper.m_13845_(GsonHelper.java:481) ~[server-1.20.1-20230612.114412-srg.jar%23506!/:?]
	at net.minecraft.world.level.storage.loot.LootTable$Serializer.deserialize(LootTable.java:294) ~[server-1.20.1-20230612.114412-srg.jar%23506!/:?]
	at net.minecraft.world.level.storage.loot.LootTable$Serializer.deserialize(LootTable.java:291) ~[server-1.20.1-20230612.114412-srg.jar%23506!/:?]
	at com.google.gson.internal.bind.TreeTypeAdapter.read(TreeTypeAdapter.java:76) ~[gson-2.10.jar%2372!/:?]
	at com.google.gson.Gson.fromJson(Gson.java:1214) ~[gson-2.10.jar%2372!/:?]
	at com.google.gson.Gson.fromJson(Gson.java:1319) ~[gson-2.10.jar%2372!/:?]
	at com.google.gson.Gson.fromJson(Gson.java:1261) ~[gson-2.10.jar%2372!/:?]
	at net.minecraftforge.common.ForgeHooks.loadLootTable(ForgeHooks.java:872) ~[forge-1.20.1-47.4.20-universal.jar%23511!/:?]
	at net.minecraftforge.common.ForgeHooks.lambda$getLootTableDeserializer$3(ForgeHooks.java:849) ~[forge-1.20.1-47.4.20-universal.jar%23511!/:?]
	at net.minecraft.world.level.storage.loot.LootDataType.deserialize(LootDataType.java:45) ~[server-1.20.1-20230612.114412-srg.jar%23506!/:?]
	at net.minecraft.world.level.storage.loot.LootDataManager.lambda$scheduleElementParse$4(LootDataManager.java:56) ~[server-1.20.1-20230612.114412-srg.jar%23506!/:?]
	at java.util.HashMap.forEach(HashMap.java:1421) ~[?:?]
	at net.minecraft.world.level.storage.loot.LootDataManager.m_278660_(LootDataManager.java:55) ~[server-1.20.1-20230612.114412-srg.jar%23506!/:?]
	at java.util.concurrent.CompletableFuture$AsyncRun.run(CompletableFuture.java:1804) ~[?:?]
	at java.util.concurrent.CompletableFuture$AsyncRun.exec(CompletableFuture.java:1796) ~[?:?]
	at java.util.concurrent.ForkJoinTask.doExec(ForkJoinTask.java:373) ~[?:?]
	at java.util.concurrent.ForkJoinPool$WorkQueue.topLevelExec(ForkJoinPool.java:1182) ~[?:?]
	at java.util.concurrent.ForkJoinPool.scan(ForkJoinPool.java:1655) ~[?:?]
	at java.util.concurrent.ForkJoinPool.runWorker(ForkJoinPool.java:1622) ~[?:?]
	at java.util.concurrent.ForkJoinWorkerThread.run(ForkJoinWorkerThread.java:165) ~[?:?]
[16Jun2026 02:04:05.305] [Worker-Main-11/ERROR] [net.minecraftforge.common.ForgeHooks/]: Couldn't parse element loot_tables:keerdm_zombie_essentials:chests/abandoned_car_advanced_vics
com.google.gson.JsonSyntaxException: Expected name to be an item, was unknown string 'pointblank:m4a1'
	at net.minecraft.util.GsonHelper.m_13866_(GsonHelper.java:145) ~[server-1.20.1-20230612.114412-srg.jar%23506!/:?]
	at java.util.Optional.orElseThrow(Optional.java:403) ~[?:?]
	at net.minecraft.util.GsonHelper.m_13874_(GsonHelper.java:145) ~[server-1.20.1-20230612.114412-srg.jar%23506!/:?]
	at net.minecraft.util.GsonHelper.m_13909_(GsonHelper.java:153) ~[server-1.20.1-20230612.114412-srg.jar%23506!/:?]
	at net.minecraft.world.level.storage.loot.entries.LootItem$Serializer.m_7267_(LootItem.java:55) ~[server-1.20.1-20230612.114412-srg.jar%23506!/:?]
	at net.minecraft.world.level.storage.loot.entries.LootItem$Serializer.m_7267_(LootItem.java:40) ~[server-1.20.1-20230612.114412-srg.jar%23506!/:?]
	at net.minecraft.world.level.storage.loot.entries.LootPoolSingletonContainer$Serializer.m_5921_(LootPoolSingletonContainer.java:151) ~[server-1.20.1-20230612.114412-srg.jar%23506!/:?]
	at net.minecraft.world.level.storage.loot.entries.LootPoolSingletonContainer$Serializer.m_5921_(LootPoolSingletonContainer.java:129) ~[server-1.20.1-20230612.114412-srg.jar%23506!/:?]
	at net.minecraft.world.level.storage.loot.entries.LootPoolEntryContainer$Serializer.m_7561_(LootPoolEntryContainer.java:86) ~[server-1.20.1-20230612.114412-srg.jar%23506!/:?]
	at net.minecraft.world.level.storage.loot.entries.LootPoolEntryContainer$Serializer.m_7561_(LootPoolEntryContainer.java:74) ~[server-1.20.1-20230612.114412-srg.jar%23506!/:?]
	at net.minecraft.world.level.storage.loot.GsonAdapterFactory$JsonAdapter.deserialize(GsonAdapterFactory.java:102) ~[server-1.20.1-20230612.114412-srg.jar%23506!/:?]
	at com.google.gson.internal.bind.TreeTypeAdapter.read(TreeTypeAdapter.java:76) ~[gson-2.10.jar%2372!/:?]
	at com.google.gson.internal.bind.TypeAdapterRuntimeTypeWrapper.read(TypeAdapterRuntimeTypeWrapper.java:40) ~[gson-2.10.jar%2372!/:?]
	at com.google.gson.internal.bind.ArrayTypeAdapter.read(ArrayTypeAdapter.java:72) ~[gson-2.10.jar%2372!/:?]
	at com.google.gson.Gson.fromJson(Gson.java:1214) ~[gson-2.10.jar%2372!/:?]
	at com.google.gson.Gson.fromJson(Gson.java:1319) ~[gson-2.10.jar%2372!/:?]
	at com.google.gson.Gson.fromJson(Gson.java:1290) ~[gson-2.10.jar%2372!/:?]
	at com.google.gson.internal.bind.TreeTypeAdapter$GsonContextImpl.deserialize(TreeTypeAdapter.java:179) ~[gson-2.10.jar%2372!/:?]
	at net.minecraft.util.GsonHelper.m_13808_(GsonHelper.java:463) ~[server-1.20.1-20230612.114412-srg.jar%23506!/:?]
	at net.minecraft.util.GsonHelper.m_13836_(GsonHelper.java:471) ~[server-1.20.1-20230612.114412-srg.jar%23506!/:?]
	at net.minecraft.world.level.storage.loot.LootPool$Serializer.deserialize(LootPool.java:192) ~[server-1.20.1-20230612.114412-srg.jar%23506!/:?]
	at net.minecraft.world.level.storage.loot.LootPool$Serializer.deserialize(LootPool.java:189) ~[server-1.20.1-20230612.114412-srg.jar%23506!/:?]
	at com.google.gson.internal.bind.TreeTypeAdapter.read(TreeTypeAdapter.java:76) ~[gson-2.10.jar%2372!/:?]
	at com.google.gson.internal.bind.TypeAdapterRuntimeTypeWrapper.read(TypeAdapterRuntimeTypeWrapper.java:40) ~[gson-2.10.jar%2372!/:?]
	at com.google.gson.internal.bind.ArrayTypeAdapter.read(ArrayTypeAdapter.java:72) ~[gson-2.10.jar%2372!/:?]
	at com.google.gson.Gson.fromJson(Gson.java:1214) ~[gson-2.10.jar%2372!/:?]
	at com.google.gson.Gson.fromJson(Gson.java:1319) ~[gson-2.10.jar%2372!/:?]
	at com.google.gson.Gson.fromJson(Gson.java:1290) ~[gson-2.10.jar%2372!/:?]
	at com.google.gson.internal.bind.TreeTypeAdapter$GsonContextImpl.deserialize(TreeTypeAdapter.java:179) ~[gson-2.10.jar%2372!/:?]
	at net.minecraft.util.GsonHelper.m_13808_(GsonHelper.java:463) ~[server-1.20.1-20230612.114412-srg.jar%23506!/:?]
	at net.minecraft.util.GsonHelper.m_13845_(GsonHelper.java:481) ~[server-1.20.1-20230612.114412-srg.jar%23506!/:?]
	at net.minecraft.world.level.storage.loot.LootTable$Serializer.deserialize(LootTable.java:294) ~[server-1.20.1-20230612.114412-srg.jar%23506!/:?]
	at net.minecraft.world.level.storage.loot.LootTable$Serializer.deserialize(LootTable.java:291) ~[server-1.20.1-20230612.114412-srg.jar%23506!/:?]
	at com.google.gson.internal.bind.TreeTypeAdapter.read(TreeTypeAdapter.java:76) ~[gson-2.10.jar%2372!/:?]
	at com.google.gson.Gson.fromJson(Gson.java:1214) ~[gson-2.10.jar%2372!/:?]
	at com.google.gson.Gson.fromJson(Gson.java:1319) ~[gson-2.10.jar%2372!/:?]
	at com.google.gson.Gson.fromJson(Gson.java:1261) ~[gson-2.10.jar%2372!/:?]
	at net.minecraftforge.common.ForgeHooks.loadLootTable(ForgeHooks.java:872) ~[forge-1.20.1-47.4.20-universal.jar%23511!/:?]
	at net.minecraftforge.common.ForgeHooks.lambda$getLootTableDeserializer$3(ForgeHooks.java:849) ~[forge-1.20.1-47.4.20-universal.jar%23511!/:?]
	at net.minecraft.world.level.storage.loot.LootDataType.deserialize(LootDataType.java:45) ~[server-1.20.1-20230612.114412-srg.jar%23506!/:?]
	at net.minecraft.world.level.storage.loot.LootDataManager.lambda$scheduleElementParse$4(LootDataManager.java:56) ~[server-1.20.1-20230612.114412-srg.jar%23506!/:?]
	at java.util.HashMap.forEach(HashMap.java:1421) ~[?:?]
	at net.minecraft.world.level.storage.loot.LootDataManager.m_278660_(LootDataManager.java:55) ~[server-1.20.1-20230612.114412-srg.jar%23506!/:?]
	at java.util.concurrent.CompletableFuture$AsyncRun.run(CompletableFuture.java:1804) ~[?:?]
	at java.util.concurrent.CompletableFuture$AsyncRun.exec(CompletableFuture.java:1796) ~[?:?]
	at java.util.concurrent.ForkJoinTask.doExec(ForkJoinTask.java:373) ~[?:?]
	at java.util.concurrent.ForkJoinPool$WorkQueue.topLevelExec(ForkJoinPool.java:1182) ~[?:?]
	at java.util.concurrent.ForkJoinPool.scan(ForkJoinPool.java:1655) ~[?:?]
	at java.util.concurrent.ForkJoinPool.runWorker(ForkJoinPool.java:1622) ~[?:?]
	at java.util.concurrent.ForkJoinWorkerThread.run(ForkJoinWorkerThread.java:165) ~[?:?]
[16Jun2026 02:04:05.332] [Worker-Main-11/ERROR] [net.minecraftforge.common.ForgeHooks/]: Couldn't parse element loot_tables:keerdm_zombie_essentials:chests/abandoned_car_basic_vics
com.google.gson.JsonSyntaxException: Expected name to be an item, was unknown string 'pointblank:mp7'
	at net.minecraft.util.GsonHelper.m_13866_(GsonHelper.java:145) ~[server-1.20.1-20230612.114412-srg.jar%23506!/:?]
	at java.util.Optional.orElseThrow(Optional.java:403) ~[?:?]
	at net.minecraft.util.GsonHelper.m_13874_(GsonHelper.java:145) ~[server-1.20.1-20230612.114412-srg.jar%23506!/:?]
	at net.minecraft.util.GsonHelper.m_13909_(GsonHelper.java:153) ~[server-1.20.1-20230612.114412-srg.jar%23506!/:?]
	at net.minecraft.world.level.storage.loot.entries.LootItem$Serializer.m_7267_(LootItem.java:55) ~[server-1.20.1-20230612.114412-srg.jar%23506!/:?]
	at net.minecraft.world.level.storage.loot.entries.LootItem$Serializer.m_7267_(LootItem.java:40) ~[server-1.20.1-20230612.114412-srg.jar%23506!/:?]
	at net.minecraft.world.level.storage.loot.entries.LootPoolSingletonContainer$Serializer.m_5921_(LootPoolSingletonContainer.java:151) ~[server-1.20.1-20230612.114412-srg.jar%23506!/:?]
	at net.minecraft.world.level.storage.loot.entries.LootPoolSingletonContainer$Serializer.m_5921_(LootPoolSingletonContainer.java:129) ~[server-1.20.1-20230612.114412-srg.jar%23506!/:?]
	at net.minecraft.world.level.storage.loot.entries.LootPoolEntryContainer$Serializer.m_7561_(LootPoolEntryContainer.java:86) ~[server-1.20.1-20230612.114412-srg.jar%23506!/:?]
	at net.minecraft.world.level.storage.loot.entries.LootPoolEntryContainer$Serializer.m_7561_(LootPoolEntryContainer.java:74) ~[server-1.20.1-20230612.114412-srg.jar%23506!/:?]
	at net.minecraft.world.level.storage.loot.GsonAdapterFactory$JsonAdapter.deserialize(GsonAdapterFactory.java:102) ~[server-1.20.1-20230612.114412-srg.jar%23506!/:?]
	at com.google.gson.internal.bind.TreeTypeAdapter.read(TreeTypeAdapter.java:76) ~[gson-2.10.jar%2372!/:?]
	at com.google.gson.internal.bind.TypeAdapterRuntimeTypeWrapper.read(TypeAdapterRuntimeTypeWrapper.java:40) ~[gson-2.10.jar%2372!/:?]
	at com.google.gson.internal.bind.ArrayTypeAdapter.read(ArrayTypeAdapter.java:72) ~[gson-2.10.jar%2372!/:?]
	at com.google.gson.Gson.fromJson(Gson.java:1214) ~[gson-2.10.jar%2372!/:?]
	at com.google.gson.Gson.fromJson(Gson.java:1319) ~[gson-2.10.jar%2372!/:?]
	at com.google.gson.Gson.fromJson(Gson.java:1290) ~[gson-2.10.jar%2372!/:?]
	at com.google.gson.internal.bind.TreeTypeAdapter$GsonContextImpl.deserialize(TreeTypeAdapter.java:179) ~[gson-2.10.jar%2372!/:?]
	at net.minecraft.util.GsonHelper.m_13808_(GsonHelper.java:463) ~[server-1.20.1-20230612.114412-srg.jar%23506!/:?]
	at net.minecraft.util.GsonHelper.m_13836_(GsonHelper.java:471) ~[server-1.20.1-20230612.114412-srg.jar%23506!/:?]
	at net.minecraft.world.level.storage.loot.LootPool$Serializer.deserialize(LootPool.java:192) ~[server-1.20.1-20230612.114412-srg.jar%23506!/:?]
	at net.minecraft.world.level.storage.loot.LootPool$Serializer.deserialize(LootPool.java:189) ~[server-1.20.1-20230612.114412-srg.jar%23506!/:?]
	at com.google.gson.internal.bind.TreeTypeAdapter.read(TreeTypeAdapter.java:76) ~[gson-2.10.jar%2372!/:?]
	at com.google.gson.internal.bind.TypeAdapterRuntimeTypeWrapper.read(TypeAdapterRuntimeTypeWrapper.java:40) ~[gson-2.10.jar%2372!/:?]
	at com.google.gson.internal.bind.ArrayTypeAdapter.read(ArrayTypeAdapter.java:72) ~[gson-2.10.jar%2372!/:?]
	at com.google.gson.Gson.fromJson(Gson.java:1214) ~[gson-2.10.jar%2372!/:?]
	at com.google.gson.Gson.fromJson(Gson.java:1319) ~[gson-2.10.jar%2372!/:?]
	at com.google.gson.Gson.fromJson(Gson.java:1290) ~[gson-2.10.jar%2372!/:?]
	at com.google.gson.internal.bind.TreeTypeAdapter$GsonContextImpl.deserialize(TreeTypeAdapter.java:179) ~[gson-2.10.jar%2372!/:?]
	at net.minecraft.util.GsonHelper.m_13808_(GsonHelper.java:463) ~[server-1.20.1-20230612.114412-srg.jar%23506!/:?]
	at net.minecraft.util.GsonHelper.m_13845_(GsonHelper.java:481) ~[server-1.20.1-20230612.114412-srg.jar%23506!/:?]
	at net.minecraft.world.level.storage.loot.LootTable$Serializer.deserialize(LootTable.java:294) ~[server-1.20.1-20230612.114412-srg.jar%23506!/:?]
	at net.minecraft.world.level.storage.loot.LootTable$Serializer.deserialize(LootTable.java:291) ~[server-1.20.1-20230612.114412-srg.jar%23506!/:?]
	at com.google.gson.internal.bind.TreeTypeAdapter.read(TreeTypeAdapter.java:76) ~[gson-2.10.jar%2372!/:?]
	at com.google.gson.Gson.fromJson(Gson.java:1214) ~[gson-2.10.jar%2372!/:?]
	at com.google.gson.Gson.fromJson(Gson.java:1319) ~[gson-2.10.jar%2372!/:?]
	at com.google.gson.Gson.fromJson(Gson.java:1261) ~[gson-2.10.jar%2372!/:?]
	at net.minecraftforge.common.ForgeHooks.loadLootTable(ForgeHooks.java:872) ~[forge-1.20.1-47.4.20-universal.jar%23511!/:?]
	at net.minecraftforge.common.ForgeHooks.lambda$getLootTableDeserializer$3(ForgeHooks.java:849) ~[forge-1.20.1-47.4.20-universal.jar%23511!/:?]
	at net.minecraft.world.level.storage.loot.LootDataType.deserialize(LootDataType.java:45) ~[server-1.20.1-20230612.114412-srg.jar%23506!/:?]
	at net.minecraft.world.level.storage.loot.LootDataManager.lambda$scheduleElementParse$4(LootDataManager.java:56) ~[server-1.20.1-20230612.114412-srg.jar%23506!/:?]
	at java.util.HashMap.forEach(HashMap.java:1421) ~[?:?]
	at net.minecraft.world.level.storage.loot.LootDataManager.m_278660_(LootDataManager.java:55) ~[server-1.20.1-20230612.114412-srg.jar%23506!/:?]
	at java.util.concurrent.CompletableFuture$AsyncRun.run(CompletableFuture.java:1804) ~[?:?]
	at java.util.concurrent.CompletableFuture$AsyncRun.exec(CompletableFuture.java:1796) ~[?:?]
	at java.util.concurrent.ForkJoinTask.doExec(ForkJoinTask.java:373) ~[?:?]
	at java.util.concurrent.ForkJoinPool$WorkQueue.topLevelExec(ForkJoinPool.java:1182) ~[?:?]
	at java.util.concurrent.ForkJoinPool.scan(ForkJoinPool.java:1655) ~[?:?]
	at java.util.concurrent.ForkJoinPool.runWorker(ForkJoinPool.java:1622) ~[?:?]
	at java.util.concurrent.ForkJoinWorkerThread.run(ForkJoinWorkerThread.java:165) ~[?:?]
[16Jun2026 02:04:05.346] [Worker-Main-11/ERROR] [net.minecraftforge.common.ForgeHooks/]: Couldn't parse element loot_tables:keerdm_zombie_essentials:chests/vics_point_blank_ammochest
com.google.gson.JsonSyntaxException: Expected name to be an item, was unknown string 'pointblank:ammo9mm'
	at net.minecraft.util.GsonHelper.m_13866_(GsonHelper.java:145) ~[server-1.20.1-20230612.114412-srg.jar%23506!/:?]
	at java.util.Optional.orElseThrow(Optional.java:403) ~[?:?]
	at net.minecraft.util.GsonHelper.m_13874_(GsonHelper.java:145) ~[server-1.20.1-20230612.114412-srg.jar%23506!/:?]
	at net.minecraft.util.GsonHelper.m_13909_(GsonHelper.java:153) ~[server-1.20.1-20230612.114412-srg.jar%23506!/:?]
	at net.minecraft.world.level.storage.loot.entries.LootItem$Serializer.m_7267_(LootItem.java:55) ~[server-1.20.1-20230612.114412-srg.jar%23506!/:?]
	at net.minecraft.world.level.storage.loot.entries.LootItem$Serializer.m_7267_(LootItem.java:40) ~[server-1.20.1-20230612.114412-srg.jar%23506!/:?]
	at net.minecraft.world.level.storage.loot.entries.LootPoolSingletonContainer$Serializer.m_5921_(LootPoolSingletonContainer.java:151) ~[server-1.20.1-20230612.114412-srg.jar%23506!/:?]
	at net.minecraft.world.level.storage.loot.entries.LootPoolSingletonContainer$Serializer.m_5921_(LootPoolSingletonContainer.java:129) ~[server-1.20.1-20230612.114412-srg.jar%23506!/:?]
	at net.minecraft.world.level.storage.loot.entries.LootPoolEntryContainer$Serializer.m_7561_(LootPoolEntryContainer.java:86) ~[server-1.20.1-20230612.114412-srg.jar%23506!/:?]
	at net.minecraft.world.level.storage.loot.entries.LootPoolEntryContainer$Serializer.m_7561_(LootPoolEntryContainer.java:74) ~[server-1.20.1-20230612.114412-srg.jar%23506!/:?]
	at net.minecraft.world.level.storage.loot.GsonAdapterFactory$JsonAdapter.deserialize(GsonAdapterFactory.java:102) ~[server-1.20.1-20230612.114412-srg.jar%23506!/:?]
	at com.google.gson.internal.bind.TreeTypeAdapter.read(TreeTypeAdapter.java:76) ~[gson-2.10.jar%2372!/:?]
	at com.google.gson.internal.bind.TypeAdapterRuntimeTypeWrapper.read(TypeAdapterRuntimeTypeWrapper.java:40) ~[gson-2.10.jar%2372!/:?]
	at com.google.gson.internal.bind.ArrayTypeAdapter.read(ArrayTypeAdapter.java:72) ~[gson-2.10.jar%2372!/:?]
	at com.google.gson.Gson.fromJson(Gson.java:1214) ~[gson-2.10.jar%2372!/:?]
	at com.google.gson.Gson.fromJson(Gson.java:1319) ~[gson-2.10.jar%2372!/:?]
	at com.google.gson.Gson.fromJson(Gson.java:1290) ~[gson-2.10.jar%2372!/:?]
	at com.google.gson.internal.bind.TreeTypeAdapter$GsonContextImpl.deserialize(TreeTypeAdapter.java:179) ~[gson-2.10.jar%2372!/:?]
	at net.minecraft.util.GsonHelper.m_13808_(GsonHelper.java:463) ~[server-1.20.1-20230612.114412-srg.jar%23506!/:?]
	at net.minecraft.util.GsonHelper.m_13836_(GsonHelper.java:471) ~[server-1.20.1-20230612.114412-srg.jar%23506!/:?]
	at net.minecraft.world.level.storage.loot.LootPool$Serializer.deserialize(LootPool.java:192) ~[server-1.20.1-20230612.114412-srg.jar%23506!/:?]
	at net.minecraft.world.level.storage.loot.LootPool$Serializer.deserialize(LootPool.java:189) ~[server-1.20.1-20230612.114412-srg.jar%23506!/:?]
	at com.google.gson.internal.bind.TreeTypeAdapter.read(TreeTypeAdapter.java:76) ~[gson-2.10.jar%2372!/:?]
	at com.google.gson.internal.bind.TypeAdapterRuntimeTypeWrapper.read(TypeAdapterRuntimeTypeWrapper.java:40) ~[gson-2.10.jar%2372!/:?]
	at com.google.gson.internal.bind.ArrayTypeAdapter.read(ArrayTypeAdapter.java:72) ~[gson-2.10.jar%2372!/:?]
	at com.google.gson.Gson.fromJson(Gson.java:1214) ~[gson-2.10.jar%2372!/:?]
	at com.google.gson.Gson.fromJson(Gson.java:1319) ~[gson-2.10.jar%2372!/:?]
	at com.google.gson.Gson.fromJson(Gson.java:1290) ~[gson-2.10.jar%2372!/:?]
	at com.google.gson.internal.bind.TreeTypeAdapter$GsonContextImpl.deserialize(TreeTypeAdapter.java:179) ~[gson-2.10.jar%2372!/:?]
	at net.minecraft.util.GsonHelper.m_13808_(GsonHelper.java:463) ~[server-1.20.1-20230612.114412-srg.jar%23506!/:?]
	at net.minecraft.util.GsonHelper.m_13845_(GsonHelper.java:481) ~[server-1.20.1-20230612.114412-srg.jar%23506!/:?]
	at net.minecraft.world.level.storage.loot.LootTable$Serializer.deserialize(LootTable.java:294) ~[server-1.20.1-20230612.114412-srg.jar%23506!/:?]
	at net.minecraft.world.level.storage.loot.LootTable$Serializer.deserialize(LootTable.java:291) ~[server-1.20.1-20230612.114412-srg.jar%23506!/:?]
	at com.google.gson.internal.bind.TreeTypeAdapter.read(TreeTypeAdapter.java:76) ~[gson-2.10.jar%2372!/:?]
	at com.google.gson.Gson.fromJson(Gson.java:1214) ~[gson-2.10.jar%2372!/:?]
	at com.google.gson.Gson.fromJson(Gson.java:1319) ~[gson-2.10.jar%2372!/:?]
	at com.google.gson.Gson.fromJson(Gson.java:1261) ~[gson-2.10.jar%2372!/:?]
	at net.minecraftforge.common.ForgeHooks.loadLootTable(ForgeHooks.java:872) ~[forge-1.20.1-47.4.20-universal.jar%23511!/:?]
	at net.minecraftforge.common.ForgeHooks.lambda$getLootTableDeserializer$3(ForgeHooks.java:849) ~[forge-1.20.1-47.4.20-universal.jar%23511!/:?]
	at net.minecraft.world.level.storage.loot.LootDataType.deserialize(LootDataType.java:45) ~[server-1.20.1-20230612.114412-srg.jar%23506!/:?]
	at net.minecraft.world.level.storage.loot.LootDataManager.lambda$scheduleElementParse$4(LootDataManager.java:56) ~[server-1.20.1-20230612.114412-srg.jar%23506!/:?]
	at java.util.HashMap.forEach(HashMap.java:1421) ~[?:?]
	at net.minecraft.world.level.storage.loot.LootDataManager.m_278660_(LootDataManager.java:55) ~[server-1.20.1-20230612.114412-srg.jar%23506!/:?]
	at java.util.concurrent.CompletableFuture$AsyncRun.run(CompletableFuture.java:1804) ~[?:?]
	at java.util.concurrent.CompletableFuture$AsyncRun.exec(CompletableFuture.java:1796) ~[?:?]
	at java.util.concurrent.ForkJoinTask.doExec(ForkJoinTask.java:373) ~[?:?]
	at java.util.concurrent.ForkJoinPool$WorkQueue.topLevelExec(ForkJoinPool.java:1182) ~[?:?]
	at java.util.concurrent.ForkJoinPool.scan(ForkJoinPool.java:1655) ~[?:?]
	at java.util.concurrent.ForkJoinPool.runWorker(ForkJoinPool.java:1622) ~[?:?]
	at java.util.concurrent.ForkJoinWorkerThread.run(ForkJoinWorkerThread.java:165) ~[?:?]
[16Jun2026 02:04:05.392] [Worker-Main-11/ERROR] [net.minecraftforge.common.ForgeHooks/]: Couldn't parse element loot_tables:keerdm_zombie_essentials:chests/apartment_bathroom_vics
com.google.gson.JsonSyntaxException: Expected name to be an item, was unknown string 'pointblank:glock17'
	at net.minecraft.util.GsonHelper.m_13866_(GsonHelper.java:145) ~[server-1.20.1-20230612.114412-srg.jar%23506!/:?]
	at java.util.Optional.orElseThrow(Optional.java:403) ~[?:?]
	at net.minecraft.util.GsonHelper.m_13874_(GsonHelper.java:145) ~[server-1.20.1-20230612.114412-srg.jar%23506!/:?]
	at net.minecraft.util.GsonHelper.m_13909_(GsonHelper.java:153) ~[server-1.20.1-20230612.114412-srg.jar%23506!/:?]
	at net.minecraft.world.level.storage.loot.entries.LootItem$Serializer.m_7267_(LootItem.java:55) ~[server-1.20.1-20230612.114412-srg.jar%23506!/:?]
	at net.minecraft.world.level.storage.loot.entries.LootItem$Serializer.m_7267_(LootItem.java:40) ~[server-1.20.1-20230612.114412-srg.jar%23506!/:?]
	at net.minecraft.world.level.storage.loot.entries.LootPoolSingletonContainer$Serializer.m_5921_(LootPoolSingletonContainer.java:151) ~[server-1.20.1-20230612.114412-srg.jar%23506!/:?]
	at net.minecraft.world.level.storage.loot.entries.LootPoolSingletonContainer$Serializer.m_5921_(LootPoolSingletonContainer.java:129) ~[server-1.20.1-20230612.114412-srg.jar%23506!/:?]
	at net.minecraft.world.level.storage.loot.entries.LootPoolEntryContainer$Serializer.m_7561_(LootPoolEntryContainer.java:86) ~[server-1.20.1-20230612.114412-srg.jar%23506!/:?]
	at net.minecraft.world.level.storage.loot.entries.LootPoolEntryContainer$Serializer.m_7561_(LootPoolEntryContainer.java:74) ~[server-1.20.1-20230612.114412-srg.jar%23506!/:?]
	at net.minecraft.world.level.storage.loot.GsonAdapterFactory$JsonAdapter.deserialize(GsonAdapterFactory.java:102) ~[server-1.20.1-20230612.114412-srg.jar%23506!/:?]
	at com.google.gson.internal.bind.TreeTypeAdapter.read(TreeTypeAdapter.java:76) ~[gson-2.10.jar%2372!/:?]
	at com.google.gson.internal.bind.TypeAdapterRuntimeTypeWrapper.read(TypeAdapterRuntimeTypeWrapper.java:40) ~[gson-2.10.jar%2372!/:?]
	at com.google.gson.internal.bind.ArrayTypeAdapter.read(ArrayTypeAdapter.java:72) ~[gson-2.10.jar%2372!/:?]
	at com.google.gson.Gson.fromJson(Gson.java:1214) ~[gson-2.10.jar%2372!/:?]
	at com.google.gson.Gson.fromJson(Gson.java:1319) ~[gson-2.10.jar%2372!/:?]
	at com.google.gson.Gson.fromJson(Gson.java:1290) ~[gson-2.10.jar%2372!/:?]
	at com.google.gson.internal.bind.TreeTypeAdapter$GsonContextImpl.deserialize(TreeTypeAdapter.java:179) ~[gson-2.10.jar%2372!/:?]
	at net.minecraft.util.GsonHelper.m_13808_(GsonHelper.java:463) ~[server-1.20.1-20230612.114412-srg.jar%23506!/:?]
	at net.minecraft.util.GsonHelper.m_13836_(GsonHelper.java:471) ~[server-1.20.1-20230612.114412-srg.jar%23506!/:?]
	at net.minecraft.world.level.storage.loot.LootPool$Serializer.deserialize(LootPool.java:192) ~[server-1.20.1-20230612.114412-srg.jar%23506!/:?]
	at net.minecraft.world.level.storage.loot.LootPool$Serializer.deserialize(LootPool.java:189) ~[server-1.20.1-20230612.114412-srg.jar%23506!/:?]
	at com.google.gson.internal.bind.TreeTypeAdapter.read(TreeTypeAdapter.java:76) ~[gson-2.10.jar%2372!/:?]
	at com.google.gson.internal.bind.TypeAdapterRuntimeTypeWrapper.read(TypeAdapterRuntimeTypeWrapper.java:40) ~[gson-2.10.jar%2372!/:?]
	at com.google.gson.internal.bind.ArrayTypeAdapter.read(ArrayTypeAdapter.java:72) ~[gson-2.10.jar%2372!/:?]
	at com.google.gson.Gson.fromJson(Gson.java:1214) ~[gson-2.10.jar%2372!/:?]
	at com.google.gson.Gson.fromJson(Gson.java:1319) ~[gson-2.10.jar%2372!/:?]
	at com.google.gson.Gson.fromJson(Gson.java:1290) ~[gson-2.10.jar%2372!/:?]
	at com.google.gson.internal.bind.TreeTypeAdapter$GsonContextImpl.deserialize(TreeTypeAdapter.java:179) ~[gson-2.10.jar%2372!/:?]
	at net.minecraft.util.GsonHelper.m_13808_(GsonHelper.java:463) ~[server-1.20.1-20230612.114412-srg.jar%23506!/:?]
	at net.minecraft.util.GsonHelper.m_13845_(GsonHelper.java:481) ~[server-1.20.1-20230612.114412-srg.jar%23506!/:?]
	at net.minecraft.world.level.storage.loot.LootTable$Serializer.deserialize(LootTable.java:294) ~[server-1.20.1-20230612.114412-srg.jar%23506!/:?]
	at net.minecraft.world.level.storage.loot.LootTable$Serializer.deserialize(LootTable.java:291) ~[server-1.20.1-20230612.114412-srg.jar%23506!/:?]
	at com.google.gson.internal.bind.TreeTypeAdapter.read(TreeTypeAdapter.java:76) ~[gson-2.10.jar%2372!/:?]
	at com.google.gson.Gson.fromJson(Gson.java:1214) ~[gson-2.10.jar%2372!/:?]
	at com.google.gson.Gson.fromJson(Gson.java:1319) ~[gson-2.10.jar%2372!/:?]
	at com.google.gson.Gson.fromJson(Gson.java:1261) ~[gson-2.10.jar%2372!/:?]
	at net.minecraftforge.common.ForgeHooks.loadLootTable(ForgeHooks.java:872) ~[forge-1.20.1-47.4.20-universal.jar%23511!/:?]
	at net.minecraftforge.common.ForgeHooks.lambda$getLootTableDeserializer$3(ForgeHooks.java:849) ~[forge-1.20.1-47.4.20-universal.jar%23511!/:?]
	at net.minecraft.world.level.storage.loot.LootDataType.deserialize(LootDataType.java:45) ~[server-1.20.1-20230612.114412-srg.jar%23506!/:?]
	at net.minecraft.world.level.storage.loot.LootDataManager.lambda$scheduleElementParse$4(LootDataManager.java:56) ~[server-1.20.1-20230612.114412-srg.jar%23506!/:?]
	at java.util.HashMap.forEach(HashMap.java:1421) ~[?:?]
	at net.minecraft.world.level.storage.loot.LootDataManager.m_278660_(LootDataManager.java:55) ~[server-1.20.1-20230612.114412-srg.jar%23506!/:?]
	at java.util.concurrent.CompletableFuture$AsyncRun.run(CompletableFuture.java:1804) ~[?:?]
	at java.util.concurrent.CompletableFuture$AsyncRun.exec(CompletableFuture.java:1796) ~[?:?]
	at java.util.concurrent.ForkJoinTask.doExec(ForkJoinTask.java:373) ~[?:?]
	at java.util.concurrent.ForkJoinPool$WorkQueue.topLevelExec(ForkJoinPool.java:1182) ~[?:?]
	at java.util.concurrent.ForkJoinPool.scan(ForkJoinPool.java:1655) ~[?:?]
	at java.util.concurrent.ForkJoinPool.runWorker(ForkJoinPool.java:1622) ~[?:?]
	at java.util.concurrent.ForkJoinWorkerThread.run(ForkJoinWorkerThread.java:165) ~[?:?]
[16Jun2026 02:04:05.454] [Worker-Main-11/ERROR] [net.minecraftforge.common.ForgeHooks/]: Couldn't parse element loot_tables:keerdm_zombie_essentials:chests/vics_point_blank_gunchest
com.google.gson.JsonSyntaxException: Expected name to be an item, was unknown string 'pointblank:glock17'
	at net.minecraft.util.GsonHelper.m_13866_(GsonHelper.java:145) ~[server-1.20.1-20230612.114412-srg.jar%23506!/:?]
	at java.util.Optional.orElseThrow(Optional.java:403) ~[?:?]
	at net.minecraft.util.GsonHelper.m_13874_(GsonHelper.java:145) ~[server-1.20.1-20230612.114412-srg.jar%23506!/:?]
	at net.minecraft.util.GsonHelper.m_13909_(GsonHelper.java:153) ~[server-1.20.1-20230612.114412-srg.jar%23506!/:?]
	at net.minecraft.world.level.storage.loot.entries.LootItem$Serializer.m_7267_(LootItem.java:55) ~[server-1.20.1-20230612.114412-srg.jar%23506!/:?]
	at net.minecraft.world.level.storage.loot.entries.LootItem$Serializer.m_7267_(LootItem.java:40) ~[server-1.20.1-20230612.114412-srg.jar%23506!/:?]
	at net.minecraft.world.level.storage.loot.entries.LootPoolSingletonContainer$Serializer.m_5921_(LootPoolSingletonContainer.java:151) ~[server-1.20.1-20230612.114412-srg.jar%23506!/:?]
	at net.minecraft.world.level.storage.loot.entries.LootPoolSingletonContainer$Serializer.m_5921_(LootPoolSingletonContainer.java:129) ~[server-1.20.1-20230612.114412-srg.jar%23506!/:?]
	at net.minecraft.world.level.storage.loot.entries.LootPoolEntryContainer$Serializer.m_7561_(LootPoolEntryContainer.java:86) ~[server-1.20.1-20230612.114412-srg.jar%23506!/:?]
	at net.minecraft.world.level.storage.loot.entries.LootPoolEntryContainer$Serializer.m_7561_(LootPoolEntryContainer.java:74) ~[server-1.20.1-20230612.114412-srg.jar%23506!/:?]
	at net.minecraft.world.level.storage.loot.GsonAdapterFactory$JsonAdapter.deserialize(GsonAdapterFactory.java:102) ~[server-1.20.1-20230612.114412-srg.jar%23506!/:?]
	at com.google.gson.internal.bind.TreeTypeAdapter.read(TreeTypeAdapter.java:76) ~[gson-2.10.jar%2372!/:?]
	at com.google.gson.internal.bind.TypeAdapterRuntimeTypeWrapper.read(TypeAdapterRuntimeTypeWrapper.java:40) ~[gson-2.10.jar%2372!/:?]
	at com.google.gson.internal.bind.ArrayTypeAdapter.read(ArrayTypeAdapter.java:72) ~[gson-2.10.jar%2372!/:?]
	at com.google.gson.Gson.fromJson(Gson.java:1214) ~[gson-2.10.jar%2372!/:?]
	at com.google.gson.Gson.fromJson(Gson.java:1319) ~[gson-2.10.jar%2372!/:?]
	at com.google.gson.Gson.fromJson(Gson.java:1290) ~[gson-2.10.jar%2372!/:?]
	at com.google.gson.internal.bind.TreeTypeAdapter$GsonContextImpl.deserialize(TreeTypeAdapter.java:179) ~[gson-2.10.jar%2372!/:?]
	at net.minecraft.util.GsonHelper.m_13808_(GsonHelper.java:463) ~[server-1.20.1-20230612.114412-srg.jar%23506!/:?]
	at net.minecraft.util.GsonHelper.m_13836_(GsonHelper.java:471) ~[server-1.20.1-20230612.114412-srg.jar%23506!/:?]
	at net.minecraft.world.level.storage.loot.LootPool$Serializer.deserialize(LootPool.java:192) ~[server-1.20.1-20230612.114412-srg.jar%23506!/:?]
	at net.minecraft.world.level.storage.loot.LootPool$Serializer.deserialize(LootPool.java:189) ~[server-1.20.1-20230612.114412-srg.jar%23506!/:?]
	at com.google.gson.internal.bind.TreeTypeAdapter.read(TreeTypeAdapter.java:76) ~[gson-2.10.jar%2372!/:?]
	at com.google.gson.internal.bind.TypeAdapterRuntimeTypeWrapper.read(TypeAdapterRuntimeTypeWrapper.java:40) ~[gson-2.10.jar%2372!/:?]
	at com.google.gson.internal.bind.ArrayTypeAdapter.read(ArrayTypeAdapter.java:72) ~[gson-2.10.jar%2372!/:?]
	at com.google.gson.Gson.fromJson(Gson.java:1214) ~[gson-2.10.jar%2372!/:?]
	at com.google.gson.Gson.fromJson(Gson.java:1319) ~[gson-2.10.jar%2372!/:?]
	at com.google.gson.Gson.fromJson(Gson.java:1290) ~[gson-2.10.jar%2372!/:?]
	at com.google.gson.internal.bind.TreeTypeAdapter$GsonContextImpl.deserialize(TreeTypeAdapter.java:179) ~[gson-2.10.jar%2372!/:?]
	at net.minecraft.util.GsonHelper.m_13808_(GsonHelper.java:463) ~[server-1.20.1-20230612.114412-srg.jar%23506!/:?]
	at net.minecraft.util.GsonHelper.m_13845_(GsonHelper.java:481) ~[server-1.20.1-20230612.114412-srg.jar%23506!/:?]
	at net.minecraft.world.level.storage.loot.LootTable$Serializer.deserialize(LootTable.java:294) ~[server-1.20.1-20230612.114412-srg.jar%23506!/:?]
	at net.minecraft.world.level.storage.loot.LootTable$Serializer.deserialize(LootTable.java:291) ~[server-1.20.1-20230612.114412-srg.jar%23506!/:?]
	at com.google.gson.internal.bind.TreeTypeAdapter.read(TreeTypeAdapter.java:76) ~[gson-2.10.jar%2372!/:?]
	at com.google.gson.Gson.fromJson(Gson.java:1214) ~[gson-2.10.jar%2372!/:?]
	at com.google.gson.Gson.fromJson(Gson.java:1319) ~[gson-2.10.jar%2372!/:?]
	at com.google.gson.Gson.fromJson(Gson.java:1261) ~[gson-2.10.jar%2372!/:?]
	at net.minecraftforge.common.ForgeHooks.loadLootTable(ForgeHooks.java:872) ~[forge-1.20.1-47.4.20-universal.jar%23511!/:?]
	at net.minecraftforge.common.ForgeHooks.lambda$getLootTableDeserializer$3(ForgeHooks.java:849) ~[forge-1.20.1-47.4.20-universal.jar%23511!/:?]
	at net.minecraft.world.level.storage.loot.LootDataType.deserialize(LootDataType.java:45) ~[server-1.20.1-20230612.114412-srg.jar%23506!/:?]
	at net.minecraft.world.level.storage.loot.LootDataManager.lambda$scheduleElementParse$4(LootDataManager.java:56) ~[server-1.20.1-20230612.114412-srg.jar%23506!/:?]
	at java.util.HashMap.forEach(HashMap.java:1421) ~[?:?]
	at net.minecraft.world.level.storage.loot.LootDataManager.m_278660_(LootDataManager.java:55) ~[server-1.20.1-20230612.114412-srg.jar%23506!/:?]
	at java.util.concurrent.CompletableFuture$AsyncRun.run(CompletableFuture.java:1804) ~[?:?]
	at java.util.concurrent.CompletableFuture$AsyncRun.exec(CompletableFuture.java:1796) ~[?:?]
	at java.util.concurrent.ForkJoinTask.doExec(ForkJoinTask.java:373) ~[?:?]
	at java.util.concurrent.ForkJoinPool$WorkQueue.topLevelExec(ForkJoinPool.java:1182) ~[?:?]
	at java.util.concurrent.ForkJoinPool.scan(ForkJoinPool.java:1655) ~[?:?]
	at java.util.concurrent.ForkJoinPool.runWorker(ForkJoinPool.java:1622) ~[?:?]
	at java.util.concurrent.ForkJoinWorkerThread.run(ForkJoinWorkerThread.java:165) ~[?:?]
[16Jun2026 02:04:05.465] [Worker-Main-11/ERROR] [net.minecraftforge.common.ForgeHooks/]: Couldn't parse element loot_tables:keerdm_zombie_essentials:chests/abandoned_car_emergency_vics
com.google.gson.JsonSyntaxException: Expected name to be an item, was unknown string 'pointblank:glock17'
	at net.minecraft.util.GsonHelper.m_13866_(GsonHelper.java:145) ~[server-1.20.1-20230612.114412-srg.jar%23506!/:?]
	at java.util.Optional.orElseThrow(Optional.java:403) ~[?:?]
	at net.minecraft.util.GsonHelper.m_13874_(GsonHelper.java:145) ~[server-1.20.1-20230612.114412-srg.jar%23506!/:?]
	at net.minecraft.util.GsonHelper.m_13909_(GsonHelper.java:153) ~[server-1.20.1-20230612.114412-srg.jar%23506!/:?]
	at net.minecraft.world.level.storage.loot.entries.LootItem$Serializer.m_7267_(LootItem.java:55) ~[server-1.20.1-20230612.114412-srg.jar%23506!/:?]
	at net.minecraft.world.level.storage.loot.entries.LootItem$Serializer.m_7267_(LootItem.java:40) ~[server-1.20.1-20230612.114412-srg.jar%23506!/:?]
	at net.minecraft.world.level.storage.loot.entries.LootPoolSingletonContainer$Serializer.m_5921_(LootPoolSingletonContainer.java:151) ~[server-1.20.1-20230612.114412-srg.jar%23506!/:?]
	at net.minecraft.world.level.storage.loot.entries.LootPoolSingletonContainer$Serializer.m_5921_(LootPoolSingletonContainer.java:129) ~[server-1.20.1-20230612.114412-srg.jar%23506!/:?]
	at net.minecraft.world.level.storage.loot.entries.LootPoolEntryContainer$Serializer.m_7561_(LootPoolEntryContainer.java:86) ~[server-1.20.1-20230612.114412-srg.jar%23506!/:?]
	at net.minecraft.world.level.storage.loot.entries.LootPoolEntryContainer$Serializer.m_7561_(LootPoolEntryContainer.java:74) ~[server-1.20.1-20230612.114412-srg.jar%23506!/:?]
	at net.minecraft.world.level.storage.loot.GsonAdapterFactory$JsonAdapter.deserialize(GsonAdapterFactory.java:102) ~[server-1.20.1-20230612.114412-srg.jar%23506!/:?]
	at com.google.gson.internal.bind.TreeTypeAdapter.read(TreeTypeAdapter.java:76) ~[gson-2.10.jar%2372!/:?]
	at com.google.gson.internal.bind.TypeAdapterRuntimeTypeWrapper.read(TypeAdapterRuntimeTypeWrapper.java:40) ~[gson-2.10.jar%2372!/:?]
	at com.google.gson.internal.bind.ArrayTypeAdapter.read(ArrayTypeAdapter.java:72) ~[gson-2.10.jar%2372!/:?]
	at com.google.gson.Gson.fromJson(Gson.java:1214) ~[gson-2.10.jar%2372!/:?]
	at com.google.gson.Gson.fromJson(Gson.java:1319) ~[gson-2.10.jar%2372!/:?]
	at com.google.gson.Gson.fromJson(Gson.java:1290) ~[gson-2.10.jar%2372!/:?]
	at com.google.gson.internal.bind.TreeTypeAdapter$GsonContextImpl.deserialize(TreeTypeAdapter.java:179) ~[gson-2.10.jar%2372!/:?]
	at net.minecraft.util.GsonHelper.m_13808_(GsonHelper.java:463) ~[server-1.20.1-20230612.114412-srg.jar%23506!/:?]
	at net.minecraft.util.GsonHelper.m_13836_(GsonHelper.java:471) ~[server-1.20.1-20230612.114412-srg.jar%23506!/:?]
	at net.minecraft.world.level.storage.loot.LootPool$Serializer.deserialize(LootPool.java:192) ~[server-1.20.1-20230612.114412-srg.jar%23506!/:?]
	at net.minecraft.world.level.storage.loot.LootPool$Serializer.deserialize(LootPool.java:189) ~[server-1.20.1-20230612.114412-srg.jar%23506!/:?]
	at com.google.gson.internal.bind.TreeTypeAdapter.read(TreeTypeAdapter.java:76) ~[gson-2.10.jar%2372!/:?]
	at com.google.gson.internal.bind.TypeAdapterRuntimeTypeWrapper.read(TypeAdapterRuntimeTypeWrapper.java:40) ~[gson-2.10.jar%2372!/:?]
	at com.google.gson.internal.bind.ArrayTypeAdapter.read(ArrayTypeAdapter.java:72) ~[gson-2.10.jar%2372!/:?]
	at com.google.gson.Gson.fromJson(Gson.java:1214) ~[gson-2.10.jar%2372!/:?]
	at com.google.gson.Gson.fromJson(Gson.java:1319) ~[gson-2.10.jar%2372!/:?]
	at com.google.gson.Gson.fromJson(Gson.java:1290) ~[gson-2.10.jar%2372!/:?]
	at com.google.gson.internal.bind.TreeTypeAdapter$GsonContextImpl.deserialize(TreeTypeAdapter.java:179) ~[gson-2.10.jar%2372!/:?]
	at net.minecraft.util.GsonHelper.m_13808_(GsonHelper.java:463) ~[server-1.20.1-20230612.114412-srg.jar%23506!/:?]
	at net.minecraft.util.GsonHelper.m_13845_(GsonHelper.java:481) ~[server-1.20.1-20230612.114412-srg.jar%23506!/:?]
	at net.minecraft.world.level.storage.loot.LootTable$Serializer.deserialize(LootTable.java:294) ~[server-1.20.1-20230612.114412-srg.jar%23506!/:?]
	at net.minecraft.world.level.storage.loot.LootTable$Serializer.deserialize(LootTable.java:291) ~[server-1.20.1-20230612.114412-srg.jar%23506!/:?]
	at com.google.gson.internal.bind.TreeTypeAdapter.read(TreeTypeAdapter.java:76) ~[gson-2.10.jar%2372!/:?]
	at com.google.gson.Gson.fromJson(Gson.java:1214) ~[gson-2.10.jar%2372!/:?]
	at com.google.gson.Gson.fromJson(Gson.java:1319) ~[gson-2.10.jar%2372!/:?]
	at com.google.gson.Gson.fromJson(Gson.java:1261) ~[gson-2.10.jar%2372!/:?]
	at net.minecraftforge.common.ForgeHooks.loadLootTable(ForgeHooks.java:872) ~[forge-1.20.1-47.4.20-universal.jar%23511!/:?]
	at net.minecraftforge.common.ForgeHooks.lambda$getLootTableDeserializer$3(ForgeHooks.java:849) ~[forge-1.20.1-47.4.20-universal.jar%23511!/:?]
	at net.minecraft.world.level.storage.loot.LootDataType.deserialize(LootDataType.java:45) ~[server-1.20.1-20230612.114412-srg.jar%23506!/:?]
	at net.minecraft.world.level.storage.loot.LootDataManager.lambda$scheduleElementParse$4(LootDataManager.java:56) ~[server-1.20.1-20230612.114412-srg.jar%23506!/:?]
	at java.util.HashMap.forEach(HashMap.java:1421) ~[?:?]
	at net.minecraft.world.level.storage.loot.LootDataManager.m_278660_(LootDataManager.java:55) ~[server-1.20.1-20230612.114412-srg.jar%23506!/:?]
	at java.util.concurrent.CompletableFuture$AsyncRun.run(CompletableFuture.java:1804) ~[?:?]
	at java.util.concurrent.CompletableFuture$AsyncRun.exec(CompletableFuture.java:1796) ~[?:?]
	at java.util.concurrent.ForkJoinTask.doExec(ForkJoinTask.java:373) ~[?:?]
	at java.util.concurrent.ForkJoinPool$WorkQueue.topLevelExec(ForkJoinPool.java:1182) ~[?:?]
	at java.util.concurrent.ForkJoinPool.scan(ForkJoinPool.java:1655) ~[?:?]
	at java.util.concurrent.ForkJoinPool.runWorker(ForkJoinPool.java:1622) ~[?:?]
	at java.util.concurrent.ForkJoinWorkerThread.run(ForkJoinWorkerThread.java:165) ~[?:?]
[16Jun2026 02:04:05.770] [main/WARN] [net.minecraft.world.level.storage.loot.LootDataManager/]: Found loot table element validation problem in {loot_tables:jeffs_cursed_walking_structures:chests/gun_2}.pools[0].entries[3].functions[0]: Parameters [<parameter minecraft:origin>] are not provided in this context
[16Jun2026 02:04:05.770] [main/WARN] [net.minecraft.world.level.storage.loot.LootDataManager/]: Found loot table element validation problem in {loot_tables:minecraft:entities/zombie}.pools[1].entries[4].functions[1]: Parameters [<parameter minecraft:tool>] are not provided in this context
[16Jun2026 02:04:05.770] [main/WARN] [net.minecraft.world.level.storage.loot.LootDataManager/]: Found loot table element validation problem in {loot_tables:minecraft:entities/zombie}.pools[1].entries[2].functions[1]: Parameters [<parameter minecraft:tool>] are not provided in this context
[16Jun2026 02:04:05.770] [main/WARN] [net.minecraft.world.level.storage.loot.LootDataManager/]: Found loot table element validation problem in {loot_tables:minecraft:entities/zombie}.pools[1].entries[3].functions[1]: Parameters [<parameter minecraft:tool>] are not provided in this context
[16Jun2026 02:04:05.770] [main/WARN] [net.minecraft.world.level.storage.loot.LootDataManager/]: Found loot table element validation problem in {loot_tables:minecraft:entities/zombie}.pools[1].entries[6].functions[1]: Parameters [<parameter minecraft:tool>] are not provided in this context
[16Jun2026 02:04:05.770] [main/WARN] [net.minecraft.world.level.storage.loot.LootDataManager/]: Found loot table element validation problem in {loot_tables:jeffs_cursed_walking_structures:chests/resource_chest}.pools[1].entries[0].functions[0]: Parameters [<parameter minecraft:origin>] are not provided in this context
[16Jun2026 02:04:05.770] [main/WARN] [net.minecraft.world.level.storage.loot.LootDataManager/]: Found loot table element validation problem in {loot_tables:minecraft:entities/zombie}.pools[1].entries[1].functions[1]: Parameters [<parameter minecraft:tool>] are not provided in this context
[16Jun2026 02:04:05.770] [main/WARN] [net.minecraft.world.level.storage.loot.LootDataManager/]: Found loot table element validation problem in {loot_tables:minecraft:entities/zombie}.pools[1].entries[0].functions[1]: Parameters [<parameter minecraft:tool>] are not provided in this context
[16Jun2026 02:04:05.770] [main/WARN] [net.minecraft.world.level.storage.loot.LootDataManager/]: Found loot table element validation problem in {loot_tables:minecraft:entities/zombie}.pools[1].entries[5].functions[1]: Parameters [<parameter minecraft:tool>] are not provided in this context
[16Jun2026 02:04:05.771] [main/WARN] [net.minecraft.world.level.storage.loot.LootDataManager/]: Found loot table element validation problem in {loot_tables:minecraft:entities/zombie}.pools[0].entries[0].functions[1]: Parameters [<parameter minecraft:tool>] are not provided in this context
[16Jun2026 02:04:05.771] [main/WARN] [net.minecraft.world.level.storage.loot.LootDataManager/]: Found loot table element validation problem in {loot_tables:minecraft:entities/zombie}.pools[1].entries[7].functions[1]: Parameters [<parameter minecraft:tool>] are not provided in this context
[16Jun2026 02:04:06.262] [main/INFO] [KubeJS Server/]: Processing recipes...
[16Jun2026 02:04:06.325] [main/WARN] [KubeJS Server/]: Failed to parse recipe 'the_deep_void:lavendite_golden_sword[minecraft:smithing_transform]'! Falling back to vanilla: Ingredient 'template' can't be empty!
[16Jun2026 02:04:06.329] [main/WARN] [KubeJS Server/]: Failed to parse recipe 'the_deep_void:lavendite_wooden_sword[minecraft:smithing_transform]'! Falling back to vanilla: Ingredient 'template' can't be empty!
[16Jun2026 02:04:06.349] [main/WARN] [KubeJS Server/]: Failed to parse recipe 'the_deep_void:lavendite_stone_sword[minecraft:smithing_transform]'! Falling back to vanilla: Ingredient 'template' can't be empty!
[16Jun2026 02:04:06.354] [main/WARN] [KubeJS Server/]: Failed to parse recipe 'the_deep_void:lavendite_diamond_sword[minecraft:smithing_transform]'! Falling back to vanilla: Ingredient 'template' can't be empty!
[16Jun2026 02:04:06.373] [main/WARN] [KubeJS Server/]: Failed to parse recipe 'the_deep_void:lavendite_iron_sword[minecraft:smithing_transform]'! Falling back to vanilla: Ingredient 'template' can't be empty!
[16Jun2026 02:04:06.379] [main/WARN] [KubeJS Server/]: Failed to parse recipe 'the_deep_void:void_vision_spyglass[minecraft:smithing_transform]'! Falling back to vanilla: Ingredient 'template' can't be empty!
[16Jun2026 02:04:06.387] [main/WARN] [KubeJS Server/]: Failed to parse recipe 'the_deep_void:lavendite_onyx_sword[minecraft:smithing_transform]'! Falling back to vanilla: Ingredient 'template' can't be empty!
[16Jun2026 02:04:06.390] [main/WARN] [KubeJS Server/]: Failed to parse recipe 'the_deep_void:lavendite_netherite_sword[minecraft:smithing_transform]'! Falling back to vanilla: Ingredient 'template' can't be empty!
[16Jun2026 02:04:06.411] [main/WARN] [KubeJS Server/]: Failed to parse recipe 'the_deep_void:lavendite_shield[minecraft:smithing_transform]'! Falling back to vanilla: Ingredient 'template' can't be empty!
[16Jun2026 02:04:06.421] [main/WARN] [KubeJS Server/]: Failed to parse recipe 'sfms:gun/har50[tacz:gun_smith_table_crafting]'! Falling back to vanilla: Unknown item 'the_deeper_void:netherite_rhenium_ingot'
[16Jun2026 02:04:06.427] [main/WARN] [KubeJS Server/]: Failed to parse recipe 'the_deep_void:lavendite_bone_sword[minecraft:smithing_transform]'! Falling back to vanilla: Ingredient 'template' can't be empty!
[16Jun2026 02:04:06.428] [main/WARN] [KubeJS Server/]: Failed to parse recipe 'the_deep_void:rotten_golden_sword[minecraft:smithing_transform]'! Falling back to vanilla: Ingredient 'template' can't be empty!
[16Jun2026 02:04:06.434] [main/WARN] [KubeJS Server/]: Failed to parse recipe 'tacz:gun_smith_table[minecraft:crafting_shaped]'! Falling back to vanilla: Failed to parse custom ingredient ("custom") from {"type":"custom","group":"tacz:misc","item":{"item":"minecraft:painting","nbt":{"display":{"Name":"{\"translate\":\"\"}"},"EntityTag":{"variant":"tacz:blood_strike_1"}},"count":1}}: com.google.gson.JsonSyntaxException: Unknown ingredient type: custom
[16Jun2026 02:04:06.447] [main/INFO] [KubeJS Server/]: Found 11744 recipes in 183.2 ms
[16Jun2026 02:04:06.449] [main/INFO] [KubeJS Server/]: cwTweaks.js#9: CW Recipe Tweaks has fired.
[16Jun2026 02:04:06.520] [KubeJS Recipe Event Worker 0/WARN] [com.simibubi.create.Create/]: Your custom create:crushing recipe (the_deeper_void:rutile_block_crushing) has more item outputs (9) than supported (7).
[16Jun2026 02:04:06.967] [main/INFO] [KubeJS Server/]: itemRecipeBlacklist.js#167: immersive_weathering:iron_ingot_from_clean_block
[16Jun2026 02:04:06.967] [main/INFO] [KubeJS Server/]: itemRecipeBlacklist.js#167: immersive_weathering:iron_ingot_from_clean_block_blasting
[16Jun2026 02:04:06.967] [main/INFO] [KubeJS Server/]: itemRecipeBlacklist.js#167: immersive_weathering:iron_ingot_from_exposed_block
[16Jun2026 02:04:06.967] [main/INFO] [KubeJS Server/]: itemRecipeBlacklist.js#167: immersive_weathering:iron_ingot_from_exposed_block_blasting
[16Jun2026 02:04:06.967] [main/INFO] [KubeJS Server/]: itemRecipeBlacklist.js#167: immersive_weathering:iron_ingot_from_rusted_block
[16Jun2026 02:04:06.968] [main/INFO] [KubeJS Server/]: itemRecipeBlacklist.js#167: immersive_weathering:iron_ingot_from_rusted_block_blasting
[16Jun2026 02:04:06.968] [main/INFO] [KubeJS Server/]: itemRecipeBlacklist.js#167: immersive_weathering:iron_ingot_from_weathered_block
[16Jun2026 02:04:06.968] [main/INFO] [KubeJS Server/]: itemRecipeBlacklist.js#167: immersive_weathering:iron_ingot_from_weathered_block_blasting
[16Jun2026 02:04:06.968] [main/INFO] [KubeJS Server/]: itemRecipeBlacklist.js#167: the_deep_void:refined_bismuth
[16Jun2026 02:04:06.968] [main/INFO] [KubeJS Server/]: itemRecipeBlacklist.js#167: minecraft:gunpowder
[16Jun2026 02:04:06.968] [main/INFO] [KubeJS Server/]: itemRecipeBlacklist.js#167: create:splashing/gravel
[16Jun2026 02:04:06.968] [main/INFO] [KubeJS Server/]: itemRecipeBlacklist.js#167: create:splashing/red_sand
[16Jun2026 02:04:06.968] [main/INFO] [KubeJS Server/]: itemRecipeBlacklist.js#167: create_netherless:ender_pearl_by_haunting
[16Jun2026 02:04:07.637] [main/INFO] [KubeJS Server/]: Posted recipe events in 1.189 s
[16Jun2026 02:04:07.646] [KubeJS Recipe Event Worker 0/WARN] [KubeJS Server/]: Error parsing recipe bf1:melee/sledge_hammer[tacz:gun_smith_table_crafting]: {"type":"tacz:gun_smith_table_crafting","materials":[{"item":{"tag":"forge:ingots/iron"},"count":12},{"item":{"tag":"forge:obsidian"},"count":8},{"item":{"tag":"forge:leather"},"count":2}],"result":{"type":"custom","group":"stock","item":{"item":"lrtactical:melee","nbt":{"MeleeWeaponId":"bf1:sledge_hammer"}}}}: Unknown item 'lrtactical:melee'
[16Jun2026 02:04:07.695] [KubeJS Recipe Event Worker 0/WARN] [KubeJS Server/]: Error parsing recipe tacz:misc/upgrade[tacz:gun_smith_table_crafting]: {"materials":[{"item":{"type":"forge:partial_nbt","item":"tacz:workbench_b","nbt":{"BlockId":"hamster:workbench"}},"count":1}],"result":{"type":"gun","item":"tacz:glock17"},"type":"tacz:gun_smith_table_crafting"}: Missing id, expected to find a string
[16Jun2026 02:04:07.727] [KubeJS Recipe Event Worker 0/WARN] [KubeJS Server/]: Error parsing recipe minecraft:kjs/steriod_shot_enhanced[kubejs:shapeless]: {"type":"minecraft:crafting_shapeless","result":{"item":"kubejs:steriod_shot_enhanced","count":1},"ingredients":[{"item":"kubejs:steriod_shot"},{"item":"minecraft:nether_wart"},{"item":"minecraft:slime_ball"},{"item":"immersive_weathering:tallow"},[]]}: Item array cannot be empty, at least one item must be defined
[16Jun2026 02:04:07.742] [main/INFO] [KubeJS Server/]: Added 44 recipes, removed 79 recipes, modified 0 recipes, with 3 failed recipes in 101.2 ms
[16Jun2026 02:04:07.944] [main/INFO] [net.minecraft.advancements.AdvancementList/]: Loaded 8461 advancements
[16Jun2026 02:04:07.952] [main/INFO] [placebo/]: Registered 0 additional recipes.
[16Jun2026 02:04:07.968] [main/INFO] [top.theillusivec4.curios.Curios/]: Loaded 11 curio slots
[16Jun2026 02:04:07.982] [main/INFO] [top.theillusivec4.curios.Curios/]: Loaded 1 curio entities
[16Jun2026 02:04:07.988] [main/WARN] [net.minecraftforge.common.loot.LootModifierManager/]: Unable to decode loot conditions
com.google.gson.JsonSyntaxException: Unknown type 'lootr:loot_table_id'
	at net.minecraft.world.level.storage.loot.GsonAdapterFactory$JsonAdapter.deserialize(GsonAdapterFactory.java:99) ~[server-1.20.1-20230612.114412-srg.jar%23506!/:?]
	at com.google.gson.internal.bind.TreeTypeAdapter.read(TreeTypeAdapter.java:76) ~[gson-2.10.jar%2372!/:?]
	at com.google.gson.internal.bind.TypeAdapterRuntimeTypeWrapper.read(TypeAdapterRuntimeTypeWrapper.java:40) ~[gson-2.10.jar%2372!/:?]
	at com.google.gson.internal.bind.ArrayTypeAdapter.read(ArrayTypeAdapter.java:72) ~[gson-2.10.jar%2372!/:?]
	at com.google.gson.Gson.fromJson(Gson.java:1214) ~[gson-2.10.jar%2372!/:?]
	at com.google.gson.Gson.fromJson(Gson.java:1319) ~[gson-2.10.jar%2372!/:?]
	at com.google.gson.Gson.fromJson(Gson.java:1261) ~[gson-2.10.jar%2372!/:?]
	at net.minecraftforge.common.loot.IGlobalLootModifier.lambda$static$1(IGlobalLootModifier.java:39) ~[forge-1.20.1-47.4.20-universal.jar%23511!/:?]
	at com.mojang.serialization.Decoder$1.lambda$decode$1(Decoder.java:49) ~[datafixerupper-6.0.8.jar%2377!/:?]
	at com.mojang.serialization.DataResult.lambda$flatMap$11(DataResult.java:139) ~[datafixerupper-6.0.8.jar%2377!/:?]
	at com.mojang.datafixers.util.Either$Left.map(Either.java:38) ~[datafixerupper-6.0.8.jar%2377!/:?]
	at com.mojang.serialization.DataResult.flatMap(DataResult.java:137) ~[datafixerupper-6.0.8.jar%2377!/:?]
	at com.mojang.serialization.Decoder$1.decode(Decoder.java:49) ~[datafixerupper-6.0.8.jar%2377!/:?]
	at com.mojang.serialization.Codec$2.decode(Codec.java:71) ~[datafixerupper-6.0.8.jar%2377!/:?]
	at com.mojang.serialization.Decoder.parse(Decoder.java:18) ~[datafixerupper-6.0.8.jar%2377!/:?]
	at com.mojang.serialization.codecs.FieldDecoder.decode(FieldDecoder.java:29) ~[datafixerupper-6.0.8.jar%2377!/:?]
	at com.mojang.serialization.MapCodec$1.decode(MapCodec.java:34) ~[datafixerupper-6.0.8.jar%2377!/:?]
	at com.mojang.serialization.codecs.RecordCodecBuilder$Instance$3.decode(RecordCodecBuilder.java:248) ~[datafixerupper-6.0.8.jar%2377!/:?]
	at com.mojang.serialization.codecs.RecordCodecBuilder$2.decode(RecordCodecBuilder.java:107) ~[datafixerupper-6.0.8.jar%2377!/:?]
	at com.mojang.serialization.codecs.KeyDispatchCodec.lambda$decode$3(KeyDispatchCodec.java:67) ~[datafixerupper-6.0.8.jar%2377!/:?]
	at com.mojang.serialization.DataResult.lambda$flatMap$11(DataResult.java:139) ~[datafixerupper-6.0.8.jar%2377!/:?]
	at com.mojang.datafixers.util.Either$Left.map(Either.java:38) ~[datafixerupper-6.0.8.jar%2377!/:?]
	at com.mojang.serialization.DataResult.flatMap(DataResult.java:137) ~[datafixerupper-6.0.8.jar%2377!/:?]
	at com.mojang.serialization.codecs.KeyDispatchCodec.lambda$decode$4(KeyDispatchCodec.java:58) ~[datafixerupper-6.0.8.jar%2377!/:?]
	at com.mojang.serialization.DataResult.lambda$flatMap$11(DataResult.java:139) ~[datafixerupper-6.0.8.jar%2377!/:?]
	at com.mojang.datafixers.util.Either$Left.map(Either.java:38) ~[datafixerupper-6.0.8.jar%2377!/:?]
	at com.mojang.serialization.DataResult.flatMap(DataResult.java:137) ~[datafixerupper-6.0.8.jar%2377!/:?]
	at com.mojang.serialization.codecs.KeyDispatchCodec.decode(KeyDispatchCodec.java:56) ~[datafixerupper-6.0.8.jar%2377!/:?]
	at com.mojang.serialization.MapDecoder.lambda$compressedDecode$1(MapDecoder.java:52) ~[datafixerupper-6.0.8.jar%2377!/:?]
	at com.mojang.serialization.DataResult.lambda$flatMap$11(DataResult.java:139) ~[datafixerupper-6.0.8.jar%2377!/:?]
	at com.mojang.datafixers.util.Either$Left.map(Either.java:38) ~[datafixerupper-6.0.8.jar%2377!/:?]
	at com.mojang.serialization.DataResult.flatMap(DataResult.java:137) ~[datafixerupper-6.0.8.jar%2377!/:?]
	at com.mojang.serialization.MapDecoder.compressedDecode(MapDecoder.java:52) ~[datafixerupper-6.0.8.jar%2377!/:?]
	at com.mojang.serialization.MapCodec$MapCodecCodec.decode(MapCodec.java:91) ~[datafixerupper-6.0.8.jar%2377!/:?]
	at com.mojang.serialization.Decoder.parse(Decoder.java:18) ~[datafixerupper-6.0.8.jar%2377!/:?]
	at net.minecraftforge.common.loot.LootModifierManager.apply(LootModifierManager.java:79) ~[forge-1.20.1-47.4.20-universal.jar%23511!/:?]
	at net.minecraftforge.common.loot.LootModifierManager.m_5787_(LootModifierManager.java:38) ~[forge-1.20.1-47.4.20-universal.jar%23511!/:?]
	at net.minecraft.server.packs.resources.SimplePreparableReloadListener.m_10789_(SimplePreparableReloadListener.java:13) ~[server-1.20.1-20230612.114412-srg.jar%23506!/:?]
	at java.util.concurrent.CompletableFuture$UniAccept.tryFire(CompletableFuture.java:718) ~[?:?]
	at java.util.concurrent.CompletableFuture$Completion.run(CompletableFuture.java:482) ~[?:?]
	at net.minecraft.server.packs.resources.SimpleReloadInstance.m_143940_(SimpleReloadInstance.java:69) ~[server-1.20.1-20230612.114412-srg.jar%23506!/:?]
	at net.minecraft.Util.m_214652_(Util.java:783) ~[server-1.20.1-20230612.114412-srg.jar%23506!/:?]
	at net.minecraft.Util.m_214679_(Util.java:772) ~[server-1.20.1-20230612.114412-srg.jar%23506!/:?]
	at net.minecraft.server.Main.main(Main.java:166) ~[server-1.20.1-20230612.114412-srg.jar%23506!/:?]
	at jdk.internal.reflect.NativeMethodAccessorImpl.invoke0(Native Method) ~[?:?]
	at jdk.internal.reflect.NativeMethodAccessorImpl.invoke(NativeMethodAccessorImpl.java:77) ~[?:?]
	at jdk.internal.reflect.DelegatingMethodAccessorImpl.invoke(DelegatingMethodAccessorImpl.java:43) ~[?:?]
	at java.lang.reflect.Method.invoke(Method.java:569) ~[?:?]
	at net.minecraftforge.fml.loading.targets.CommonLaunchHandler.runTarget(CommonLaunchHandler.java:111) ~[fmlloader-1.20.1-47.4.20.jar%2369!/:?]
	at net.minecraftforge.fml.loading.targets.CommonLaunchHandler.serverService(CommonLaunchHandler.java:103) ~[fmlloader-1.20.1-47.4.20.jar%2369!/:?]
	at net.minecraftforge.fml.loading.targets.CommonServerLaunchHandler.lambda$makeService$0(CommonServerLaunchHandler.java:27) ~[fmlloader-1.20.1-47.4.20.jar%2369!/:?]
	at cpw.mods.modlauncher.LaunchServiceHandlerDecorator.launch(LaunchServiceHandlerDecorator.java:30) ~[modlauncher-10.0.9.jar%2355!/:?]
	at cpw.mods.modlauncher.LaunchServiceHandler.launch(LaunchServiceHandler.java:53) ~[modlauncher-10.0.9.jar%2355!/:?]
	at cpw.mods.modlauncher.LaunchServiceHandler.launch(LaunchServiceHandler.java:71) ~[modlauncher-10.0.9.jar%2355!/:?]
	at cpw.mods.modlauncher.Launcher.run(Launcher.java:108) ~[modlauncher-10.0.9.jar%2355!/:?]
	at cpw.mods.modlauncher.Launcher.main(Launcher.java:78) ~[modlauncher-10.0.9.jar%2355!/:?]
	at cpw.mods.modlauncher.BootstrapLaunchConsumer.accept(BootstrapLaunchConsumer.java:26) ~[modlauncher-10.0.9.jar%2355!/:?]
	at cpw.mods.modlauncher.BootstrapLaunchConsumer.accept(BootstrapLaunchConsumer.java:23) ~[modlauncher-10.0.9.jar%2355!/:?]
	at cpw.mods.bootstraplauncher.BootstrapLauncher.main(BootstrapLauncher.java:141) ~[bootstraplauncher-1.1.2.jar:?]
[16Jun2026 02:04:07.989] [main/WARN] [net.minecraftforge.common.loot.LootModifierManager/]: Could not decode GlobalLootModifier with json id the_deeper_void:void_common_loot_swap - error: Unknown type 'lootr:loot_table_id'
[16Jun2026 02:04:07.990] [main/WARN] [net.minecraftforge.common.loot.LootModifierManager/]: Unable to decode loot conditions
com.google.gson.JsonSyntaxException: Unknown type 'lootr:loot_table_id'
	at net.minecraft.world.level.storage.loot.GsonAdapterFactory$JsonAdapter.deserialize(GsonAdapterFactory.java:99) ~[server-1.20.1-20230612.114412-srg.jar%23506!/:?]
	at com.google.gson.internal.bind.TreeTypeAdapter.read(TreeTypeAdapter.java:76) ~[gson-2.10.jar%2372!/:?]
	at com.google.gson.internal.bind.TypeAdapterRuntimeTypeWrapper.read(TypeAdapterRuntimeTypeWrapper.java:40) ~[gson-2.10.jar%2372!/:?]
	at com.google.gson.internal.bind.ArrayTypeAdapter.read(ArrayTypeAdapter.java:72) ~[gson-2.10.jar%2372!/:?]
	at com.google.gson.Gson.fromJson(Gson.java:1214) ~[gson-2.10.jar%2372!/:?]
	at com.google.gson.Gson.fromJson(Gson.java:1319) ~[gson-2.10.jar%2372!/:?]
	at com.google.gson.Gson.fromJson(Gson.java:1261) ~[gson-2.10.jar%2372!/:?]
	at net.minecraftforge.common.loot.IGlobalLootModifier.lambda$static$1(IGlobalLootModifier.java:39) ~[forge-1.20.1-47.4.20-universal.jar%23511!/:?]
	at com.mojang.serialization.Decoder$1.lambda$decode$1(Decoder.java:49) ~[datafixerupper-6.0.8.jar%2377!/:?]
	at com.mojang.serialization.DataResult.lambda$flatMap$11(DataResult.java:139) ~[datafixerupper-6.0.8.jar%2377!/:?]
	at com.mojang.datafixers.util.Either$Left.map(Either.java:38) ~[datafixerupper-6.0.8.jar%2377!/:?]
	at com.mojang.serialization.DataResult.flatMap(DataResult.java:137) ~[datafixerupper-6.0.8.jar%2377!/:?]
	at com.mojang.serialization.Decoder$1.decode(Decoder.java:49) ~[datafixerupper-6.0.8.jar%2377!/:?]
	at com.mojang.serialization.Codec$2.decode(Codec.java:71) ~[datafixerupper-6.0.8.jar%2377!/:?]
	at com.mojang.serialization.Decoder.parse(Decoder.java:18) ~[datafixerupper-6.0.8.jar%2377!/:?]
	at com.mojang.serialization.codecs.FieldDecoder.decode(FieldDecoder.java:29) ~[datafixerupper-6.0.8.jar%2377!/:?]
	at com.mojang.serialization.MapCodec$1.decode(MapCodec.java:34) ~[datafixerupper-6.0.8.jar%2377!/:?]
	at com.mojang.serialization.codecs.RecordCodecBuilder$Instance$3.decode(RecordCodecBuilder.java:248) ~[datafixerupper-6.0.8.jar%2377!/:?]
	at com.mojang.serialization.codecs.RecordCodecBuilder$2.decode(RecordCodecBuilder.java:107) ~[datafixerupper-6.0.8.jar%2377!/:?]
	at com.mojang.serialization.codecs.KeyDispatchCodec.lambda$decode$3(KeyDispatchCodec.java:67) ~[datafixerupper-6.0.8.jar%2377!/:?]
	at com.mojang.serialization.DataResult.lambda$flatMap$11(DataResult.java:139) ~[datafixerupper-6.0.8.jar%2377!/:?]
	at com.mojang.datafixers.util.Either$Left.map(Either.java:38) ~[datafixerupper-6.0.8.jar%2377!/:?]
	at com.mojang.serialization.DataResult.flatMap(DataResult.java:137) ~[datafixerupper-6.0.8.jar%2377!/:?]
	at com.mojang.serialization.codecs.KeyDispatchCodec.lambda$decode$4(KeyDispatchCodec.java:58) ~[datafixerupper-6.0.8.jar%2377!/:?]
	at com.mojang.serialization.DataResult.lambda$flatMap$11(DataResult.java:139) ~[datafixerupper-6.0.8.jar%2377!/:?]
	at com.mojang.datafixers.util.Either$Left.map(Either.java:38) ~[datafixerupper-6.0.8.jar%2377!/:?]
	at com.mojang.serialization.DataResult.flatMap(DataResult.java:137) ~[datafixerupper-6.0.8.jar%2377!/:?]
	at com.mojang.serialization.codecs.KeyDispatchCodec.decode(KeyDispatchCodec.java:56) ~[datafixerupper-6.0.8.jar%2377!/:?]
	at com.mojang.serialization.MapDecoder.lambda$compressedDecode$1(MapDecoder.java:52) ~[datafixerupper-6.0.8.jar%2377!/:?]
	at com.mojang.serialization.DataResult.lambda$flatMap$11(DataResult.java:139) ~[datafixerupper-6.0.8.jar%2377!/:?]
	at com.mojang.datafixers.util.Either$Left.map(Either.java:38) ~[datafixerupper-6.0.8.jar%2377!/:?]
	at com.mojang.serialization.DataResult.flatMap(DataResult.java:137) ~[datafixerupper-6.0.8.jar%2377!/:?]
	at com.mojang.serialization.MapDecoder.compressedDecode(MapDecoder.java:52) ~[datafixerupper-6.0.8.jar%2377!/:?]
	at com.mojang.serialization.MapCodec$MapCodecCodec.decode(MapCodec.java:91) ~[datafixerupper-6.0.8.jar%2377!/:?]
	at com.mojang.serialization.Decoder.parse(Decoder.java:18) ~[datafixerupper-6.0.8.jar%2377!/:?]
	at net.minecraftforge.common.loot.LootModifierManager.apply(LootModifierManager.java:79) ~[forge-1.20.1-47.4.20-universal.jar%23511!/:?]
	at net.minecraftforge.common.loot.LootModifierManager.m_5787_(LootModifierManager.java:38) ~[forge-1.20.1-47.4.20-universal.jar%23511!/:?]
	at net.minecraft.server.packs.resources.SimplePreparableReloadListener.m_10789_(SimplePreparableReloadListener.java:13) ~[server-1.20.1-20230612.114412-srg.jar%23506!/:?]
	at java.util.concurrent.CompletableFuture$UniAccept.tryFire(CompletableFuture.java:718) ~[?:?]
	at java.util.concurrent.CompletableFuture$Completion.run(CompletableFuture.java:482) ~[?:?]
	at net.minecraft.server.packs.resources.SimpleReloadInstance.m_143940_(SimpleReloadInstance.java:69) ~[server-1.20.1-20230612.114412-srg.jar%23506!/:?]
	at net.minecraft.Util.m_214652_(Util.java:783) ~[server-1.20.1-20230612.114412-srg.jar%23506!/:?]
	at net.minecraft.Util.m_214679_(Util.java:772) ~[server-1.20.1-20230612.114412-srg.jar%23506!/:?]
	at net.minecraft.server.Main.main(Main.java:166) ~[server-1.20.1-20230612.114412-srg.jar%23506!/:?]
	at jdk.internal.reflect.NativeMethodAccessorImpl.invoke0(Native Method) ~[?:?]
	at jdk.internal.reflect.NativeMethodAccessorImpl.invoke(NativeMethodAccessorImpl.java:77) ~[?:?]
	at jdk.internal.reflect.DelegatingMethodAccessorImpl.invoke(DelegatingMethodAccessorImpl.java:43) ~[?:?]
	at java.lang.reflect.Method.invoke(Method.java:569) ~[?:?]
	at net.minecraftforge.fml.loading.targets.CommonLaunchHandler.runTarget(CommonLaunchHandler.java:111) ~[fmlloader-1.20.1-47.4.20.jar%2369!/:?]
	at net.minecraftforge.fml.loading.targets.CommonLaunchHandler.serverService(CommonLaunchHandler.java:103) ~[fmlloader-1.20.1-47.4.20.jar%2369!/:?]
	at net.minecraftforge.fml.loading.targets.CommonServerLaunchHandler.lambda$makeService$0(CommonServerLaunchHandler.java:27) ~[fmlloader-1.20.1-47.4.20.jar%2369!/:?]
	at cpw.mods.modlauncher.LaunchServiceHandlerDecorator.launch(LaunchServiceHandlerDecorator.java:30) ~[modlauncher-10.0.9.jar%2355!/:?]
	at cpw.mods.modlauncher.LaunchServiceHandler.launch(LaunchServiceHandler.java:53) ~[modlauncher-10.0.9.jar%2355!/:?]
	at cpw.mods.modlauncher.LaunchServiceHandler.launch(LaunchServiceHandler.java:71) ~[modlauncher-10.0.9.jar%2355!/:?]
	at cpw.mods.modlauncher.Launcher.run(Launcher.java:108) ~[modlauncher-10.0.9.jar%2355!/:?]
	at cpw.mods.modlauncher.Launcher.main(Launcher.java:78) ~[modlauncher-10.0.9.jar%2355!/:?]
	at cpw.mods.modlauncher.BootstrapLaunchConsumer.accept(BootstrapLaunchConsumer.java:26) ~[modlauncher-10.0.9.jar%2355!/:?]
	at cpw.mods.modlauncher.BootstrapLaunchConsumer.accept(BootstrapLaunchConsumer.java:23) ~[modlauncher-10.0.9.jar%2355!/:?]
	at cpw.mods.bootstraplauncher.BootstrapLauncher.main(BootstrapLauncher.java:141) ~[bootstraplauncher-1.1.2.jar:?]
[16Jun2026 02:04:07.991] [main/WARN] [net.minecraftforge.common.loot.LootModifierManager/]: Could not decode GlobalLootModifier with json id the_deeper_void:void_treasure_swap - error: Unknown type 'lootr:loot_table_id'
[16Jun2026 02:04:08.183] [main/ERROR] [tacz/AllowTagManager]: Failed to parse data file tacz:muzzle_brake
com.google.gson.JsonParseException: Null value found in JSON data
	at com.tacz.guns.resource.manager.AttachmentsTagManager.apply(AttachmentsTagManager.java:63) ~[tacz-1.20.1-1.1.6-hotfix.jar%23481!/:1.1.6-hotfix]
	at com.tacz.guns.resource.manager.AttachmentsTagManager.m_5787_(AttachmentsTagManager.java:26) ~[tacz-1.20.1-1.1.6-hotfix.jar%23481!/:1.1.6-hotfix]
	at net.minecraft.server.packs.resources.SimplePreparableReloadListener.m_10789_(SimplePreparableReloadListener.java:13) ~[server-1.20.1-20230612.114412-srg.jar%23506!/:?]
	at java.util.concurrent.CompletableFuture$UniAccept.tryFire(CompletableFuture.java:718) ~[?:?]
	at java.util.concurrent.CompletableFuture$Completion.run(CompletableFuture.java:482) ~[?:?]
	at net.minecraft.server.packs.resources.SimpleReloadInstance.m_143940_(SimpleReloadInstance.java:69) ~[server-1.20.1-20230612.114412-srg.jar%23506!/:?]
	at net.minecraft.Util.m_214652_(Util.java:783) ~[server-1.20.1-20230612.114412-srg.jar%23506!/:?]
	at net.minecraft.Util.m_214679_(Util.java:772) ~[server-1.20.1-20230612.114412-srg.jar%23506!/:?]
	at net.minecraft.server.Main.main(Main.java:166) ~[server-1.20.1-20230612.114412-srg.jar%23506!/:?]
	at jdk.internal.reflect.NativeMethodAccessorImpl.invoke0(Native Method) ~[?:?]
	at jdk.internal.reflect.NativeMethodAccessorImpl.invoke(NativeMethodAccessorImpl.java:77) ~[?:?]
	at jdk.internal.reflect.DelegatingMethodAccessorImpl.invoke(DelegatingMethodAccessorImpl.java:43) ~[?:?]
	at java.lang.reflect.Method.invoke(Method.java:569) ~[?:?]
	at net.minecraftforge.fml.loading.targets.CommonLaunchHandler.runTarget(CommonLaunchHandler.java:111) ~[fmlloader-1.20.1-47.4.20.jar%2369!/:?]
	at net.minecraftforge.fml.loading.targets.CommonLaunchHandler.serverService(CommonLaunchHandler.java:103) ~[fmlloader-1.20.1-47.4.20.jar%2369!/:?]
	at net.minecraftforge.fml.loading.targets.CommonServerLaunchHandler.lambda$makeService$0(CommonServerLaunchHandler.java:27) ~[fmlloader-1.20.1-47.4.20.jar%2369!/:?]
	at cpw.mods.modlauncher.LaunchServiceHandlerDecorator.launch(LaunchServiceHandlerDecorator.java:30) ~[modlauncher-10.0.9.jar%2355!/:?]
	at cpw.mods.modlauncher.LaunchServiceHandler.launch(LaunchServiceHandler.java:53) ~[modlauncher-10.0.9.jar%2355!/:?]
	at cpw.mods.modlauncher.LaunchServiceHandler.launch(LaunchServiceHandler.java:71) ~[modlauncher-10.0.9.jar%2355!/:?]
	at cpw.mods.modlauncher.Launcher.run(Launcher.java:108) ~[modlauncher-10.0.9.jar%2355!/:?]
	at cpw.mods.modlauncher.Launcher.main(Launcher.java:78) ~[modlauncher-10.0.9.jar%2355!/:?]
	at cpw.mods.modlauncher.BootstrapLaunchConsumer.accept(BootstrapLaunchConsumer.java:26) ~[modlauncher-10.0.9.jar%2355!/:?]
	at cpw.mods.modlauncher.BootstrapLaunchConsumer.accept(BootstrapLaunchConsumer.java:23) ~[modlauncher-10.0.9.jar%2355!/:?]
	at cpw.mods.bootstraplauncher.BootstrapLauncher.main(BootstrapLauncher.java:141) ~[bootstraplauncher-1.1.2.jar:?]
[16Jun2026 02:04:08.193] [main/ERROR] [tacz/GunIndexLoader]: Failed to load data file bf1:mg0815
com.google.gson.JsonParseException: there is no corresponding data file
	at com.tacz.guns.resource.serialize.CommonGunIndexSerializer.deserialize(CommonGunIndexSerializer.java:19) ~[tacz-1.20.1-1.1.6-hotfix.jar%23481!/:1.1.6-hotfix]
	at com.tacz.guns.resource.serialize.CommonGunIndexSerializer.deserialize(CommonGunIndexSerializer.java:12) ~[tacz-1.20.1-1.1.6-hotfix.jar%23481!/:1.1.6-hotfix]
	at com.google.gson.internal.bind.TreeTypeAdapter.read(TreeTypeAdapter.java:76) ~[gson-2.10.jar%2372!/:?]
	at com.google.gson.Gson.fromJson(Gson.java:1214) ~[gson-2.10.jar%2372!/:?]
	at com.google.gson.Gson.fromJson(Gson.java:1319) ~[gson-2.10.jar%2372!/:?]
	at com.google.gson.Gson.fromJson(Gson.java:1261) ~[gson-2.10.jar%2372!/:?]
	at com.tacz.guns.resource.manager.JsonDataManager.parseJson(JsonDataManager.java:69) ~[tacz-1.20.1-1.1.6-hotfix.jar%23481!/:1.1.6-hotfix]
	at com.tacz.guns.resource.manager.JsonDataManager.apply(JsonDataManager.java:58) ~[tacz-1.20.1-1.1.6-hotfix.jar%23481!/:1.1.6-hotfix]
	at com.tacz.guns.resource.manager.CommonDataManager.apply(CommonDataManager.java:35) ~[tacz-1.20.1-1.1.6-hotfix.jar%23481!/:1.1.6-hotfix]
	at com.tacz.guns.resource.manager.CommonDataManager.m_5787_(CommonDataManager.java:19) ~[tacz-1.20.1-1.1.6-hotfix.jar%23481!/:1.1.6-hotfix]
	at net.minecraft.server.packs.resources.SimplePreparableReloadListener.m_10789_(SimplePreparableReloadListener.java:13) ~[server-1.20.1-20230612.114412-srg.jar%23506!/:?]
	at java.util.concurrent.CompletableFuture$UniAccept.tryFire(CompletableFuture.java:718) ~[?:?]
	at java.util.concurrent.CompletableFuture$Completion.run(CompletableFuture.java:482) ~[?:?]
	at net.minecraft.server.packs.resources.SimpleReloadInstance.m_143940_(SimpleReloadInstance.java:69) ~[server-1.20.1-20230612.114412-srg.jar%23506!/:?]
	at net.minecraft.Util.m_214652_(Util.java:783) ~[server-1.20.1-20230612.114412-srg.jar%23506!/:?]
	at net.minecraft.Util.m_214679_(Util.java:772) ~[server-1.20.1-20230612.114412-srg.jar%23506!/:?]
	at net.minecraft.server.Main.main(Main.java:166) ~[server-1.20.1-20230612.114412-srg.jar%23506!/:?]
	at jdk.internal.reflect.NativeMethodAccessorImpl.invoke0(Native Method) ~[?:?]
	at jdk.internal.reflect.NativeMethodAccessorImpl.invoke(NativeMethodAccessorImpl.java:77) ~[?:?]
	at jdk.internal.reflect.DelegatingMethodAccessorImpl.invoke(DelegatingMethodAccessorImpl.java:43) ~[?:?]
	at java.lang.reflect.Method.invoke(Method.java:569) ~[?:?]
	at net.minecraftforge.fml.loading.targets.CommonLaunchHandler.runTarget(CommonLaunchHandler.java:111) ~[fmlloader-1.20.1-47.4.20.jar%2369!/:?]
	at net.minecraftforge.fml.loading.targets.CommonLaunchHandler.serverService(CommonLaunchHandler.java:103) ~[fmlloader-1.20.1-47.4.20.jar%2369!/:?]
	at net.minecraftforge.fml.loading.targets.CommonServerLaunchHandler.lambda$makeService$0(CommonServerLaunchHandler.java:27) ~[fmlloader-1.20.1-47.4.20.jar%2369!/:?]
	at cpw.mods.modlauncher.LaunchServiceHandlerDecorator.launch(LaunchServiceHandlerDecorator.java:30) ~[modlauncher-10.0.9.jar%2355!/:?]
	at cpw.mods.modlauncher.LaunchServiceHandler.launch(LaunchServiceHandler.java:53) ~[modlauncher-10.0.9.jar%2355!/:?]
	at cpw.mods.modlauncher.LaunchServiceHandler.launch(LaunchServiceHandler.java:71) ~[modlauncher-10.0.9.jar%2355!/:?]
	at cpw.mods.modlauncher.Launcher.run(Launcher.java:108) ~[modlauncher-10.0.9.jar%2355!/:?]
	at cpw.mods.modlauncher.Launcher.main(Launcher.java:78) ~[modlauncher-10.0.9.jar%2355!/:?]
	at cpw.mods.modlauncher.BootstrapLaunchConsumer.accept(BootstrapLaunchConsumer.java:26) ~[modlauncher-10.0.9.jar%2355!/:?]
	at cpw.mods.modlauncher.BootstrapLaunchConsumer.accept(BootstrapLaunchConsumer.java:23) ~[modlauncher-10.0.9.jar%2355!/:?]
	at cpw.mods.bootstraplauncher.BootstrapLauncher.main(BootstrapLauncher.java:141) ~[bootstraplauncher-1.1.2.jar:?]
[16Jun2026 02:04:08.194] [main/ERROR] [tacz/GunIndexLoader]: Failed to load data file bf1:chauchat
com.google.gson.JsonParseException: there is no corresponding data file
	at com.tacz.guns.resource.serialize.CommonGunIndexSerializer.deserialize(CommonGunIndexSerializer.java:19) ~[tacz-1.20.1-1.1.6-hotfix.jar%23481!/:1.1.6-hotfix]
	at com.tacz.guns.resource.serialize.CommonGunIndexSerializer.deserialize(CommonGunIndexSerializer.java:12) ~[tacz-1.20.1-1.1.6-hotfix.jar%23481!/:1.1.6-hotfix]
	at com.google.gson.internal.bind.TreeTypeAdapter.read(TreeTypeAdapter.java:76) ~[gson-2.10.jar%2372!/:?]
	at com.google.gson.Gson.fromJson(Gson.java:1214) ~[gson-2.10.jar%2372!/:?]
	at com.google.gson.Gson.fromJson(Gson.java:1319) ~[gson-2.10.jar%2372!/:?]
	at com.google.gson.Gson.fromJson(Gson.java:1261) ~[gson-2.10.jar%2372!/:?]
	at com.tacz.guns.resource.manager.JsonDataManager.parseJson(JsonDataManager.java:69) ~[tacz-1.20.1-1.1.6-hotfix.jar%23481!/:1.1.6-hotfix]
	at com.tacz.guns.resource.manager.JsonDataManager.apply(JsonDataManager.java:58) ~[tacz-1.20.1-1.1.6-hotfix.jar%23481!/:1.1.6-hotfix]
	at com.tacz.guns.resource.manager.CommonDataManager.apply(CommonDataManager.java:35) ~[tacz-1.20.1-1.1.6-hotfix.jar%23481!/:1.1.6-hotfix]
	at com.tacz.guns.resource.manager.CommonDataManager.m_5787_(CommonDataManager.java:19) ~[tacz-1.20.1-1.1.6-hotfix.jar%23481!/:1.1.6-hotfix]
	at net.minecraft.server.packs.resources.SimplePreparableReloadListener.m_10789_(SimplePreparableReloadListener.java:13) ~[server-1.20.1-20230612.114412-srg.jar%23506!/:?]
	at java.util.concurrent.CompletableFuture$UniAccept.tryFire(CompletableFuture.java:718) ~[?:?]
	at java.util.concurrent.CompletableFuture$Completion.run(CompletableFuture.java:482) ~[?:?]
	at net.minecraft.server.packs.resources.SimpleReloadInstance.m_143940_(SimpleReloadInstance.java:69) ~[server-1.20.1-20230612.114412-srg.jar%23506!/:?]
	at net.minecraft.Util.m_214652_(Util.java:783) ~[server-1.20.1-20230612.114412-srg.jar%23506!/:?]
	at net.minecraft.Util.m_214679_(Util.java:772) ~[server-1.20.1-20230612.114412-srg.jar%23506!/:?]
	at net.minecraft.server.Main.main(Main.java:166) ~[server-1.20.1-20230612.114412-srg.jar%23506!/:?]
	at jdk.internal.reflect.NativeMethodAccessorImpl.invoke0(Native Method) ~[?:?]
	at jdk.internal.reflect.NativeMethodAccessorImpl.invoke(NativeMethodAccessorImpl.java:77) ~[?:?]
	at jdk.internal.reflect.DelegatingMethodAccessorImpl.invoke(DelegatingMethodAccessorImpl.java:43) ~[?:?]
	at java.lang.reflect.Method.invoke(Method.java:569) ~[?:?]
	at net.minecraftforge.fml.loading.targets.CommonLaunchHandler.runTarget(CommonLaunchHandler.java:111) ~[fmlloader-1.20.1-47.4.20.jar%2369!/:?]
	at net.minecraftforge.fml.loading.targets.CommonLaunchHandler.serverService(CommonLaunchHandler.java:103) ~[fmlloader-1.20.1-47.4.20.jar%2369!/:?]
	at net.minecraftforge.fml.loading.targets.CommonServerLaunchHandler.lambda$makeService$0(CommonServerLaunchHandler.java:27) ~[fmlloader-1.20.1-47.4.20.jar%2369!/:?]
	at cpw.mods.modlauncher.LaunchServiceHandlerDecorator.launch(LaunchServiceHandlerDecorator.java:30) ~[modlauncher-10.0.9.jar%2355!/:?]
	at cpw.mods.modlauncher.LaunchServiceHandler.launch(LaunchServiceHandler.java:53) ~[modlauncher-10.0.9.jar%2355!/:?]
	at cpw.mods.modlauncher.LaunchServiceHandler.launch(LaunchServiceHandler.java:71) ~[modlauncher-10.0.9.jar%2355!/:?]
	at cpw.mods.modlauncher.Launcher.run(Launcher.java:108) ~[modlauncher-10.0.9.jar%2355!/:?]
	at cpw.mods.modlauncher.Launcher.main(Launcher.java:78) ~[modlauncher-10.0.9.jar%2355!/:?]
	at cpw.mods.modlauncher.BootstrapLaunchConsumer.accept(BootstrapLaunchConsumer.java:26) ~[modlauncher-10.0.9.jar%2355!/:?]
	at cpw.mods.modlauncher.BootstrapLaunchConsumer.accept(BootstrapLaunchConsumer.java:23) ~[modlauncher-10.0.9.jar%2355!/:?]
	at cpw.mods.bootstraplauncher.BootstrapLauncher.main(BootstrapLauncher.java:141) ~[bootstraplauncher-1.1.2.jar:?]
[16Jun2026 02:04:08.195] [main/ERROR] [tacz/GunIndexLoader]: Failed to load data file sfms:ats15mod
com.google.gson.JsonParseException: there is no corresponding data file
	at com.tacz.guns.resource.serialize.CommonGunIndexSerializer.deserialize(CommonGunIndexSerializer.java:19) ~[tacz-1.20.1-1.1.6-hotfix.jar%23481!/:1.1.6-hotfix]
	at com.tacz.guns.resource.serialize.CommonGunIndexSerializer.deserialize(CommonGunIndexSerializer.java:12) ~[tacz-1.20.1-1.1.6-hotfix.jar%23481!/:1.1.6-hotfix]
	at com.google.gson.internal.bind.TreeTypeAdapter.read(TreeTypeAdapter.java:76) ~[gson-2.10.jar%2372!/:?]
	at com.google.gson.Gson.fromJson(Gson.java:1214) ~[gson-2.10.jar%2372!/:?]
	at com.google.gson.Gson.fromJson(Gson.java:1319) ~[gson-2.10.jar%2372!/:?]
	at com.google.gson.Gson.fromJson(Gson.java:1261) ~[gson-2.10.jar%2372!/:?]
	at com.tacz.guns.resource.manager.JsonDataManager.parseJson(JsonDataManager.java:69) ~[tacz-1.20.1-1.1.6-hotfix.jar%23481!/:1.1.6-hotfix]
	at com.tacz.guns.resource.manager.JsonDataManager.apply(JsonDataManager.java:58) ~[tacz-1.20.1-1.1.6-hotfix.jar%23481!/:1.1.6-hotfix]
	at com.tacz.guns.resource.manager.CommonDataManager.apply(CommonDataManager.java:35) ~[tacz-1.20.1-1.1.6-hotfix.jar%23481!/:1.1.6-hotfix]
	at com.tacz.guns.resource.manager.CommonDataManager.m_5787_(CommonDataManager.java:19) ~[tacz-1.20.1-1.1.6-hotfix.jar%23481!/:1.1.6-hotfix]
	at net.minecraft.server.packs.resources.SimplePreparableReloadListener.m_10789_(SimplePreparableReloadListener.java:13) ~[server-1.20.1-20230612.114412-srg.jar%23506!/:?]
	at java.util.concurrent.CompletableFuture$UniAccept.tryFire(CompletableFuture.java:718) ~[?:?]
	at java.util.concurrent.CompletableFuture$Completion.run(CompletableFuture.java:482) ~[?:?]
	at net.minecraft.server.packs.resources.SimpleReloadInstance.m_143940_(SimpleReloadInstance.java:69) ~[server-1.20.1-20230612.114412-srg.jar%23506!/:?]
	at net.minecraft.Util.m_214652_(Util.java:783) ~[server-1.20.1-20230612.114412-srg.jar%23506!/:?]
	at net.minecraft.Util.m_214679_(Util.java:772) ~[server-1.20.1-20230612.114412-srg.jar%23506!/:?]
	at net.minecraft.server.Main.main(Main.java:166) ~[server-1.20.1-20230612.114412-srg.jar%23506!/:?]
	at jdk.internal.reflect.NativeMethodAccessorImpl.invoke0(Native Method) ~[?:?]
	at jdk.internal.reflect.NativeMethodAccessorImpl.invoke(NativeMethodAccessorImpl.java:77) ~[?:?]
	at jdk.internal.reflect.DelegatingMethodAccessorImpl.invoke(DelegatingMethodAccessorImpl.java:43) ~[?:?]
	at java.lang.reflect.Method.invoke(Method.java:569) ~[?:?]
	at net.minecraftforge.fml.loading.targets.CommonLaunchHandler.runTarget(CommonLaunchHandler.java:111) ~[fmlloader-1.20.1-47.4.20.jar%2369!/:?]
	at net.minecraftforge.fml.loading.targets.CommonLaunchHandler.serverService(CommonLaunchHandler.java:103) ~[fmlloader-1.20.1-47.4.20.jar%2369!/:?]
	at net.minecraftforge.fml.loading.targets.CommonServerLaunchHandler.lambda$makeService$0(CommonServerLaunchHandler.java:27) ~[fmlloader-1.20.1-47.4.20.jar%2369!/:?]
	at cpw.mods.modlauncher.LaunchServiceHandlerDecorator.launch(LaunchServiceHandlerDecorator.java:30) ~[modlauncher-10.0.9.jar%2355!/:?]
	at cpw.mods.modlauncher.LaunchServiceHandler.launch(LaunchServiceHandler.java:53) ~[modlauncher-10.0.9.jar%2355!/:?]
	at cpw.mods.modlauncher.LaunchServiceHandler.launch(LaunchServiceHandler.java:71) ~[modlauncher-10.0.9.jar%2355!/:?]
	at cpw.mods.modlauncher.Launcher.run(Launcher.java:108) ~[modlauncher-10.0.9.jar%2355!/:?]
	at cpw.mods.modlauncher.Launcher.main(Launcher.java:78) ~[modlauncher-10.0.9.jar%2355!/:?]
	at cpw.mods.modlauncher.BootstrapLaunchConsumer.accept(BootstrapLaunchConsumer.java:26) ~[modlauncher-10.0.9.jar%2355!/:?]
	at cpw.mods.modlauncher.BootstrapLaunchConsumer.accept(BootstrapLaunchConsumer.java:23) ~[modlauncher-10.0.9.jar%2355!/:?]
	at cpw.mods.bootstraplauncher.BootstrapLauncher.main(BootstrapLauncher.java:141) ~[bootstraplauncher-1.1.2.jar:?]
[16Jun2026 02:04:08.196] [main/ERROR] [tacz/GunIndexLoader]: Failed to load data file bf1:tg1918
com.google.gson.JsonParseException: there is no corresponding data file
	at com.tacz.guns.resource.serialize.CommonGunIndexSerializer.deserialize(CommonGunIndexSerializer.java:19) ~[tacz-1.20.1-1.1.6-hotfix.jar%23481!/:1.1.6-hotfix]
	at com.tacz.guns.resource.serialize.CommonGunIndexSerializer.deserialize(CommonGunIndexSerializer.java:12) ~[tacz-1.20.1-1.1.6-hotfix.jar%23481!/:1.1.6-hotfix]
	at com.google.gson.internal.bind.TreeTypeAdapter.read(TreeTypeAdapter.java:76) ~[gson-2.10.jar%2372!/:?]
	at com.google.gson.Gson.fromJson(Gson.java:1214) ~[gson-2.10.jar%2372!/:?]
	at com.google.gson.Gson.fromJson(Gson.java:1319) ~[gson-2.10.jar%2372!/:?]
	at com.google.gson.Gson.fromJson(Gson.java:1261) ~[gson-2.10.jar%2372!/:?]
	at com.tacz.guns.resource.manager.JsonDataManager.parseJson(JsonDataManager.java:69) ~[tacz-1.20.1-1.1.6-hotfix.jar%23481!/:1.1.6-hotfix]
	at com.tacz.guns.resource.manager.JsonDataManager.apply(JsonDataManager.java:58) ~[tacz-1.20.1-1.1.6-hotfix.jar%23481!/:1.1.6-hotfix]
	at com.tacz.guns.resource.manager.CommonDataManager.apply(CommonDataManager.java:35) ~[tacz-1.20.1-1.1.6-hotfix.jar%23481!/:1.1.6-hotfix]
	at com.tacz.guns.resource.manager.CommonDataManager.m_5787_(CommonDataManager.java:19) ~[tacz-1.20.1-1.1.6-hotfix.jar%23481!/:1.1.6-hotfix]
	at net.minecraft.server.packs.resources.SimplePreparableReloadListener.m_10789_(SimplePreparableReloadListener.java:13) ~[server-1.20.1-20230612.114412-srg.jar%23506!/:?]
	at java.util.concurrent.CompletableFuture$UniAccept.tryFire(CompletableFuture.java:718) ~[?:?]
	at java.util.concurrent.CompletableFuture$Completion.run(CompletableFuture.java:482) ~[?:?]
	at net.minecraft.server.packs.resources.SimpleReloadInstance.m_143940_(SimpleReloadInstance.java:69) ~[server-1.20.1-20230612.114412-srg.jar%23506!/:?]
	at net.minecraft.Util.m_214652_(Util.java:783) ~[server-1.20.1-20230612.114412-srg.jar%23506!/:?]
	at net.minecraft.Util.m_214679_(Util.java:772) ~[server-1.20.1-20230612.114412-srg.jar%23506!/:?]
	at net.minecraft.server.Main.main(Main.java:166) ~[server-1.20.1-20230612.114412-srg.jar%23506!/:?]
	at jdk.internal.reflect.NativeMethodAccessorImpl.invoke0(Native Method) ~[?:?]
	at jdk.internal.reflect.NativeMethodAccessorImpl.invoke(NativeMethodAccessorImpl.java:77) ~[?:?]
	at jdk.internal.reflect.DelegatingMethodAccessorImpl.invoke(DelegatingMethodAccessorImpl.java:43) ~[?:?]
	at java.lang.reflect.Method.invoke(Method.java:569) ~[?:?]
	at net.minecraftforge.fml.loading.targets.CommonLaunchHandler.runTarget(CommonLaunchHandler.java:111) ~[fmlloader-1.20.1-47.4.20.jar%2369!/:?]
	at net.minecraftforge.fml.loading.targets.CommonLaunchHandler.serverService(CommonLaunchHandler.java:103) ~[fmlloader-1.20.1-47.4.20.jar%2369!/:?]
	at net.minecraftforge.fml.loading.targets.CommonServerLaunchHandler.lambda$makeService$0(CommonServerLaunchHandler.java:27) ~[fmlloader-1.20.1-47.4.20.jar%2369!/:?]
	at cpw.mods.modlauncher.LaunchServiceHandlerDecorator.launch(LaunchServiceHandlerDecorator.java:30) ~[modlauncher-10.0.9.jar%2355!/:?]
	at cpw.mods.modlauncher.LaunchServiceHandler.launch(LaunchServiceHandler.java:53) ~[modlauncher-10.0.9.jar%2355!/:?]
	at cpw.mods.modlauncher.LaunchServiceHandler.launch(LaunchServiceHandler.java:71) ~[modlauncher-10.0.9.jar%2355!/:?]
	at cpw.mods.modlauncher.Launcher.run(Launcher.java:108) ~[modlauncher-10.0.9.jar%2355!/:?]
	at cpw.mods.modlauncher.Launcher.main(Launcher.java:78) ~[modlauncher-10.0.9.jar%2355!/:?]
	at cpw.mods.modlauncher.BootstrapLaunchConsumer.accept(BootstrapLaunchConsumer.java:26) ~[modlauncher-10.0.9.jar%2355!/:?]
	at cpw.mods.modlauncher.BootstrapLaunchConsumer.accept(BootstrapLaunchConsumer.java:23) ~[modlauncher-10.0.9.jar%2355!/:?]
	at cpw.mods.bootstraplauncher.BootstrapLauncher.main(BootstrapLauncher.java:141) ~[bootstraplauncher-1.1.2.jar:?]
[16Jun2026 02:04:08.197] [main/ERROR] [tacz/GunIndexLoader]: Failed to load data file bf1:mg42
com.google.gson.JsonParseException: there is no corresponding data file
	at com.tacz.guns.resource.serialize.CommonGunIndexSerializer.deserialize(CommonGunIndexSerializer.java:19) ~[tacz-1.20.1-1.1.6-hotfix.jar%23481!/:1.1.6-hotfix]
	at com.tacz.guns.resource.serialize.CommonGunIndexSerializer.deserialize(CommonGunIndexSerializer.java:12) ~[tacz-1.20.1-1.1.6-hotfix.jar%23481!/:1.1.6-hotfix]
	at com.google.gson.internal.bind.TreeTypeAdapter.read(TreeTypeAdapter.java:76) ~[gson-2.10.jar%2372!/:?]
	at com.google.gson.Gson.fromJson(Gson.java:1214) ~[gson-2.10.jar%2372!/:?]
	at com.google.gson.Gson.fromJson(Gson.java:1319) ~[gson-2.10.jar%2372!/:?]
	at com.google.gson.Gson.fromJson(Gson.java:1261) ~[gson-2.10.jar%2372!/:?]
	at com.tacz.guns.resource.manager.JsonDataManager.parseJson(JsonDataManager.java:69) ~[tacz-1.20.1-1.1.6-hotfix.jar%23481!/:1.1.6-hotfix]
	at com.tacz.guns.resource.manager.JsonDataManager.apply(JsonDataManager.java:58) ~[tacz-1.20.1-1.1.6-hotfix.jar%23481!/:1.1.6-hotfix]
	at com.tacz.guns.resource.manager.CommonDataManager.apply(CommonDataManager.java:35) ~[tacz-1.20.1-1.1.6-hotfix.jar%23481!/:1.1.6-hotfix]
	at com.tacz.guns.resource.manager.CommonDataManager.m_5787_(CommonDataManager.java:19) ~[tacz-1.20.1-1.1.6-hotfix.jar%23481!/:1.1.6-hotfix]
	at net.minecraft.server.packs.resources.SimplePreparableReloadListener.m_10789_(SimplePreparableReloadListener.java:13) ~[server-1.20.1-20230612.114412-srg.jar%23506!/:?]
	at java.util.concurrent.CompletableFuture$UniAccept.tryFire(CompletableFuture.java:718) ~[?:?]
	at java.util.concurrent.CompletableFuture$Completion.run(CompletableFuture.java:482) ~[?:?]
	at net.minecraft.server.packs.resources.SimpleReloadInstance.m_143940_(SimpleReloadInstance.java:69) ~[server-1.20.1-20230612.114412-srg.jar%23506!/:?]
	at net.minecraft.Util.m_214652_(Util.java:783) ~[server-1.20.1-20230612.114412-srg.jar%23506!/:?]
	at net.minecraft.Util.m_214679_(Util.java:772) ~[server-1.20.1-20230612.114412-srg.jar%23506!/:?]
	at net.minecraft.server.Main.main(Main.java:166) ~[server-1.20.1-20230612.114412-srg.jar%23506!/:?]
	at jdk.internal.reflect.NativeMethodAccessorImpl.invoke0(Native Method) ~[?:?]
	at jdk.internal.reflect.NativeMethodAccessorImpl.invoke(NativeMethodAccessorImpl.java:77) ~[?:?]
	at jdk.internal.reflect.DelegatingMethodAccessorImpl.invoke(DelegatingMethodAccessorImpl.java:43) ~[?:?]
	at java.lang.reflect.Method.invoke(Method.java:569) ~[?:?]
	at net.minecraftforge.fml.loading.targets.CommonLaunchHandler.runTarget(CommonLaunchHandler.java:111) ~[fmlloader-1.20.1-47.4.20.jar%2369!/:?]
	at net.minecraftforge.fml.loading.targets.CommonLaunchHandler.serverService(CommonLaunchHandler.java:103) ~[fmlloader-1.20.1-47.4.20.jar%2369!/:?]
	at net.minecraftforge.fml.loading.targets.CommonServerLaunchHandler.lambda$makeService$0(CommonServerLaunchHandler.java:27) ~[fmlloader-1.20.1-47.4.20.jar%2369!/:?]
	at cpw.mods.modlauncher.LaunchServiceHandlerDecorator.launch(LaunchServiceHandlerDecorator.java:30) ~[modlauncher-10.0.9.jar%2355!/:?]
	at cpw.mods.modlauncher.LaunchServiceHandler.launch(LaunchServiceHandler.java:53) ~[modlauncher-10.0.9.jar%2355!/:?]
	at cpw.mods.modlauncher.LaunchServiceHandler.launch(LaunchServiceHandler.java:71) ~[modlauncher-10.0.9.jar%2355!/:?]
	at cpw.mods.modlauncher.Launcher.run(Launcher.java:108) ~[modlauncher-10.0.9.jar%2355!/:?]
	at cpw.mods.modlauncher.Launcher.main(Launcher.java:78) ~[modlauncher-10.0.9.jar%2355!/:?]
	at cpw.mods.modlauncher.BootstrapLaunchConsumer.accept(BootstrapLaunchConsumer.java:26) ~[modlauncher-10.0.9.jar%2355!/:?]
	at cpw.mods.modlauncher.BootstrapLaunchConsumer.accept(BootstrapLaunchConsumer.java:23) ~[modlauncher-10.0.9.jar%2355!/:?]
	at cpw.mods.bootstraplauncher.BootstrapLauncher.main(BootstrapLauncher.java:141) ~[bootstraplauncher-1.1.2.jar:?]
[16Jun2026 02:04:08.198] [main/ERROR] [tacz/GunIndexLoader]: Failed to load data file bf1:wex
com.google.gson.JsonParseException: there is no corresponding data file
	at com.tacz.guns.resource.serialize.CommonGunIndexSerializer.deserialize(CommonGunIndexSerializer.java:19) ~[tacz-1.20.1-1.1.6-hotfix.jar%23481!/:1.1.6-hotfix]
	at com.tacz.guns.resource.serialize.CommonGunIndexSerializer.deserialize(CommonGunIndexSerializer.java:12) ~[tacz-1.20.1-1.1.6-hotfix.jar%23481!/:1.1.6-hotfix]
	at com.google.gson.internal.bind.TreeTypeAdapter.read(TreeTypeAdapter.java:76) ~[gson-2.10.jar%2372!/:?]
	at com.google.gson.Gson.fromJson(Gson.java:1214) ~[gson-2.10.jar%2372!/:?]
	at com.google.gson.Gson.fromJson(Gson.java:1319) ~[gson-2.10.jar%2372!/:?]
	at com.google.gson.Gson.fromJson(Gson.java:1261) ~[gson-2.10.jar%2372!/:?]
	at com.tacz.guns.resource.manager.JsonDataManager.parseJson(JsonDataManager.java:69) ~[tacz-1.20.1-1.1.6-hotfix.jar%23481!/:1.1.6-hotfix]
	at com.tacz.guns.resource.manager.JsonDataManager.apply(JsonDataManager.java:58) ~[tacz-1.20.1-1.1.6-hotfix.jar%23481!/:1.1.6-hotfix]
	at com.tacz.guns.resource.manager.CommonDataManager.apply(CommonDataManager.java:35) ~[tacz-1.20.1-1.1.6-hotfix.jar%23481!/:1.1.6-hotfix]
	at com.tacz.guns.resource.manager.CommonDataManager.m_5787_(CommonDataManager.java:19) ~[tacz-1.20.1-1.1.6-hotfix.jar%23481!/:1.1.6-hotfix]
	at net.minecraft.server.packs.resources.SimplePreparableReloadListener.m_10789_(SimplePreparableReloadListener.java:13) ~[server-1.20.1-20230612.114412-srg.jar%23506!/:?]
	at java.util.concurrent.CompletableFuture$UniAccept.tryFire(CompletableFuture.java:718) ~[?:?]
	at java.util.concurrent.CompletableFuture$Completion.run(CompletableFuture.java:482) ~[?:?]
	at net.minecraft.server.packs.resources.SimpleReloadInstance.m_143940_(SimpleReloadInstance.java:69) ~[server-1.20.1-20230612.114412-srg.jar%23506!/:?]
	at net.minecraft.Util.m_214652_(Util.java:783) ~[server-1.20.1-20230612.114412-srg.jar%23506!/:?]
	at net.minecraft.Util.m_214679_(Util.java:772) ~[server-1.20.1-20230612.114412-srg.jar%23506!/:?]
	at net.minecraft.server.Main.main(Main.java:166) ~[server-1.20.1-20230612.114412-srg.jar%23506!/:?]
	at jdk.internal.reflect.NativeMethodAccessorImpl.invoke0(Native Method) ~[?:?]
	at jdk.internal.reflect.NativeMethodAccessorImpl.invoke(NativeMethodAccessorImpl.java:77) ~[?:?]
	at jdk.internal.reflect.DelegatingMethodAccessorImpl.invoke(DelegatingMethodAccessorImpl.java:43) ~[?:?]
	at java.lang.reflect.Method.invoke(Method.java:569) ~[?:?]
	at net.minecraftforge.fml.loading.targets.CommonLaunchHandler.runTarget(CommonLaunchHandler.java:111) ~[fmlloader-1.20.1-47.4.20.jar%2369!/:?]
	at net.minecraftforge.fml.loading.targets.CommonLaunchHandler.serverService(CommonLaunchHandler.java:103) ~[fmlloader-1.20.1-47.4.20.jar%2369!/:?]
	at net.minecraftforge.fml.loading.targets.CommonServerLaunchHandler.lambda$makeService$0(CommonServerLaunchHandler.java:27) ~[fmlloader-1.20.1-47.4.20.jar%2369!/:?]
	at cpw.mods.modlauncher.LaunchServiceHandlerDecorator.launch(LaunchServiceHandlerDecorator.java:30) ~[modlauncher-10.0.9.jar%2355!/:?]
	at cpw.mods.modlauncher.LaunchServiceHandler.launch(LaunchServiceHandler.java:53) ~[modlauncher-10.0.9.jar%2355!/:?]
	at cpw.mods.modlauncher.LaunchServiceHandler.launch(LaunchServiceHandler.java:71) ~[modlauncher-10.0.9.jar%2355!/:?]
	at cpw.mods.modlauncher.Launcher.run(Launcher.java:108) ~[modlauncher-10.0.9.jar%2355!/:?]
	at cpw.mods.modlauncher.Launcher.main(Launcher.java:78) ~[modlauncher-10.0.9.jar%2355!/:?]
	at cpw.mods.modlauncher.BootstrapLaunchConsumer.accept(BootstrapLaunchConsumer.java:26) ~[modlauncher-10.0.9.jar%2355!/:?]
	at cpw.mods.modlauncher.BootstrapLaunchConsumer.accept(BootstrapLaunchConsumer.java:23) ~[modlauncher-10.0.9.jar%2355!/:?]
	at cpw.mods.bootstraplauncher.BootstrapLauncher.main(BootstrapLauncher.java:141) ~[bootstraplauncher-1.1.2.jar:?]
[16Jun2026 02:04:08.199] [main/ERROR] [tacz/GunIndexLoader]: Failed to load data file bf1:lewis
com.google.gson.JsonParseException: there is no corresponding data file
	at com.tacz.guns.resource.serialize.CommonGunIndexSerializer.deserialize(CommonGunIndexSerializer.java:19) ~[tacz-1.20.1-1.1.6-hotfix.jar%23481!/:1.1.6-hotfix]
	at com.tacz.guns.resource.serialize.CommonGunIndexSerializer.deserialize(CommonGunIndexSerializer.java:12) ~[tacz-1.20.1-1.1.6-hotfix.jar%23481!/:1.1.6-hotfix]
	at com.google.gson.internal.bind.TreeTypeAdapter.read(TreeTypeAdapter.java:76) ~[gson-2.10.jar%2372!/:?]
	at com.google.gson.Gson.fromJson(Gson.java:1214) ~[gson-2.10.jar%2372!/:?]
	at com.google.gson.Gson.fromJson(Gson.java:1319) ~[gson-2.10.jar%2372!/:?]
	at com.google.gson.Gson.fromJson(Gson.java:1261) ~[gson-2.10.jar%2372!/:?]
	at com.tacz.guns.resource.manager.JsonDataManager.parseJson(JsonDataManager.java:69) ~[tacz-1.20.1-1.1.6-hotfix.jar%23481!/:1.1.6-hotfix]
	at com.tacz.guns.resource.manager.JsonDataManager.apply(JsonDataManager.java:58) ~[tacz-1.20.1-1.1.6-hotfix.jar%23481!/:1.1.6-hotfix]
	at com.tacz.guns.resource.manager.CommonDataManager.apply(CommonDataManager.java:35) ~[tacz-1.20.1-1.1.6-hotfix.jar%23481!/:1.1.6-hotfix]
	at com.tacz.guns.resource.manager.CommonDataManager.m_5787_(CommonDataManager.java:19) ~[tacz-1.20.1-1.1.6-hotfix.jar%23481!/:1.1.6-hotfix]
	at net.minecraft.server.packs.resources.SimplePreparableReloadListener.m_10789_(SimplePreparableReloadListener.java:13) ~[server-1.20.1-20230612.114412-srg.jar%23506!/:?]
	at java.util.concurrent.CompletableFuture$UniAccept.tryFire(CompletableFuture.java:718) ~[?:?]
	at java.util.concurrent.CompletableFuture$Completion.run(CompletableFuture.java:482) ~[?:?]
	at net.minecraft.server.packs.resources.SimpleReloadInstance.m_143940_(SimpleReloadInstance.java:69) ~[server-1.20.1-20230612.114412-srg.jar%23506!/:?]
	at net.minecraft.Util.m_214652_(Util.java:783) ~[server-1.20.1-20230612.114412-srg.jar%23506!/:?]
	at net.minecraft.Util.m_214679_(Util.java:772) ~[server-1.20.1-20230612.114412-srg.jar%23506!/:?]
	at net.minecraft.server.Main.main(Main.java:166) ~[server-1.20.1-20230612.114412-srg.jar%23506!/:?]
	at jdk.internal.reflect.NativeMethodAccessorImpl.invoke0(Native Method) ~[?:?]
	at jdk.internal.reflect.NativeMethodAccessorImpl.invoke(NativeMethodAccessorImpl.java:77) ~[?:?]
	at jdk.internal.reflect.DelegatingMethodAccessorImpl.invoke(DelegatingMethodAccessorImpl.java:43) ~[?:?]
	at java.lang.reflect.Method.invoke(Method.java:569) ~[?:?]
	at net.minecraftforge.fml.loading.targets.CommonLaunchHandler.runTarget(CommonLaunchHandler.java:111) ~[fmlloader-1.20.1-47.4.20.jar%2369!/:?]
	at net.minecraftforge.fml.loading.targets.CommonLaunchHandler.serverService(CommonLaunchHandler.java:103) ~[fmlloader-1.20.1-47.4.20.jar%2369!/:?]
	at net.minecraftforge.fml.loading.targets.CommonServerLaunchHandler.lambda$makeService$0(CommonServerLaunchHandler.java:27) ~[fmlloader-1.20.1-47.4.20.jar%2369!/:?]
	at cpw.mods.modlauncher.LaunchServiceHandlerDecorator.launch(LaunchServiceHandlerDecorator.java:30) ~[modlauncher-10.0.9.jar%2355!/:?]
	at cpw.mods.modlauncher.LaunchServiceHandler.launch(LaunchServiceHandler.java:53) ~[modlauncher-10.0.9.jar%2355!/:?]
	at cpw.mods.modlauncher.LaunchServiceHandler.launch(LaunchServiceHandler.java:71) ~[modlauncher-10.0.9.jar%2355!/:?]
	at cpw.mods.modlauncher.Launcher.run(Launcher.java:108) ~[modlauncher-10.0.9.jar%2355!/:?]
	at cpw.mods.modlauncher.Launcher.main(Launcher.java:78) ~[modlauncher-10.0.9.jar%2355!/:?]
	at cpw.mods.modlauncher.BootstrapLaunchConsumer.accept(BootstrapLaunchConsumer.java:26) ~[modlauncher-10.0.9.jar%2355!/:?]
	at cpw.mods.modlauncher.BootstrapLaunchConsumer.accept(BootstrapLaunchConsumer.java:23) ~[modlauncher-10.0.9.jar%2355!/:?]
	at cpw.mods.bootstraplauncher.BootstrapLauncher.main(BootstrapLauncher.java:141) ~[bootstraplauncher-1.1.2.jar:?]
[16Jun2026 02:04:08.200] [main/ERROR] [tacz/GunIndexLoader]: Failed to load data file bf1:sjogren
com.google.gson.JsonParseException: there is no corresponding data file
	at com.tacz.guns.resource.serialize.CommonGunIndexSerializer.deserialize(CommonGunIndexSerializer.java:19) ~[tacz-1.20.1-1.1.6-hotfix.jar%23481!/:1.1.6-hotfix]
	at com.tacz.guns.resource.serialize.CommonGunIndexSerializer.deserialize(CommonGunIndexSerializer.java:12) ~[tacz-1.20.1-1.1.6-hotfix.jar%23481!/:1.1.6-hotfix]
	at com.google.gson.internal.bind.TreeTypeAdapter.read(TreeTypeAdapter.java:76) ~[gson-2.10.jar%2372!/:?]
	at com.google.gson.Gson.fromJson(Gson.java:1214) ~[gson-2.10.jar%2372!/:?]
	at com.google.gson.Gson.fromJson(Gson.java:1319) ~[gson-2.10.jar%2372!/:?]
	at com.google.gson.Gson.fromJson(Gson.java:1261) ~[gson-2.10.jar%2372!/:?]
	at com.tacz.guns.resource.manager.JsonDataManager.parseJson(JsonDataManager.java:69) ~[tacz-1.20.1-1.1.6-hotfix.jar%23481!/:1.1.6-hotfix]
	at com.tacz.guns.resource.manager.JsonDataManager.apply(JsonDataManager.java:58) ~[tacz-1.20.1-1.1.6-hotfix.jar%23481!/:1.1.6-hotfix]
	at com.tacz.guns.resource.manager.CommonDataManager.apply(CommonDataManager.java:35) ~[tacz-1.20.1-1.1.6-hotfix.jar%23481!/:1.1.6-hotfix]
	at com.tacz.guns.resource.manager.CommonDataManager.m_5787_(CommonDataManager.java:19) ~[tacz-1.20.1-1.1.6-hotfix.jar%23481!/:1.1.6-hotfix]
	at net.minecraft.server.packs.resources.SimplePreparableReloadListener.m_10789_(SimplePreparableReloadListener.java:13) ~[server-1.20.1-20230612.114412-srg.jar%23506!/:?]
	at java.util.concurrent.CompletableFuture$UniAccept.tryFire(CompletableFuture.java:718) ~[?:?]
	at java.util.concurrent.CompletableFuture$Completion.run(CompletableFuture.java:482) ~[?:?]
	at net.minecraft.server.packs.resources.SimpleReloadInstance.m_143940_(SimpleReloadInstance.java:69) ~[server-1.20.1-20230612.114412-srg.jar%23506!/:?]
	at net.minecraft.Util.m_214652_(Util.java:783) ~[server-1.20.1-20230612.114412-srg.jar%23506!/:?]
	at net.minecraft.Util.m_214679_(Util.java:772) ~[server-1.20.1-20230612.114412-srg.jar%23506!/:?]
	at net.minecraft.server.Main.main(Main.java:166) ~[server-1.20.1-20230612.114412-srg.jar%23506!/:?]
	at jdk.internal.reflect.NativeMethodAccessorImpl.invoke0(Native Method) ~[?:?]
	at jdk.internal.reflect.NativeMethodAccessorImpl.invoke(NativeMethodAccessorImpl.java:77) ~[?:?]
	at jdk.internal.reflect.DelegatingMethodAccessorImpl.invoke(DelegatingMethodAccessorImpl.java:43) ~[?:?]
	at java.lang.reflect.Method.invoke(Method.java:569) ~[?:?]
	at net.minecraftforge.fml.loading.targets.CommonLaunchHandler.runTarget(CommonLaunchHandler.java:111) ~[fmlloader-1.20.1-47.4.20.jar%2369!/:?]
	at net.minecraftforge.fml.loading.targets.CommonLaunchHandler.serverService(CommonLaunchHandler.java:103) ~[fmlloader-1.20.1-47.4.20.jar%2369!/:?]
	at net.minecraftforge.fml.loading.targets.CommonServerLaunchHandler.lambda$makeService$0(CommonServerLaunchHandler.java:27) ~[fmlloader-1.20.1-47.4.20.jar%2369!/:?]
	at cpw.mods.modlauncher.LaunchServiceHandlerDecorator.launch(LaunchServiceHandlerDecorator.java:30) ~[modlauncher-10.0.9.jar%2355!/:?]
	at cpw.mods.modlauncher.LaunchServiceHandler.launch(LaunchServiceHandler.java:53) ~[modlauncher-10.0.9.jar%2355!/:?]
	at cpw.mods.modlauncher.LaunchServiceHandler.launch(LaunchServiceHandler.java:71) ~[modlauncher-10.0.9.jar%2355!/:?]
	at cpw.mods.modlauncher.Launcher.run(Launcher.java:108) ~[modlauncher-10.0.9.jar%2355!/:?]
	at cpw.mods.modlauncher.Launcher.main(Launcher.java:78) ~[modlauncher-10.0.9.jar%2355!/:?]
	at cpw.mods.modlauncher.BootstrapLaunchConsumer.accept(BootstrapLaunchConsumer.java:26) ~[modlauncher-10.0.9.jar%2355!/:?]
	at cpw.mods.modlauncher.BootstrapLaunchConsumer.accept(BootstrapLaunchConsumer.java:23) ~[modlauncher-10.0.9.jar%2355!/:?]
	at cpw.mods.bootstraplauncher.BootstrapLauncher.main(BootstrapLauncher.java:141) ~[bootstraplauncher-1.1.2.jar:?]
[16Jun2026 02:04:08.200] [main/ERROR] [tacz/GunIndexLoader]: Failed to load data file bf1:lunge_mine
com.google.gson.JsonParseException: there is no corresponding data file
	at com.tacz.guns.resource.serialize.CommonGunIndexSerializer.deserialize(CommonGunIndexSerializer.java:19) ~[tacz-1.20.1-1.1.6-hotfix.jar%23481!/:1.1.6-hotfix]
	at com.tacz.guns.resource.serialize.CommonGunIndexSerializer.deserialize(CommonGunIndexSerializer.java:12) ~[tacz-1.20.1-1.1.6-hotfix.jar%23481!/:1.1.6-hotfix]
	at com.google.gson.internal.bind.TreeTypeAdapter.read(TreeTypeAdapter.java:76) ~[gson-2.10.jar%2372!/:?]
	at com.google.gson.Gson.fromJson(Gson.java:1214) ~[gson-2.10.jar%2372!/:?]
	at com.google.gson.Gson.fromJson(Gson.java:1319) ~[gson-2.10.jar%2372!/:?]
	at com.google.gson.Gson.fromJson(Gson.java:1261) ~[gson-2.10.jar%2372!/:?]
	at com.tacz.guns.resource.manager.JsonDataManager.parseJson(JsonDataManager.java:69) ~[tacz-1.20.1-1.1.6-hotfix.jar%23481!/:1.1.6-hotfix]
	at com.tacz.guns.resource.manager.JsonDataManager.apply(JsonDataManager.java:58) ~[tacz-1.20.1-1.1.6-hotfix.jar%23481!/:1.1.6-hotfix]
	at com.tacz.guns.resource.manager.CommonDataManager.apply(CommonDataManager.java:35) ~[tacz-1.20.1-1.1.6-hotfix.jar%23481!/:1.1.6-hotfix]
	at com.tacz.guns.resource.manager.CommonDataManager.m_5787_(CommonDataManager.java:19) ~[tacz-1.20.1-1.1.6-hotfix.jar%23481!/:1.1.6-hotfix]
	at net.minecraft.server.packs.resources.SimplePreparableReloadListener.m_10789_(SimplePreparableReloadListener.java:13) ~[server-1.20.1-20230612.114412-srg.jar%23506!/:?]
	at java.util.concurrent.CompletableFuture$UniAccept.tryFire(CompletableFuture.java:718) ~[?:?]
	at java.util.concurrent.CompletableFuture$Completion.run(CompletableFuture.java:482) ~[?:?]
	at net.minecraft.server.packs.resources.SimpleReloadInstance.m_143940_(SimpleReloadInstance.java:69) ~[server-1.20.1-20230612.114412-srg.jar%23506!/:?]
	at net.minecraft.Util.m_214652_(Util.java:783) ~[server-1.20.1-20230612.114412-srg.jar%23506!/:?]
	at net.minecraft.Util.m_214679_(Util.java:772) ~[server-1.20.1-20230612.114412-srg.jar%23506!/:?]
	at net.minecraft.server.Main.main(Main.java:166) ~[server-1.20.1-20230612.114412-srg.jar%23506!/:?]
	at jdk.internal.reflect.NativeMethodAccessorImpl.invoke0(Native Method) ~[?:?]
	at jdk.internal.reflect.NativeMethodAccessorImpl.invoke(NativeMethodAccessorImpl.java:77) ~[?:?]
	at jdk.internal.reflect.DelegatingMethodAccessorImpl.invoke(DelegatingMethodAccessorImpl.java:43) ~[?:?]
	at java.lang.reflect.Method.invoke(Method.java:569) ~[?:?]
	at net.minecraftforge.fml.loading.targets.CommonLaunchHandler.runTarget(CommonLaunchHandler.java:111) ~[fmlloader-1.20.1-47.4.20.jar%2369!/:?]
	at net.minecraftforge.fml.loading.targets.CommonLaunchHandler.serverService(CommonLaunchHandler.java:103) ~[fmlloader-1.20.1-47.4.20.jar%2369!/:?]
	at net.minecraftforge.fml.loading.targets.CommonServerLaunchHandler.lambda$makeService$0(CommonServerLaunchHandler.java:27) ~[fmlloader-1.20.1-47.4.20.jar%2369!/:?]
	at cpw.mods.modlauncher.LaunchServiceHandlerDecorator.launch(LaunchServiceHandlerDecorator.java:30) ~[modlauncher-10.0.9.jar%2355!/:?]
	at cpw.mods.modlauncher.LaunchServiceHandler.launch(LaunchServiceHandler.java:53) ~[modlauncher-10.0.9.jar%2355!/:?]
	at cpw.mods.modlauncher.LaunchServiceHandler.launch(LaunchServiceHandler.java:71) ~[modlauncher-10.0.9.jar%2355!/:?]
	at cpw.mods.modlauncher.Launcher.run(Launcher.java:108) ~[modlauncher-10.0.9.jar%2355!/:?]
	at cpw.mods.modlauncher.Launcher.main(Launcher.java:78) ~[modlauncher-10.0.9.jar%2355!/:?]
	at cpw.mods.modlauncher.BootstrapLaunchConsumer.accept(BootstrapLaunchConsumer.java:26) ~[modlauncher-10.0.9.jar%2355!/:?]
	at cpw.mods.modlauncher.BootstrapLaunchConsumer.accept(BootstrapLaunchConsumer.java:23) ~[modlauncher-10.0.9.jar%2355!/:?]
	at cpw.mods.bootstraplauncher.BootstrapLauncher.main(BootstrapLauncher.java:141) ~[bootstraplauncher-1.1.2.jar:?]
[16Jun2026 02:04:08.204] [main/ERROR] [tacz/GunIndexLoader]: Failed to load data file bf1:de_lisle
com.google.gson.JsonParseException: there is no corresponding data file
	at com.tacz.guns.resource.serialize.CommonGunIndexSerializer.deserialize(CommonGunIndexSerializer.java:19) ~[tacz-1.20.1-1.1.6-hotfix.jar%23481!/:1.1.6-hotfix]
	at com.tacz.guns.resource.serialize.CommonGunIndexSerializer.deserialize(CommonGunIndexSerializer.java:12) ~[tacz-1.20.1-1.1.6-hotfix.jar%23481!/:1.1.6-hotfix]
	at com.google.gson.internal.bind.TreeTypeAdapter.read(TreeTypeAdapter.java:76) ~[gson-2.10.jar%2372!/:?]
	at com.google.gson.Gson.fromJson(Gson.java:1214) ~[gson-2.10.jar%2372!/:?]
	at com.google.gson.Gson.fromJson(Gson.java:1319) ~[gson-2.10.jar%2372!/:?]
	at com.google.gson.Gson.fromJson(Gson.java:1261) ~[gson-2.10.jar%2372!/:?]
	at com.tacz.guns.resource.manager.JsonDataManager.parseJson(JsonDataManager.java:69) ~[tacz-1.20.1-1.1.6-hotfix.jar%23481!/:1.1.6-hotfix]
	at com.tacz.guns.resource.manager.JsonDataManager.apply(JsonDataManager.java:58) ~[tacz-1.20.1-1.1.6-hotfix.jar%23481!/:1.1.6-hotfix]
	at com.tacz.guns.resource.manager.CommonDataManager.apply(CommonDataManager.java:35) ~[tacz-1.20.1-1.1.6-hotfix.jar%23481!/:1.1.6-hotfix]
	at com.tacz.guns.resource.manager.CommonDataManager.m_5787_(CommonDataManager.java:19) ~[tacz-1.20.1-1.1.6-hotfix.jar%23481!/:1.1.6-hotfix]
	at net.minecraft.server.packs.resources.SimplePreparableReloadListener.m_10789_(SimplePreparableReloadListener.java:13) ~[server-1.20.1-20230612.114412-srg.jar%23506!/:?]
	at java.util.concurrent.CompletableFuture$UniAccept.tryFire(CompletableFuture.java:718) ~[?:?]
	at java.util.concurrent.CompletableFuture$Completion.run(CompletableFuture.java:482) ~[?:?]
	at net.minecraft.server.packs.resources.SimpleReloadInstance.m_143940_(SimpleReloadInstance.java:69) ~[server-1.20.1-20230612.114412-srg.jar%23506!/:?]
	at net.minecraft.Util.m_214652_(Util.java:783) ~[server-1.20.1-20230612.114412-srg.jar%23506!/:?]
	at net.minecraft.Util.m_214679_(Util.java:772) ~[server-1.20.1-20230612.114412-srg.jar%23506!/:?]
	at net.minecraft.server.Main.main(Main.java:166) ~[server-1.20.1-20230612.114412-srg.jar%23506!/:?]
	at jdk.internal.reflect.NativeMethodAccessorImpl.invoke0(Native Method) ~[?:?]
	at jdk.internal.reflect.NativeMethodAccessorImpl.invoke(NativeMethodAccessorImpl.java:77) ~[?:?]
	at jdk.internal.reflect.DelegatingMethodAccessorImpl.invoke(DelegatingMethodAccessorImpl.java:43) ~[?:?]
	at java.lang.reflect.Method.invoke(Method.java:569) ~[?:?]
	at net.minecraftforge.fml.loading.targets.CommonLaunchHandler.runTarget(CommonLaunchHandler.java:111) ~[fmlloader-1.20.1-47.4.20.jar%2369!/:?]
	at net.minecraftforge.fml.loading.targets.CommonLaunchHandler.serverService(CommonLaunchHandler.java:103) ~[fmlloader-1.20.1-47.4.20.jar%2369!/:?]
	at net.minecraftforge.fml.loading.targets.CommonServerLaunchHandler.lambda$makeService$0(CommonServerLaunchHandler.java:27) ~[fmlloader-1.20.1-47.4.20.jar%2369!/:?]
	at cpw.mods.modlauncher.LaunchServiceHandlerDecorator.launch(LaunchServiceHandlerDecorator.java:30) ~[modlauncher-10.0.9.jar%2355!/:?]
	at cpw.mods.modlauncher.LaunchServiceHandler.launch(LaunchServiceHandler.java:53) ~[modlauncher-10.0.9.jar%2355!/:?]
	at cpw.mods.modlauncher.LaunchServiceHandler.launch(LaunchServiceHandler.java:71) ~[modlauncher-10.0.9.jar%2355!/:?]
	at cpw.mods.modlauncher.Launcher.run(Launcher.java:108) ~[modlauncher-10.0.9.jar%2355!/:?]
	at cpw.mods.modlauncher.Launcher.main(Launcher.java:78) ~[modlauncher-10.0.9.jar%2355!/:?]
	at cpw.mods.modlauncher.BootstrapLaunchConsumer.accept(BootstrapLaunchConsumer.java:26) ~[modlauncher-10.0.9.jar%2355!/:?]
	at cpw.mods.modlauncher.BootstrapLaunchConsumer.accept(BootstrapLaunchConsumer.java:23) ~[modlauncher-10.0.9.jar%2355!/:?]
	at cpw.mods.bootstraplauncher.BootstrapLauncher.main(BootstrapLauncher.java:141) ~[bootstraplauncher-1.1.2.jar:?]
[16Jun2026 02:04:08.204] [main/ERROR] [tacz/GunIndexLoader]: Failed to load data file bf1:kolibri
com.google.gson.JsonParseException: there is no corresponding data file
	at com.tacz.guns.resource.serialize.CommonGunIndexSerializer.deserialize(CommonGunIndexSerializer.java:19) ~[tacz-1.20.1-1.1.6-hotfix.jar%23481!/:1.1.6-hotfix]
	at com.tacz.guns.resource.serialize.CommonGunIndexSerializer.deserialize(CommonGunIndexSerializer.java:12) ~[tacz-1.20.1-1.1.6-hotfix.jar%23481!/:1.1.6-hotfix]
	at com.google.gson.internal.bind.TreeTypeAdapter.read(TreeTypeAdapter.java:76) ~[gson-2.10.jar%2372!/:?]
	at com.google.gson.Gson.fromJson(Gson.java:1214) ~[gson-2.10.jar%2372!/:?]
	at com.google.gson.Gson.fromJson(Gson.java:1319) ~[gson-2.10.jar%2372!/:?]
	at com.google.gson.Gson.fromJson(Gson.java:1261) ~[gson-2.10.jar%2372!/:?]
	at com.tacz.guns.resource.manager.JsonDataManager.parseJson(JsonDataManager.java:69) ~[tacz-1.20.1-1.1.6-hotfix.jar%23481!/:1.1.6-hotfix]
	at com.tacz.guns.resource.manager.JsonDataManager.apply(JsonDataManager.java:58) ~[tacz-1.20.1-1.1.6-hotfix.jar%23481!/:1.1.6-hotfix]
	at com.tacz.guns.resource.manager.CommonDataManager.apply(CommonDataManager.java:35) ~[tacz-1.20.1-1.1.6-hotfix.jar%23481!/:1.1.6-hotfix]
	at com.tacz.guns.resource.manager.CommonDataManager.m_5787_(CommonDataManager.java:19) ~[tacz-1.20.1-1.1.6-hotfix.jar%23481!/:1.1.6-hotfix]
	at net.minecraft.server.packs.resources.SimplePreparableReloadListener.m_10789_(SimplePreparableReloadListener.java:13) ~[server-1.20.1-20230612.114412-srg.jar%23506!/:?]
	at java.util.concurrent.CompletableFuture$UniAccept.tryFire(CompletableFuture.java:718) ~[?:?]
	at java.util.concurrent.CompletableFuture$Completion.run(CompletableFuture.java:482) ~[?:?]
	at net.minecraft.server.packs.resources.SimpleReloadInstance.m_143940_(SimpleReloadInstance.java:69) ~[server-1.20.1-20230612.114412-srg.jar%23506!/:?]
	at net.minecraft.Util.m_214652_(Util.java:783) ~[server-1.20.1-20230612.114412-srg.jar%23506!/:?]
	at net.minecraft.Util.m_214679_(Util.java:772) ~[server-1.20.1-20230612.114412-srg.jar%23506!/:?]
	at net.minecraft.server.Main.main(Main.java:166) ~[server-1.20.1-20230612.114412-srg.jar%23506!/:?]
	at jdk.internal.reflect.NativeMethodAccessorImpl.invoke0(Native Method) ~[?:?]
	at jdk.internal.reflect.NativeMethodAccessorImpl.invoke(NativeMethodAccessorImpl.java:77) ~[?:?]
	at jdk.internal.reflect.DelegatingMethodAccessorImpl.invoke(DelegatingMethodAccessorImpl.java:43) ~[?:?]
	at java.lang.reflect.Method.invoke(Method.java:569) ~[?:?]
	at net.minecraftforge.fml.loading.targets.CommonLaunchHandler.runTarget(CommonLaunchHandler.java:111) ~[fmlloader-1.20.1-47.4.20.jar%2369!/:?]
	at net.minecraftforge.fml.loading.targets.CommonLaunchHandler.serverService(CommonLaunchHandler.java:103) ~[fmlloader-1.20.1-47.4.20.jar%2369!/:?]
	at net.minecraftforge.fml.loading.targets.CommonServerLaunchHandler.lambda$makeService$0(CommonServerLaunchHandler.java:27) ~[fmlloader-1.20.1-47.4.20.jar%2369!/:?]
	at cpw.mods.modlauncher.LaunchServiceHandlerDecorator.launch(LaunchServiceHandlerDecorator.java:30) ~[modlauncher-10.0.9.jar%2355!/:?]
	at cpw.mods.modlauncher.LaunchServiceHandler.launch(LaunchServiceHandler.java:53) ~[modlauncher-10.0.9.jar%2355!/:?]
	at cpw.mods.modlauncher.LaunchServiceHandler.launch(LaunchServiceHandler.java:71) ~[modlauncher-10.0.9.jar%2355!/:?]
	at cpw.mods.modlauncher.Launcher.run(Launcher.java:108) ~[modlauncher-10.0.9.jar%2355!/:?]
	at cpw.mods.modlauncher.Launcher.main(Launcher.java:78) ~[modlauncher-10.0.9.jar%2355!/:?]
	at cpw.mods.modlauncher.BootstrapLaunchConsumer.accept(BootstrapLaunchConsumer.java:26) ~[modlauncher-10.0.9.jar%2355!/:?]
	at cpw.mods.modlauncher.BootstrapLaunchConsumer.accept(BootstrapLaunchConsumer.java:23) ~[modlauncher-10.0.9.jar%2355!/:?]
	at cpw.mods.bootstraplauncher.BootstrapLauncher.main(BootstrapLauncher.java:141) ~[bootstraplauncher-1.1.2.jar:?]
[16Jun2026 02:04:08.206] [main/ERROR] [tacz/GunIndexLoader]: Failed to load data file bf1:f_faust
com.google.gson.JsonParseException: there is no corresponding data file
	at com.tacz.guns.resource.serialize.CommonGunIndexSerializer.deserialize(CommonGunIndexSerializer.java:19) ~[tacz-1.20.1-1.1.6-hotfix.jar%23481!/:1.1.6-hotfix]
	at com.tacz.guns.resource.serialize.CommonGunIndexSerializer.deserialize(CommonGunIndexSerializer.java:12) ~[tacz-1.20.1-1.1.6-hotfix.jar%23481!/:1.1.6-hotfix]
	at com.google.gson.internal.bind.TreeTypeAdapter.read(TreeTypeAdapter.java:76) ~[gson-2.10.jar%2372!/:?]
	at com.google.gson.Gson.fromJson(Gson.java:1214) ~[gson-2.10.jar%2372!/:?]
	at com.google.gson.Gson.fromJson(Gson.java:1319) ~[gson-2.10.jar%2372!/:?]
	at com.google.gson.Gson.fromJson(Gson.java:1261) ~[gson-2.10.jar%2372!/:?]
	at com.tacz.guns.resource.manager.JsonDataManager.parseJson(JsonDataManager.java:69) ~[tacz-1.20.1-1.1.6-hotfix.jar%23481!/:1.1.6-hotfix]
	at com.tacz.guns.resource.manager.JsonDataManager.apply(JsonDataManager.java:58) ~[tacz-1.20.1-1.1.6-hotfix.jar%23481!/:1.1.6-hotfix]
	at com.tacz.guns.resource.manager.CommonDataManager.apply(CommonDataManager.java:35) ~[tacz-1.20.1-1.1.6-hotfix.jar%23481!/:1.1.6-hotfix]
	at com.tacz.guns.resource.manager.CommonDataManager.m_5787_(CommonDataManager.java:19) ~[tacz-1.20.1-1.1.6-hotfix.jar%23481!/:1.1.6-hotfix]
	at net.minecraft.server.packs.resources.SimplePreparableReloadListener.m_10789_(SimplePreparableReloadListener.java:13) ~[server-1.20.1-20230612.114412-srg.jar%23506!/:?]
	at java.util.concurrent.CompletableFuture$UniAccept.tryFire(CompletableFuture.java:718) ~[?:?]
	at java.util.concurrent.CompletableFuture$Completion.run(CompletableFuture.java:482) ~[?:?]
	at net.minecraft.server.packs.resources.SimpleReloadInstance.m_143940_(SimpleReloadInstance.java:69) ~[server-1.20.1-20230612.114412-srg.jar%23506!/:?]
	at net.minecraft.Util.m_214652_(Util.java:783) ~[server-1.20.1-20230612.114412-srg.jar%23506!/:?]
	at net.minecraft.Util.m_214679_(Util.java:772) ~[server-1.20.1-20230612.114412-srg.jar%23506!/:?]
	at net.minecraft.server.Main.main(Main.java:166) ~[server-1.20.1-20230612.114412-srg.jar%23506!/:?]
	at jdk.internal.reflect.NativeMethodAccessorImpl.invoke0(Native Method) ~[?:?]
	at jdk.internal.reflect.NativeMethodAccessorImpl.invoke(NativeMethodAccessorImpl.java:77) ~[?:?]
	at jdk.internal.reflect.DelegatingMethodAccessorImpl.invoke(DelegatingMethodAccessorImpl.java:43) ~[?:?]
	at java.lang.reflect.Method.invoke(Method.java:569) ~[?:?]
	at net.minecraftforge.fml.loading.targets.CommonLaunchHandler.runTarget(CommonLaunchHandler.java:111) ~[fmlloader-1.20.1-47.4.20.jar%2369!/:?]
	at net.minecraftforge.fml.loading.targets.CommonLaunchHandler.serverService(CommonLaunchHandler.java:103) ~[fmlloader-1.20.1-47.4.20.jar%2369!/:?]
	at net.minecraftforge.fml.loading.targets.CommonServerLaunchHandler.lambda$makeService$0(CommonServerLaunchHandler.java:27) ~[fmlloader-1.20.1-47.4.20.jar%2369!/:?]
	at cpw.mods.modlauncher.LaunchServiceHandlerDecorator.launch(LaunchServiceHandlerDecorator.java:30) ~[modlauncher-10.0.9.jar%2355!/:?]
	at cpw.mods.modlauncher.LaunchServiceHandler.launch(LaunchServiceHandler.java:53) ~[modlauncher-10.0.9.jar%2355!/:?]
	at cpw.mods.modlauncher.LaunchServiceHandler.launch(LaunchServiceHandler.java:71) ~[modlauncher-10.0.9.jar%2355!/:?]
	at cpw.mods.modlauncher.Launcher.run(Launcher.java:108) ~[modlauncher-10.0.9.jar%2355!/:?]
	at cpw.mods.modlauncher.Launcher.main(Launcher.java:78) ~[modlauncher-10.0.9.jar%2355!/:?]
	at cpw.mods.modlauncher.BootstrapLaunchConsumer.accept(BootstrapLaunchConsumer.java:26) ~[modlauncher-10.0.9.jar%2355!/:?]
	at cpw.mods.modlauncher.BootstrapLaunchConsumer.accept(BootstrapLaunchConsumer.java:23) ~[modlauncher-10.0.9.jar%2355!/:?]
	at cpw.mods.bootstraplauncher.BootstrapLauncher.main(BootstrapLauncher.java:141) ~[bootstraplauncher-1.1.2.jar:?]
[16Jun2026 02:04:08.207] [main/ERROR] [tacz/GunIndexLoader]: Failed to load data file bf1:zk383
com.google.gson.JsonParseException: there is no corresponding data file
	at com.tacz.guns.resource.serialize.CommonGunIndexSerializer.deserialize(CommonGunIndexSerializer.java:19) ~[tacz-1.20.1-1.1.6-hotfix.jar%23481!/:1.1.6-hotfix]
	at com.tacz.guns.resource.serialize.CommonGunIndexSerializer.deserialize(CommonGunIndexSerializer.java:12) ~[tacz-1.20.1-1.1.6-hotfix.jar%23481!/:1.1.6-hotfix]
	at com.google.gson.internal.bind.TreeTypeAdapter.read(TreeTypeAdapter.java:76) ~[gson-2.10.jar%2372!/:?]
	at com.google.gson.Gson.fromJson(Gson.java:1214) ~[gson-2.10.jar%2372!/:?]
	at com.google.gson.Gson.fromJson(Gson.java:1319) ~[gson-2.10.jar%2372!/:?]
	at com.google.gson.Gson.fromJson(Gson.java:1261) ~[gson-2.10.jar%2372!/:?]
	at com.tacz.guns.resource.manager.JsonDataManager.parseJson(JsonDataManager.java:69) ~[tacz-1.20.1-1.1.6-hotfix.jar%23481!/:1.1.6-hotfix]
	at com.tacz.guns.resource.manager.JsonDataManager.apply(JsonDataManager.java:58) ~[tacz-1.20.1-1.1.6-hotfix.jar%23481!/:1.1.6-hotfix]
	at com.tacz.guns.resource.manager.CommonDataManager.apply(CommonDataManager.java:35) ~[tacz-1.20.1-1.1.6-hotfix.jar%23481!/:1.1.6-hotfix]
	at com.tacz.guns.resource.manager.CommonDataManager.m_5787_(CommonDataManager.java:19) ~[tacz-1.20.1-1.1.6-hotfix.jar%23481!/:1.1.6-hotfix]
	at net.minecraft.server.packs.resources.SimplePreparableReloadListener.m_10789_(SimplePreparableReloadListener.java:13) ~[server-1.20.1-20230612.114412-srg.jar%23506!/:?]
	at java.util.concurrent.CompletableFuture$UniAccept.tryFire(CompletableFuture.java:718) ~[?:?]
	at java.util.concurrent.CompletableFuture$Completion.run(CompletableFuture.java:482) ~[?:?]
	at net.minecraft.server.packs.resources.SimpleReloadInstance.m_143940_(SimpleReloadInstance.java:69) ~[server-1.20.1-20230612.114412-srg.jar%23506!/:?]
	at net.minecraft.Util.m_214652_(Util.java:783) ~[server-1.20.1-20230612.114412-srg.jar%23506!/:?]
	at net.minecraft.Util.m_214679_(Util.java:772) ~[server-1.20.1-20230612.114412-srg.jar%23506!/:?]
	at net.minecraft.server.Main.main(Main.java:166) ~[server-1.20.1-20230612.114412-srg.jar%23506!/:?]
	at jdk.internal.reflect.NativeMethodAccessorImpl.invoke0(Native Method) ~[?:?]
	at jdk.internal.reflect.NativeMethodAccessorImpl.invoke(NativeMethodAccessorImpl.java:77) ~[?:?]
	at jdk.internal.reflect.DelegatingMethodAccessorImpl.invoke(DelegatingMethodAccessorImpl.java:43) ~[?:?]
	at java.lang.reflect.Method.invoke(Method.java:569) ~[?:?]
	at net.minecraftforge.fml.loading.targets.CommonLaunchHandler.runTarget(CommonLaunchHandler.java:111) ~[fmlloader-1.20.1-47.4.20.jar%2369!/:?]
	at net.minecraftforge.fml.loading.targets.CommonLaunchHandler.serverService(CommonLaunchHandler.java:103) ~[fmlloader-1.20.1-47.4.20.jar%2369!/:?]
	at net.minecraftforge.fml.loading.targets.CommonServerLaunchHandler.lambda$makeService$0(CommonServerLaunchHandler.java:27) ~[fmlloader-1.20.1-47.4.20.jar%2369!/:?]
	at cpw.mods.modlauncher.LaunchServiceHandlerDecorator.launch(LaunchServiceHandlerDecorator.java:30) ~[modlauncher-10.0.9.jar%2355!/:?]
	at cpw.mods.modlauncher.LaunchServiceHandler.launch(LaunchServiceHandler.java:53) ~[modlauncher-10.0.9.jar%2355!/:?]
	at cpw.mods.modlauncher.LaunchServiceHandler.launch(LaunchServiceHandler.java:71) ~[modlauncher-10.0.9.jar%2355!/:?]
	at cpw.mods.modlauncher.Launcher.run(Launcher.java:108) ~[modlauncher-10.0.9.jar%2355!/:?]
	at cpw.mods.modlauncher.Launcher.main(Launcher.java:78) ~[modlauncher-10.0.9.jar%2355!/:?]
	at cpw.mods.modlauncher.BootstrapLaunchConsumer.accept(BootstrapLaunchConsumer.java:26) ~[modlauncher-10.0.9.jar%2355!/:?]
	at cpw.mods.modlauncher.BootstrapLaunchConsumer.accept(BootstrapLaunchConsumer.java:23) ~[modlauncher-10.0.9.jar%2355!/:?]
	at cpw.mods.bootstraplauncher.BootstrapLauncher.main(BootstrapLauncher.java:141) ~[bootstraplauncher-1.1.2.jar:?]
[16Jun2026 02:04:08.208] [main/ERROR] [tacz/GunIndexLoader]: Failed to load data file bf1:ef46
com.google.gson.JsonParseException: there is no corresponding data file
	at com.tacz.guns.resource.serialize.CommonGunIndexSerializer.deserialize(CommonGunIndexSerializer.java:19) ~[tacz-1.20.1-1.1.6-hotfix.jar%23481!/:1.1.6-hotfix]
	at com.tacz.guns.resource.serialize.CommonGunIndexSerializer.deserialize(CommonGunIndexSerializer.java:12) ~[tacz-1.20.1-1.1.6-hotfix.jar%23481!/:1.1.6-hotfix]
	at com.google.gson.internal.bind.TreeTypeAdapter.read(TreeTypeAdapter.java:76) ~[gson-2.10.jar%2372!/:?]
	at com.google.gson.Gson.fromJson(Gson.java:1214) ~[gson-2.10.jar%2372!/:?]
	at com.google.gson.Gson.fromJson(Gson.java:1319) ~[gson-2.10.jar%2372!/:?]
	at com.google.gson.Gson.fromJson(Gson.java:1261) ~[gson-2.10.jar%2372!/:?]
	at com.tacz.guns.resource.manager.JsonDataManager.parseJson(JsonDataManager.java:69) ~[tacz-1.20.1-1.1.6-hotfix.jar%23481!/:1.1.6-hotfix]
	at com.tacz.guns.resource.manager.JsonDataManager.apply(JsonDataManager.java:58) ~[tacz-1.20.1-1.1.6-hotfix.jar%23481!/:1.1.6-hotfix]
	at com.tacz.guns.resource.manager.CommonDataManager.apply(CommonDataManager.java:35) ~[tacz-1.20.1-1.1.6-hotfix.jar%23481!/:1.1.6-hotfix]
	at com.tacz.guns.resource.manager.CommonDataManager.m_5787_(CommonDataManager.java:19) ~[tacz-1.20.1-1.1.6-hotfix.jar%23481!/:1.1.6-hotfix]
	at net.minecraft.server.packs.resources.SimplePreparableReloadListener.m_10789_(SimplePreparableReloadListener.java:13) ~[server-1.20.1-20230612.114412-srg.jar%23506!/:?]
	at java.util.concurrent.CompletableFuture$UniAccept.tryFire(CompletableFuture.java:718) ~[?:?]
	at java.util.concurrent.CompletableFuture$Completion.run(CompletableFuture.java:482) ~[?:?]
	at net.minecraft.server.packs.resources.SimpleReloadInstance.m_143940_(SimpleReloadInstance.java:69) ~[server-1.20.1-20230612.114412-srg.jar%23506!/:?]
	at net.minecraft.Util.m_214652_(Util.java:783) ~[server-1.20.1-20230612.114412-srg.jar%23506!/:?]
	at net.minecraft.Util.m_214679_(Util.java:772) ~[server-1.20.1-20230612.114412-srg.jar%23506!/:?]
	at net.minecraft.server.Main.main(Main.java:166) ~[server-1.20.1-20230612.114412-srg.jar%23506!/:?]
	at jdk.internal.reflect.NativeMethodAccessorImpl.invoke0(Native Method) ~[?:?]
	at jdk.internal.reflect.NativeMethodAccessorImpl.invoke(NativeMethodAccessorImpl.java:77) ~[?:?]
	at jdk.internal.reflect.DelegatingMethodAccessorImpl.invoke(DelegatingMethodAccessorImpl.java:43) ~[?:?]
	at java.lang.reflect.Method.invoke(Method.java:569) ~[?:?]
	at net.minecraftforge.fml.loading.targets.CommonLaunchHandler.runTarget(CommonLaunchHandler.java:111) ~[fmlloader-1.20.1-47.4.20.jar%2369!/:?]
	at net.minecraftforge.fml.loading.targets.CommonLaunchHandler.serverService(CommonLaunchHandler.java:103) ~[fmlloader-1.20.1-47.4.20.jar%2369!/:?]
	at net.minecraftforge.fml.loading.targets.CommonServerLaunchHandler.lambda$makeService$0(CommonServerLaunchHandler.java:27) ~[fmlloader-1.20.1-47.4.20.jar%2369!/:?]
	at cpw.mods.modlauncher.LaunchServiceHandlerDecorator.launch(LaunchServiceHandlerDecorator.java:30) ~[modlauncher-10.0.9.jar%2355!/:?]
	at cpw.mods.modlauncher.LaunchServiceHandler.launch(LaunchServiceHandler.java:53) ~[modlauncher-10.0.9.jar%2355!/:?]
	at cpw.mods.modlauncher.LaunchServiceHandler.launch(LaunchServiceHandler.java:71) ~[modlauncher-10.0.9.jar%2355!/:?]
	at cpw.mods.modlauncher.Launcher.run(Launcher.java:108) ~[modlauncher-10.0.9.jar%2355!/:?]
	at cpw.mods.modlauncher.Launcher.main(Launcher.java:78) ~[modlauncher-10.0.9.jar%2355!/:?]
	at cpw.mods.modlauncher.BootstrapLaunchConsumer.accept(BootstrapLaunchConsumer.java:26) ~[modlauncher-10.0.9.jar%2355!/:?]
	at cpw.mods.modlauncher.BootstrapLaunchConsumer.accept(BootstrapLaunchConsumer.java:23) ~[modlauncher-10.0.9.jar%2355!/:?]
	at cpw.mods.bootstraplauncher.BootstrapLauncher.main(BootstrapLauncher.java:141) ~[bootstraplauncher-1.1.2.jar:?]
[16Jun2026 02:04:08.208] [main/ERROR] [tacz/GunIndexLoader]: Failed to load data file bf1:syringe
com.google.gson.JsonParseException: there is no corresponding data file
	at com.tacz.guns.resource.serialize.CommonGunIndexSerializer.deserialize(CommonGunIndexSerializer.java:19) ~[tacz-1.20.1-1.1.6-hotfix.jar%23481!/:1.1.6-hotfix]
	at com.tacz.guns.resource.serialize.CommonGunIndexSerializer.deserialize(CommonGunIndexSerializer.java:12) ~[tacz-1.20.1-1.1.6-hotfix.jar%23481!/:1.1.6-hotfix]
	at com.google.gson.internal.bind.TreeTypeAdapter.read(TreeTypeAdapter.java:76) ~[gson-2.10.jar%2372!/:?]
	at com.google.gson.Gson.fromJson(Gson.java:1214) ~[gson-2.10.jar%2372!/:?]
	at com.google.gson.Gson.fromJson(Gson.java:1319) ~[gson-2.10.jar%2372!/:?]
	at com.google.gson.Gson.fromJson(Gson.java:1261) ~[gson-2.10.jar%2372!/:?]
	at com.tacz.guns.resource.manager.JsonDataManager.parseJson(JsonDataManager.java:69) ~[tacz-1.20.1-1.1.6-hotfix.jar%23481!/:1.1.6-hotfix]
	at com.tacz.guns.resource.manager.JsonDataManager.apply(JsonDataManager.java:58) ~[tacz-1.20.1-1.1.6-hotfix.jar%23481!/:1.1.6-hotfix]
	at com.tacz.guns.resource.manager.CommonDataManager.apply(CommonDataManager.java:35) ~[tacz-1.20.1-1.1.6-hotfix.jar%23481!/:1.1.6-hotfix]
	at com.tacz.guns.resource.manager.CommonDataManager.m_5787_(CommonDataManager.java:19) ~[tacz-1.20.1-1.1.6-hotfix.jar%23481!/:1.1.6-hotfix]
	at net.minecraft.server.packs.resources.SimplePreparableReloadListener.m_10789_(SimplePreparableReloadListener.java:13) ~[server-1.20.1-20230612.114412-srg.jar%23506!/:?]
	at java.util.concurrent.CompletableFuture$UniAccept.tryFire(CompletableFuture.java:718) ~[?:?]
	at java.util.concurrent.CompletableFuture$Completion.run(CompletableFuture.java:482) ~[?:?]
	at net.minecraft.server.packs.resources.SimpleReloadInstance.m_143940_(SimpleReloadInstance.java:69) ~[server-1.20.1-20230612.114412-srg.jar%23506!/:?]
	at net.minecraft.Util.m_214652_(Util.java:783) ~[server-1.20.1-20230612.114412-srg.jar%23506!/:?]
	at net.minecraft.Util.m_214679_(Util.java:772) ~[server-1.20.1-20230612.114412-srg.jar%23506!/:?]
	at net.minecraft.server.Main.main(Main.java:166) ~[server-1.20.1-20230612.114412-srg.jar%23506!/:?]
	at jdk.internal.reflect.NativeMethodAccessorImpl.invoke0(Native Method) ~[?:?]
	at jdk.internal.reflect.NativeMethodAccessorImpl.invoke(NativeMethodAccessorImpl.java:77) ~[?:?]
	at jdk.internal.reflect.DelegatingMethodAccessorImpl.invoke(DelegatingMethodAccessorImpl.java:43) ~[?:?]
	at java.lang.reflect.Method.invoke(Method.java:569) ~[?:?]
	at net.minecraftforge.fml.loading.targets.CommonLaunchHandler.runTarget(CommonLaunchHandler.java:111) ~[fmlloader-1.20.1-47.4.20.jar%2369!/:?]
	at net.minecraftforge.fml.loading.targets.CommonLaunchHandler.serverService(CommonLaunchHandler.java:103) ~[fmlloader-1.20.1-47.4.20.jar%2369!/:?]
	at net.minecraftforge.fml.loading.targets.CommonServerLaunchHandler.lambda$makeService$0(CommonServerLaunchHandler.java:27) ~[fmlloader-1.20.1-47.4.20.jar%2369!/:?]
	at cpw.mods.modlauncher.LaunchServiceHandlerDecorator.launch(LaunchServiceHandlerDecorator.java:30) ~[modlauncher-10.0.9.jar%2355!/:?]
	at cpw.mods.modlauncher.LaunchServiceHandler.launch(LaunchServiceHandler.java:53) ~[modlauncher-10.0.9.jar%2355!/:?]
	at cpw.mods.modlauncher.LaunchServiceHandler.launch(LaunchServiceHandler.java:71) ~[modlauncher-10.0.9.jar%2355!/:?]
	at cpw.mods.modlauncher.Launcher.run(Launcher.java:108) ~[modlauncher-10.0.9.jar%2355!/:?]
	at cpw.mods.modlauncher.Launcher.main(Launcher.java:78) ~[modlauncher-10.0.9.jar%2355!/:?]
	at cpw.mods.modlauncher.BootstrapLaunchConsumer.accept(BootstrapLaunchConsumer.java:26) ~[modlauncher-10.0.9.jar%2355!/:?]
	at cpw.mods.modlauncher.BootstrapLaunchConsumer.accept(BootstrapLaunchConsumer.java:23) ~[modlauncher-10.0.9.jar%2355!/:?]
	at cpw.mods.bootstraplauncher.BootstrapLauncher.main(BootstrapLauncher.java:141) ~[bootstraplauncher-1.1.2.jar:?]
[16Jun2026 02:04:08.209] [main/ERROR] [tacz/GunIndexLoader]: Failed to load data file bf1:welrod
com.google.gson.JsonParseException: there is no corresponding data file
	at com.tacz.guns.resource.serialize.CommonGunIndexSerializer.deserialize(CommonGunIndexSerializer.java:19) ~[tacz-1.20.1-1.1.6-hotfix.jar%23481!/:1.1.6-hotfix]
	at com.tacz.guns.resource.serialize.CommonGunIndexSerializer.deserialize(CommonGunIndexSerializer.java:12) ~[tacz-1.20.1-1.1.6-hotfix.jar%23481!/:1.1.6-hotfix]
	at com.google.gson.internal.bind.TreeTypeAdapter.read(TreeTypeAdapter.java:76) ~[gson-2.10.jar%2372!/:?]
	at com.google.gson.Gson.fromJson(Gson.java:1214) ~[gson-2.10.jar%2372!/:?]
	at com.google.gson.Gson.fromJson(Gson.java:1319) ~[gson-2.10.jar%2372!/:?]
	at com.google.gson.Gson.fromJson(Gson.java:1261) ~[gson-2.10.jar%2372!/:?]
	at com.tacz.guns.resource.manager.JsonDataManager.parseJson(JsonDataManager.java:69) ~[tacz-1.20.1-1.1.6-hotfix.jar%23481!/:1.1.6-hotfix]
	at com.tacz.guns.resource.manager.JsonDataManager.apply(JsonDataManager.java:58) ~[tacz-1.20.1-1.1.6-hotfix.jar%23481!/:1.1.6-hotfix]
	at com.tacz.guns.resource.manager.CommonDataManager.apply(CommonDataManager.java:35) ~[tacz-1.20.1-1.1.6-hotfix.jar%23481!/:1.1.6-hotfix]
	at com.tacz.guns.resource.manager.CommonDataManager.m_5787_(CommonDataManager.java:19) ~[tacz-1.20.1-1.1.6-hotfix.jar%23481!/:1.1.6-hotfix]
	at net.minecraft.server.packs.resources.SimplePreparableReloadListener.m_10789_(SimplePreparableReloadListener.java:13) ~[server-1.20.1-20230612.114412-srg.jar%23506!/:?]
	at java.util.concurrent.CompletableFuture$UniAccept.tryFire(CompletableFuture.java:718) ~[?:?]
	at java.util.concurrent.CompletableFuture$Completion.run(CompletableFuture.java:482) ~[?:?]
	at net.minecraft.server.packs.resources.SimpleReloadInstance.m_143940_(SimpleReloadInstance.java:69) ~[server-1.20.1-20230612.114412-srg.jar%23506!/:?]
	at net.minecraft.Util.m_214652_(Util.java:783) ~[server-1.20.1-20230612.114412-srg.jar%23506!/:?]
	at net.minecraft.Util.m_214679_(Util.java:772) ~[server-1.20.1-20230612.114412-srg.jar%23506!/:?]
	at net.minecraft.server.Main.main(Main.java:166) ~[server-1.20.1-20230612.114412-srg.jar%23506!/:?]
	at jdk.internal.reflect.NativeMethodAccessorImpl.invoke0(Native Method) ~[?:?]
	at jdk.internal.reflect.NativeMethodAccessorImpl.invoke(NativeMethodAccessorImpl.java:77) ~[?:?]
	at jdk.internal.reflect.DelegatingMethodAccessorImpl.invoke(DelegatingMethodAccessorImpl.java:43) ~[?:?]
	at java.lang.reflect.Method.invoke(Method.java:569) ~[?:?]
	at net.minecraftforge.fml.loading.targets.CommonLaunchHandler.runTarget(CommonLaunchHandler.java:111) ~[fmlloader-1.20.1-47.4.20.jar%2369!/:?]
	at net.minecraftforge.fml.loading.targets.CommonLaunchHandler.serverService(CommonLaunchHandler.java:103) ~[fmlloader-1.20.1-47.4.20.jar%2369!/:?]
	at net.minecraftforge.fml.loading.targets.CommonServerLaunchHandler.lambda$makeService$0(CommonServerLaunchHandler.java:27) ~[fmlloader-1.20.1-47.4.20.jar%2369!/:?]
	at cpw.mods.modlauncher.LaunchServiceHandlerDecorator.launch(LaunchServiceHandlerDecorator.java:30) ~[modlauncher-10.0.9.jar%2355!/:?]
	at cpw.mods.modlauncher.LaunchServiceHandler.launch(LaunchServiceHandler.java:53) ~[modlauncher-10.0.9.jar%2355!/:?]
	at cpw.mods.modlauncher.LaunchServiceHandler.launch(LaunchServiceHandler.java:71) ~[modlauncher-10.0.9.jar%2355!/:?]
	at cpw.mods.modlauncher.Launcher.run(Launcher.java:108) ~[modlauncher-10.0.9.jar%2355!/:?]
	at cpw.mods.modlauncher.Launcher.main(Launcher.java:78) ~[modlauncher-10.0.9.jar%2355!/:?]
	at cpw.mods.modlauncher.BootstrapLaunchConsumer.accept(BootstrapLaunchConsumer.java:26) ~[modlauncher-10.0.9.jar%2355!/:?]
	at cpw.mods.modlauncher.BootstrapLaunchConsumer.accept(BootstrapLaunchConsumer.java:23) ~[modlauncher-10.0.9.jar%2355!/:?]
	at cpw.mods.bootstraplauncher.BootstrapLauncher.main(BootstrapLauncher.java:141) ~[bootstraplauncher-1.1.2.jar:?]
[16Jun2026 02:04:08.210] [main/ERROR] [tacz/GunIndexLoader]: Failed to load data file bf1:handgun
com.google.gson.JsonParseException: there is no corresponding data file
	at com.tacz.guns.resource.serialize.CommonGunIndexSerializer.deserialize(CommonGunIndexSerializer.java:19) ~[tacz-1.20.1-1.1.6-hotfix.jar%23481!/:1.1.6-hotfix]
	at com.tacz.guns.resource.serialize.CommonGunIndexSerializer.deserialize(CommonGunIndexSerializer.java:12) ~[tacz-1.20.1-1.1.6-hotfix.jar%23481!/:1.1.6-hotfix]
	at com.google.gson.internal.bind.TreeTypeAdapter.read(TreeTypeAdapter.java:76) ~[gson-2.10.jar%2372!/:?]
	at com.google.gson.Gson.fromJson(Gson.java:1214) ~[gson-2.10.jar%2372!/:?]
	at com.google.gson.Gson.fromJson(Gson.java:1319) ~[gson-2.10.jar%2372!/:?]
	at com.google.gson.Gson.fromJson(Gson.java:1261) ~[gson-2.10.jar%2372!/:?]
	at com.tacz.guns.resource.manager.JsonDataManager.parseJson(JsonDataManager.java:69) ~[tacz-1.20.1-1.1.6-hotfix.jar%23481!/:1.1.6-hotfix]
	at com.tacz.guns.resource.manager.JsonDataManager.apply(JsonDataManager.java:58) ~[tacz-1.20.1-1.1.6-hotfix.jar%23481!/:1.1.6-hotfix]
	at com.tacz.guns.resource.manager.CommonDataManager.apply(CommonDataManager.java:35) ~[tacz-1.20.1-1.1.6-hotfix.jar%23481!/:1.1.6-hotfix]
	at com.tacz.guns.resource.manager.CommonDataManager.m_5787_(CommonDataManager.java:19) ~[tacz-1.20.1-1.1.6-hotfix.jar%23481!/:1.1.6-hotfix]
	at net.minecraft.server.packs.resources.SimplePreparableReloadListener.m_10789_(SimplePreparableReloadListener.java:13) ~[server-1.20.1-20230612.114412-srg.jar%23506!/:?]
	at java.util.concurrent.CompletableFuture$UniAccept.tryFire(CompletableFuture.java:718) ~[?:?]
	at java.util.concurrent.CompletableFuture$Completion.run(CompletableFuture.java:482) ~[?:?]
	at net.minecraft.server.packs.resources.SimpleReloadInstance.m_143940_(SimpleReloadInstance.java:69) ~[server-1.20.1-20230612.114412-srg.jar%23506!/:?]
	at net.minecraft.Util.m_214652_(Util.java:783) ~[server-1.20.1-20230612.114412-srg.jar%23506!/:?]
	at net.minecraft.Util.m_214679_(Util.java:772) ~[server-1.20.1-20230612.114412-srg.jar%23506!/:?]
	at net.minecraft.server.Main.main(Main.java:166) ~[server-1.20.1-20230612.114412-srg.jar%23506!/:?]
	at jdk.internal.reflect.NativeMethodAccessorImpl.invoke0(Native Method) ~[?:?]
	at jdk.internal.reflect.NativeMethodAccessorImpl.invoke(NativeMethodAccessorImpl.java:77) ~[?:?]
	at jdk.internal.reflect.DelegatingMethodAccessorImpl.invoke(DelegatingMethodAccessorImpl.java:43) ~[?:?]
	at java.lang.reflect.Method.invoke(Method.java:569) ~[?:?]
	at net.minecraftforge.fml.loading.targets.CommonLaunchHandler.runTarget(CommonLaunchHandler.java:111) ~[fmlloader-1.20.1-47.4.20.jar%2369!/:?]
	at net.minecraftforge.fml.loading.targets.CommonLaunchHandler.serverService(CommonLaunchHandler.java:103) ~[fmlloader-1.20.1-47.4.20.jar%2369!/:?]
	at net.minecraftforge.fml.loading.targets.CommonServerLaunchHandler.lambda$makeService$0(CommonServerLaunchHandler.java:27) ~[fmlloader-1.20.1-47.4.20.jar%2369!/:?]
	at cpw.mods.modlauncher.LaunchServiceHandlerDecorator.launch(LaunchServiceHandlerDecorator.java:30) ~[modlauncher-10.0.9.jar%2355!/:?]
	at cpw.mods.modlauncher.LaunchServiceHandler.launch(LaunchServiceHandler.java:53) ~[modlauncher-10.0.9.jar%2355!/:?]
	at cpw.mods.modlauncher.LaunchServiceHandler.launch(LaunchServiceHandler.java:71) ~[modlauncher-10.0.9.jar%2355!/:?]
	at cpw.mods.modlauncher.Launcher.run(Launcher.java:108) ~[modlauncher-10.0.9.jar%2355!/:?]
	at cpw.mods.modlauncher.Launcher.main(Launcher.java:78) ~[modlauncher-10.0.9.jar%2355!/:?]
	at cpw.mods.modlauncher.BootstrapLaunchConsumer.accept(BootstrapLaunchConsumer.java:26) ~[modlauncher-10.0.9.jar%2355!/:?]
	at cpw.mods.modlauncher.BootstrapLaunchConsumer.accept(BootstrapLaunchConsumer.java:23) ~[modlauncher-10.0.9.jar%2355!/:?]
	at cpw.mods.bootstraplauncher.BootstrapLauncher.main(BootstrapLauncher.java:141) ~[bootstraplauncher-1.1.2.jar:?]
[16Jun2026 02:04:08.211] [main/ERROR] [tacz/GunIndexLoader]: Failed to load data file bf1:liu
com.google.gson.JsonParseException: there is no corresponding data file
	at com.tacz.guns.resource.serialize.CommonGunIndexSerializer.deserialize(CommonGunIndexSerializer.java:19) ~[tacz-1.20.1-1.1.6-hotfix.jar%23481!/:1.1.6-hotfix]
	at com.tacz.guns.resource.serialize.CommonGunIndexSerializer.deserialize(CommonGunIndexSerializer.java:12) ~[tacz-1.20.1-1.1.6-hotfix.jar%23481!/:1.1.6-hotfix]
	at com.google.gson.internal.bind.TreeTypeAdapter.read(TreeTypeAdapter.java:76) ~[gson-2.10.jar%2372!/:?]
	at com.google.gson.Gson.fromJson(Gson.java:1214) ~[gson-2.10.jar%2372!/:?]
	at com.google.gson.Gson.fromJson(Gson.java:1319) ~[gson-2.10.jar%2372!/:?]
	at com.google.gson.Gson.fromJson(Gson.java:1261) ~[gson-2.10.jar%2372!/:?]
	at com.tacz.guns.resource.manager.JsonDataManager.parseJson(JsonDataManager.java:69) ~[tacz-1.20.1-1.1.6-hotfix.jar%23481!/:1.1.6-hotfix]
	at com.tacz.guns.resource.manager.JsonDataManager.apply(JsonDataManager.java:58) ~[tacz-1.20.1-1.1.6-hotfix.jar%23481!/:1.1.6-hotfix]
	at com.tacz.guns.resource.manager.CommonDataManager.apply(CommonDataManager.java:35) ~[tacz-1.20.1-1.1.6-hotfix.jar%23481!/:1.1.6-hotfix]
	at com.tacz.guns.resource.manager.CommonDataManager.m_5787_(CommonDataManager.java:19) ~[tacz-1.20.1-1.1.6-hotfix.jar%23481!/:1.1.6-hotfix]
	at net.minecraft.server.packs.resources.SimplePreparableReloadListener.m_10789_(SimplePreparableReloadListener.java:13) ~[server-1.20.1-20230612.114412-srg.jar%23506!/:?]
	at java.util.concurrent.CompletableFuture$UniAccept.tryFire(CompletableFuture.java:718) ~[?:?]
	at java.util.concurrent.CompletableFuture$Completion.run(CompletableFuture.java:482) ~[?:?]
	at net.minecraft.server.packs.resources.SimpleReloadInstance.m_143940_(SimpleReloadInstance.java:69) ~[server-1.20.1-20230612.114412-srg.jar%23506!/:?]
	at net.minecraft.Util.m_214652_(Util.java:783) ~[server-1.20.1-20230612.114412-srg.jar%23506!/:?]
	at net.minecraft.Util.m_214679_(Util.java:772) ~[server-1.20.1-20230612.114412-srg.jar%23506!/:?]
	at net.minecraft.server.Main.main(Main.java:166) ~[server-1.20.1-20230612.114412-srg.jar%23506!/:?]
	at jdk.internal.reflect.NativeMethodAccessorImpl.invoke0(Native Method) ~[?:?]
	at jdk.internal.reflect.NativeMethodAccessorImpl.invoke(NativeMethodAccessorImpl.java:77) ~[?:?]
	at jdk.internal.reflect.DelegatingMethodAccessorImpl.invoke(DelegatingMethodAccessorImpl.java:43) ~[?:?]
	at java.lang.reflect.Method.invoke(Method.java:569) ~[?:?]
	at net.minecraftforge.fml.loading.targets.CommonLaunchHandler.runTarget(CommonLaunchHandler.java:111) ~[fmlloader-1.20.1-47.4.20.jar%2369!/:?]
	at net.minecraftforge.fml.loading.targets.CommonLaunchHandler.serverService(CommonLaunchHandler.java:103) ~[fmlloader-1.20.1-47.4.20.jar%2369!/:?]
	at net.minecraftforge.fml.loading.targets.CommonServerLaunchHandler.lambda$makeService$0(CommonServerLaunchHandler.java:27) ~[fmlloader-1.20.1-47.4.20.jar%2369!/:?]
	at cpw.mods.modlauncher.LaunchServiceHandlerDecorator.launch(LaunchServiceHandlerDecorator.java:30) ~[modlauncher-10.0.9.jar%2355!/:?]
	at cpw.mods.modlauncher.LaunchServiceHandler.launch(LaunchServiceHandler.java:53) ~[modlauncher-10.0.9.jar%2355!/:?]
	at cpw.mods.modlauncher.LaunchServiceHandler.launch(LaunchServiceHandler.java:71) ~[modlauncher-10.0.9.jar%2355!/:?]
	at cpw.mods.modlauncher.Launcher.run(Launcher.java:108) ~[modlauncher-10.0.9.jar%2355!/:?]
	at cpw.mods.modlauncher.Launcher.main(Launcher.java:78) ~[modlauncher-10.0.9.jar%2355!/:?]
	at cpw.mods.modlauncher.BootstrapLaunchConsumer.accept(BootstrapLaunchConsumer.java:26) ~[modlauncher-10.0.9.jar%2355!/:?]
	at cpw.mods.modlauncher.BootstrapLaunchConsumer.accept(BootstrapLaunchConsumer.java:23) ~[modlauncher-10.0.9.jar%2355!/:?]
	at cpw.mods.bootstraplauncher.BootstrapLauncher.main(BootstrapLauncher.java:141) ~[bootstraplauncher-1.1.2.jar:?]
[16Jun2026 02:04:08.212] [main/ERROR] [tacz/GunIndexLoader]: Failed to load data file bf1:m2_2
com.google.gson.JsonParseException: there is no corresponding data file
	at com.tacz.guns.resource.serialize.CommonGunIndexSerializer.deserialize(CommonGunIndexSerializer.java:19) ~[tacz-1.20.1-1.1.6-hotfix.jar%23481!/:1.1.6-hotfix]
	at com.tacz.guns.resource.serialize.CommonGunIndexSerializer.deserialize(CommonGunIndexSerializer.java:12) ~[tacz-1.20.1-1.1.6-hotfix.jar%23481!/:1.1.6-hotfix]
	at com.google.gson.internal.bind.TreeTypeAdapter.read(TreeTypeAdapter.java:76) ~[gson-2.10.jar%2372!/:?]
	at com.google.gson.Gson.fromJson(Gson.java:1214) ~[gson-2.10.jar%2372!/:?]
	at com.google.gson.Gson.fromJson(Gson.java:1319) ~[gson-2.10.jar%2372!/:?]
	at com.google.gson.Gson.fromJson(Gson.java:1261) ~[gson-2.10.jar%2372!/:?]
	at com.tacz.guns.resource.manager.JsonDataManager.parseJson(JsonDataManager.java:69) ~[tacz-1.20.1-1.1.6-hotfix.jar%23481!/:1.1.6-hotfix]
	at com.tacz.guns.resource.manager.JsonDataManager.apply(JsonDataManager.java:58) ~[tacz-1.20.1-1.1.6-hotfix.jar%23481!/:1.1.6-hotfix]
	at com.tacz.guns.resource.manager.CommonDataManager.apply(CommonDataManager.java:35) ~[tacz-1.20.1-1.1.6-hotfix.jar%23481!/:1.1.6-hotfix]
	at com.tacz.guns.resource.manager.CommonDataManager.m_5787_(CommonDataManager.java:19) ~[tacz-1.20.1-1.1.6-hotfix.jar%23481!/:1.1.6-hotfix]
	at net.minecraft.server.packs.resources.SimplePreparableReloadListener.m_10789_(SimplePreparableReloadListener.java:13) ~[server-1.20.1-20230612.114412-srg.jar%23506!/:?]
	at java.util.concurrent.CompletableFuture$UniAccept.tryFire(CompletableFuture.java:718) ~[?:?]
	at java.util.concurrent.CompletableFuture$Completion.run(CompletableFuture.java:482) ~[?:?]
	at net.minecraft.server.packs.resources.SimpleReloadInstance.m_143940_(SimpleReloadInstance.java:69) ~[server-1.20.1-20230612.114412-srg.jar%23506!/:?]
	at net.minecraft.Util.m_214652_(Util.java:783) ~[server-1.20.1-20230612.114412-srg.jar%23506!/:?]
	at net.minecraft.Util.m_214679_(Util.java:772) ~[server-1.20.1-20230612.114412-srg.jar%23506!/:?]
	at net.minecraft.server.Main.main(Main.java:166) ~[server-1.20.1-20230612.114412-srg.jar%23506!/:?]
	at jdk.internal.reflect.NativeMethodAccessorImpl.invoke0(Native Method) ~[?:?]
	at jdk.internal.reflect.NativeMethodAccessorImpl.invoke(NativeMethodAccessorImpl.java:77) ~[?:?]
	at jdk.internal.reflect.DelegatingMethodAccessorImpl.invoke(DelegatingMethodAccessorImpl.java:43) ~[?:?]
	at java.lang.reflect.Method.invoke(Method.java:569) ~[?:?]
	at net.minecraftforge.fml.loading.targets.CommonLaunchHandler.runTarget(CommonLaunchHandler.java:111) ~[fmlloader-1.20.1-47.4.20.jar%2369!/:?]
	at net.minecraftforge.fml.loading.targets.CommonLaunchHandler.serverService(CommonLaunchHandler.java:103) ~[fmlloader-1.20.1-47.4.20.jar%2369!/:?]
	at net.minecraftforge.fml.loading.targets.CommonServerLaunchHandler.lambda$makeService$0(CommonServerLaunchHandler.java:27) ~[fmlloader-1.20.1-47.4.20.jar%2369!/:?]
	at cpw.mods.modlauncher.LaunchServiceHandlerDecorator.launch(LaunchServiceHandlerDecorator.java:30) ~[modlauncher-10.0.9.jar%2355!/:?]
	at cpw.mods.modlauncher.LaunchServiceHandler.launch(LaunchServiceHandler.java:53) ~[modlauncher-10.0.9.jar%2355!/:?]
	at cpw.mods.modlauncher.LaunchServiceHandler.launch(LaunchServiceHandler.java:71) ~[modlauncher-10.0.9.jar%2355!/:?]
	at cpw.mods.modlauncher.Launcher.run(Launcher.java:108) ~[modlauncher-10.0.9.jar%2355!/:?]
	at cpw.mods.modlauncher.Launcher.main(Launcher.java:78) ~[modlauncher-10.0.9.jar%2355!/:?]
	at cpw.mods.modlauncher.BootstrapLaunchConsumer.accept(BootstrapLaunchConsumer.java:26) ~[modlauncher-10.0.9.jar%2355!/:?]
	at cpw.mods.modlauncher.BootstrapLaunchConsumer.accept(BootstrapLaunchConsumer.java:23) ~[modlauncher-10.0.9.jar%2355!/:?]
	at cpw.mods.bootstraplauncher.BootstrapLauncher.main(BootstrapLauncher.java:141) ~[bootstraplauncher-1.1.2.jar:?]
[16Jun2026 02:04:08.215] [main/ERROR] [tacz/GunIndexLoader]: Failed to load data file bf1:vp1915
com.google.gson.JsonParseException: there is no corresponding data file
	at com.tacz.guns.resource.serialize.CommonGunIndexSerializer.deserialize(CommonGunIndexSerializer.java:19) ~[tacz-1.20.1-1.1.6-hotfix.jar%23481!/:1.1.6-hotfix]
	at com.tacz.guns.resource.serialize.CommonGunIndexSerializer.deserialize(CommonGunIndexSerializer.java:12) ~[tacz-1.20.1-1.1.6-hotfix.jar%23481!/:1.1.6-hotfix]
	at com.google.gson.internal.bind.TreeTypeAdapter.read(TreeTypeAdapter.java:76) ~[gson-2.10.jar%2372!/:?]
	at com.google.gson.Gson.fromJson(Gson.java:1214) ~[gson-2.10.jar%2372!/:?]
	at com.google.gson.Gson.fromJson(Gson.java:1319) ~[gson-2.10.jar%2372!/:?]
	at com.google.gson.Gson.fromJson(Gson.java:1261) ~[gson-2.10.jar%2372!/:?]
	at com.tacz.guns.resource.manager.JsonDataManager.parseJson(JsonDataManager.java:69) ~[tacz-1.20.1-1.1.6-hotfix.jar%23481!/:1.1.6-hotfix]
	at com.tacz.guns.resource.manager.JsonDataManager.apply(JsonDataManager.java:58) ~[tacz-1.20.1-1.1.6-hotfix.jar%23481!/:1.1.6-hotfix]
	at com.tacz.guns.resource.manager.CommonDataManager.apply(CommonDataManager.java:35) ~[tacz-1.20.1-1.1.6-hotfix.jar%23481!/:1.1.6-hotfix]
	at com.tacz.guns.resource.manager.CommonDataManager.m_5787_(CommonDataManager.java:19) ~[tacz-1.20.1-1.1.6-hotfix.jar%23481!/:1.1.6-hotfix]
	at net.minecraft.server.packs.resources.SimplePreparableReloadListener.m_10789_(SimplePreparableReloadListener.java:13) ~[server-1.20.1-20230612.114412-srg.jar%23506!/:?]
	at java.util.concurrent.CompletableFuture$UniAccept.tryFire(CompletableFuture.java:718) ~[?:?]
	at java.util.concurrent.CompletableFuture$Completion.run(CompletableFuture.java:482) ~[?:?]
	at net.minecraft.server.packs.resources.SimpleReloadInstance.m_143940_(SimpleReloadInstance.java:69) ~[server-1.20.1-20230612.114412-srg.jar%23506!/:?]
	at net.minecraft.Util.m_214652_(Util.java:783) ~[server-1.20.1-20230612.114412-srg.jar%23506!/:?]
	at net.minecraft.Util.m_214679_(Util.java:772) ~[server-1.20.1-20230612.114412-srg.jar%23506!/:?]
	at net.minecraft.server.Main.main(Main.java:166) ~[server-1.20.1-20230612.114412-srg.jar%23506!/:?]
	at jdk.internal.reflect.NativeMethodAccessorImpl.invoke0(Native Method) ~[?:?]
	at jdk.internal.reflect.NativeMethodAccessorImpl.invoke(NativeMethodAccessorImpl.java:77) ~[?:?]
	at jdk.internal.reflect.DelegatingMethodAccessorImpl.invoke(DelegatingMethodAccessorImpl.java:43) ~[?:?]
	at java.lang.reflect.Method.invoke(Method.java:569) ~[?:?]
	at net.minecraftforge.fml.loading.targets.CommonLaunchHandler.runTarget(CommonLaunchHandler.java:111) ~[fmlloader-1.20.1-47.4.20.jar%2369!/:?]
	at net.minecraftforge.fml.loading.targets.CommonLaunchHandler.serverService(CommonLaunchHandler.java:103) ~[fmlloader-1.20.1-47.4.20.jar%2369!/:?]
	at net.minecraftforge.fml.loading.targets.CommonServerLaunchHandler.lambda$makeService$0(CommonServerLaunchHandler.java:27) ~[fmlloader-1.20.1-47.4.20.jar%2369!/:?]
	at cpw.mods.modlauncher.LaunchServiceHandlerDecorator.launch(LaunchServiceHandlerDecorator.java:30) ~[modlauncher-10.0.9.jar%2355!/:?]
	at cpw.mods.modlauncher.LaunchServiceHandler.launch(LaunchServiceHandler.java:53) ~[modlauncher-10.0.9.jar%2355!/:?]
	at cpw.mods.modlauncher.LaunchServiceHandler.launch(LaunchServiceHandler.java:71) ~[modlauncher-10.0.9.jar%2355!/:?]
	at cpw.mods.modlauncher.Launcher.run(Launcher.java:108) ~[modlauncher-10.0.9.jar%2355!/:?]
	at cpw.mods.modlauncher.Launcher.main(Launcher.java:78) ~[modlauncher-10.0.9.jar%2355!/:?]
	at cpw.mods.modlauncher.BootstrapLaunchConsumer.accept(BootstrapLaunchConsumer.java:26) ~[modlauncher-10.0.9.jar%2355!/:?]
	at cpw.mods.modlauncher.BootstrapLaunchConsumer.accept(BootstrapLaunchConsumer.java:23) ~[modlauncher-10.0.9.jar%2355!/:?]
	at cpw.mods.bootstraplauncher.BootstrapLauncher.main(BootstrapLauncher.java:141) ~[bootstraplauncher-1.1.2.jar:?]
[16Jun2026 02:04:08.216] [main/ERROR] [tacz/GunIndexLoader]: Failed to load data file bf1:rorsch_mk4
com.google.gson.JsonParseException: there is no corresponding data file
	at com.tacz.guns.resource.serialize.CommonGunIndexSerializer.deserialize(CommonGunIndexSerializer.java:19) ~[tacz-1.20.1-1.1.6-hotfix.jar%23481!/:1.1.6-hotfix]
	at com.tacz.guns.resource.serialize.CommonGunIndexSerializer.deserialize(CommonGunIndexSerializer.java:12) ~[tacz-1.20.1-1.1.6-hotfix.jar%23481!/:1.1.6-hotfix]
	at com.google.gson.internal.bind.TreeTypeAdapter.read(TreeTypeAdapter.java:76) ~[gson-2.10.jar%2372!/:?]
	at com.google.gson.Gson.fromJson(Gson.java:1214) ~[gson-2.10.jar%2372!/:?]
	at com.google.gson.Gson.fromJson(Gson.java:1319) ~[gson-2.10.jar%2372!/:?]
	at com.google.gson.Gson.fromJson(Gson.java:1261) ~[gson-2.10.jar%2372!/:?]
	at com.tacz.guns.resource.manager.JsonDataManager.parseJson(JsonDataManager.java:69) ~[tacz-1.20.1-1.1.6-hotfix.jar%23481!/:1.1.6-hotfix]
	at com.tacz.guns.resource.manager.JsonDataManager.apply(JsonDataManager.java:58) ~[tacz-1.20.1-1.1.6-hotfix.jar%23481!/:1.1.6-hotfix]
	at com.tacz.guns.resource.manager.CommonDataManager.apply(CommonDataManager.java:35) ~[tacz-1.20.1-1.1.6-hotfix.jar%23481!/:1.1.6-hotfix]
	at com.tacz.guns.resource.manager.CommonDataManager.m_5787_(CommonDataManager.java:19) ~[tacz-1.20.1-1.1.6-hotfix.jar%23481!/:1.1.6-hotfix]
	at net.minecraft.server.packs.resources.SimplePreparableReloadListener.m_10789_(SimplePreparableReloadListener.java:13) ~[server-1.20.1-20230612.114412-srg.jar%23506!/:?]
	at java.util.concurrent.CompletableFuture$UniAccept.tryFire(CompletableFuture.java:718) ~[?:?]
	at java.util.concurrent.CompletableFuture$Completion.run(CompletableFuture.java:482) ~[?:?]
	at net.minecraft.server.packs.resources.SimpleReloadInstance.m_143940_(SimpleReloadInstance.java:69) ~[server-1.20.1-20230612.114412-srg.jar%23506!/:?]
	at net.minecraft.Util.m_214652_(Util.java:783) ~[server-1.20.1-20230612.114412-srg.jar%23506!/:?]
	at net.minecraft.Util.m_214679_(Util.java:772) ~[server-1.20.1-20230612.114412-srg.jar%23506!/:?]
	at net.minecraft.server.Main.main(Main.java:166) ~[server-1.20.1-20230612.114412-srg.jar%23506!/:?]
	at jdk.internal.reflect.NativeMethodAccessorImpl.invoke0(Native Method) ~[?:?]
	at jdk.internal.reflect.NativeMethodAccessorImpl.invoke(NativeMethodAccessorImpl.java:77) ~[?:?]
	at jdk.internal.reflect.DelegatingMethodAccessorImpl.invoke(DelegatingMethodAccessorImpl.java:43) ~[?:?]
	at java.lang.reflect.Method.invoke(Method.java:569) ~[?:?]
	at net.minecraftforge.fml.loading.targets.CommonLaunchHandler.runTarget(CommonLaunchHandler.java:111) ~[fmlloader-1.20.1-47.4.20.jar%2369!/:?]
	at net.minecraftforge.fml.loading.targets.CommonLaunchHandler.serverService(CommonLaunchHandler.java:103) ~[fmlloader-1.20.1-47.4.20.jar%2369!/:?]
	at net.minecraftforge.fml.loading.targets.CommonServerLaunchHandler.lambda$makeService$0(CommonServerLaunchHandler.java:27) ~[fmlloader-1.20.1-47.4.20.jar%2369!/:?]
	at cpw.mods.modlauncher.LaunchServiceHandlerDecorator.launch(LaunchServiceHandlerDecorator.java:30) ~[modlauncher-10.0.9.jar%2355!/:?]
	at cpw.mods.modlauncher.LaunchServiceHandler.launch(LaunchServiceHandler.java:53) ~[modlauncher-10.0.9.jar%2355!/:?]
	at cpw.mods.modlauncher.LaunchServiceHandler.launch(LaunchServiceHandler.java:71) ~[modlauncher-10.0.9.jar%2355!/:?]
	at cpw.mods.modlauncher.Launcher.run(Launcher.java:108) ~[modlauncher-10.0.9.jar%2355!/:?]
	at cpw.mods.modlauncher.Launcher.main(Launcher.java:78) ~[modlauncher-10.0.9.jar%2355!/:?]
	at cpw.mods.modlauncher.BootstrapLaunchConsumer.accept(BootstrapLaunchConsumer.java:26) ~[modlauncher-10.0.9.jar%2355!/:?]
	at cpw.mods.modlauncher.BootstrapLaunchConsumer.accept(BootstrapLaunchConsumer.java:23) ~[modlauncher-10.0.9.jar%2355!/:?]
	at cpw.mods.bootstraplauncher.BootstrapLauncher.main(BootstrapLauncher.java:141) ~[bootstraplauncher-1.1.2.jar:?]
[16Jun2026 02:04:08.738] [main/INFO] [hordes/]: Loaded entity minecraft:zombie_villager as entity.minecraft.zombie_villager with weight 1, min day 0 and max day 20
[16Jun2026 02:04:08.739] [main/INFO] [hordes/]: loaded horde table hordes:default
[16Jun2026 02:04:08.739] [main/INFO] [hordes/]: Loaded entity minecraft:drowned as entity.minecraft.drowned with weight 40, min day 0 and max day 20
[16Jun2026 02:04:08.739] [main/INFO] [hordes/]: Loaded entity minecraft:drowned as entity.minecraft.drowned with weight 3, min day 30 and max day 40
[16Jun2026 02:04:08.739] [main/INFO] [hordes/]: loaded horde table hordes:drowned
[16Jun2026 02:04:08.739] [main/INFO] [hordes/]: Loaded entity minecraft:zombie as entity.minecraft.zombie with weight 20, min day 0 and max day 20
[16Jun2026 02:04:08.739] [main/INFO] [hordes/]: Loaded entity minecraft:skeleton as entity.minecraft.skeleton with weight 10, min day 20 and max day 30
[16Jun2026 02:04:08.739] [main/INFO] [hordes/]: Loaded entity minecraft:spider as entity.minecraft.spider with weight 15, min day 20 and max day 30
[16Jun2026 02:04:08.740] [main/INFO] [hordes/]: Loaded entity minecraft:creeper as entity.minecraft.creeper with weight 5, min day 30 and max day 30
[16Jun2026 02:04:08.740] [main/INFO] [hordes/]: Loaded entity minecraft:husk as entity.minecraft.husk with weight 20, min day 30 and max day 50
[16Jun2026 02:04:08.740] [main/INFO] [hordes/]: Loaded entity minecraft:stray as entity.minecraft.stray with weight 10, min day 40 and max day 50
[16Jun2026 02:04:08.740] [main/INFO] [hordes/]: Loaded entity minecraft:cave_spider as entity.minecraft.cave_spider with weight 10, min day 40 and max day 50
[16Jun2026 02:04:08.740] [main/INFO] [hordes/]: Loaded entity minecraft:witch as entity.minecraft.witch with weight 5, min day 40 and max day 50
[16Jun2026 02:04:08.740] [main/INFO] [hordes/]: Loaded entity minecraft:pillager as entity.minecraft.pillager with weight 10, min day 40 and max day 50
[16Jun2026 02:04:08.740] [main/INFO] [hordes/]: Loaded entity minecraft:zombified_piglin as entity.minecraft.zombified_piglin with weight 10, min day 40 and max day 50
[16Jun2026 02:04:08.741] [main/INFO] [hordes/]: Loaded entity minecraft:zombie_horse as entity.minecraft.zombie_horse with weight 3, min day 40 and max day 50
[16Jun2026 02:04:08.741] [main/INFO] [hordes/]: Loaded entity minecraft:wither_skeleton as entity.minecraft.wither_skeleton with weight 10, min day 50 and max day 0
[16Jun2026 02:04:08.741] [main/INFO] [hordes/]: Loaded entity minecraft:phantom as entity.minecraft.phantom with weight 5, min day 50 and max day 50
[16Jun2026 02:04:08.741] [main/INFO] [hordes/]: Loaded entity minecraft:vindicator as entity.minecraft.vindicator with weight 10, min day 50 and max day 50
[16Jun2026 02:04:08.741] [main/INFO] [hordes/]: Loaded entity minecraft:zoglin as entity.minecraft.zoglin with weight 5, min day 40 and max day 40
[16Jun2026 02:04:08.741] [main/INFO] [hordes/]: Loaded entity minecraft:ravager as entity.minecraft.ravager with weight 5, min day 50 and max day 50
[16Jun2026 02:04:08.741] [main/INFO] [hordes/]: Loaded entity minecraft:evoker as entity.minecraft.evoker with weight 5, min day 50 and max day 50
[16Jun2026 02:04:08.741] [main/INFO] [hordes/]: Loaded entity minecraft:piglin_brute as entity.minecraft.piglin_brute with weight 10, min day 60 and max day 0
[16Jun2026 02:04:08.742] [main/INFO] [hordes/]: Loaded entity minecraft:cave_spider as entity.minecraft.cave_spider with weight 15, min day 60 and max day 0
[16Jun2026 02:04:08.742] [main/INFO] [hordes/]: Loaded entity minecraft:zombie_horse as entity.minecraft.zombie_horse with weight 5, min day 60 and max day 0
[16Jun2026 02:04:08.742] [main/INFO] [hordes/]: Loaded entity minecraft:ravager as entity.minecraft.ravager with weight 3, min day 60 and max day 0
[16Jun2026 02:04:08.742] [main/INFO] [hordes/]: Loaded entity minecraft:phantom as entity.minecraft.phantom with weight 3, min day 60 and max day 0
[16Jun2026 02:04:08.742] [main/INFO] [hordes/]: loaded horde table hordes:mixed_mobs
[16Jun2026 02:04:08.742] [main/INFO] [hordes/]: Loaded entity minecraft:pillager as entity.minecraft.pillager with weight 15, min day 0 and max day 0
[16Jun2026 02:04:08.742] [main/INFO] [hordes/]: Loaded entity minecraft:vindicator as entity.minecraft.vindicator with weight 10, min day 0 and max day 0
[16Jun2026 02:04:08.743] [main/INFO] [hordes/]: Loaded entity minecraft:witch as entity.minecraft.witch with weight 5, min day 20 and max day 0
[16Jun2026 02:04:08.743] [main/INFO] [hordes/]: Loaded entity minecraft:ravager as entity.minecraft.ravager with weight 5, min day 30 and max day 40
[16Jun2026 02:04:08.743] [main/INFO] [hordes/]: Loaded entity minecraft:evoker as entity.minecraft.evoker with weight 3, min day 40 and max day 40
[16Jun2026 02:04:08.743] [main/INFO] [hordes/]: Loaded entity minecraft:illusioner as entity.minecraft.illusioner with weight 5, min day 50 and max day 0
[16Jun2026 02:04:08.743] [main/INFO] [hordes/]: Loaded entity minecraft:ravager as entity.minecraft.ravager with weight 3, min day 50 and max day 0
[16Jun2026 02:04:08.743] [main/INFO] [hordes/]: Loaded entity minecraft:ravager as entity.minecraft.ravager with weight 5, min day 50 and max day 0
[16Jun2026 02:04:08.743] [main/INFO] [hordes/]: loaded horde table hordes:illagers
[16Jun2026 02:04:08.743] [main/INFO] [hordes/]: Loaded entity minecraft:skeleton as entity.minecraft.skeleton with weight 10, min day 0 and max day 20
[16Jun2026 02:04:08.744] [main/INFO] [hordes/]: Loaded entity minecraft:skeleton as entity.minecraft.skeleton with weight 20, min day 0 and max day 30
[16Jun2026 02:04:08.744] [main/INFO] [hordes/]: Loaded entity minecraft:skeleton_horse as entity.minecraft.skeleton_horse with weight 5, min day 20 and max day 50
[16Jun2026 02:04:08.744] [main/INFO] [hordes/]: Loaded entity minecraft:stray as entity.minecraft.stray with weight 10, min day 20 and max day 0
[16Jun2026 02:04:08.744] [main/INFO] [hordes/]: Loaded entity minecraft:wither_skeleton as entity.minecraft.wither_skeleton with weight 10, min day 40 and max day 0
[16Jun2026 02:04:08.744] [main/INFO] [hordes/]: Loaded entity minecraft:skeleton_horse as entity.minecraft.skeleton_horse with weight 5, min day 40 and max day 0
[16Jun2026 02:04:08.744] [main/INFO] [hordes/]: loaded horde table hordes:skeletons
[16Jun2026 02:04:08.744] [main/INFO] [hordes/]: Loaded entity minecraft:zombie as entity.minecraft.zombie with weight 90, min day 0 and max day 0
[16Jun2026 02:04:08.744] [main/INFO] [hordes/]: Loaded entity minecraft:husk as entity.minecraft.husk with weight 10, min day 0 and max day 0
[16Jun2026 02:04:08.744] [main/INFO] [hordes/]: Loaded entity mutantmonsters:mutant_zombie as entity.mutantmonsters.mutant_zombie with weight 10, min day 96 and max day 0
[16Jun2026 02:04:08.745] [main/INFO] [hordes/]: loaded horde table hordes:test
[16Jun2026 02:04:08.745] [main/INFO] [hordes/]: Loaded entity minecraft:zombie as entity.minecraft.zombie with weight 30, min day 0 and max day 0
[16Jun2026 02:04:08.745] [main/INFO] [hordes/]: loaded horde table hordes:fallback
[16Jun2026 02:04:08.750] [main/INFO] [hordes/]: loaded horde script hordes:default
[16Jun2026 02:04:08.750] [main/INFO] [hordes/]: Loading conversion tables
[16Jun2026 02:04:08.751] [main/INFO] [hordes/]: Loading conversion table hordes:infection_conversions
[16Jun2026 02:04:08.754] [main/INFO] [hordes/]: Loaded conversion entity.minecraft.horse to entity.minecraft.zombie_horse with chance of 0.65
[16Jun2026 02:04:08.754] [main/INFO] [hordes/]: Loaded conversion entity.minecraft.piglin to entity.minecraft.zombified_piglin with chance of 0.75
[16Jun2026 02:04:08.754] [main/INFO] [hordes/]: Loaded conversion entity.minecraft.piglin_brute to entity.minecraft.zombified_piglin with chance of 0.35
[16Jun2026 02:04:08.754] [main/INFO] [hordes/]: Loaded conversion entity.minecraft.hoglin to entity.minecraft.zoglin with chance of 0.15
[16Jun2026 02:04:08.754] [main/INFO] [hordes/]: Loaded conversion entity.minecraft.wandering_trader to entity.minecraft.zombie_villager with chance of 0.75
[16Jun2026 02:04:08.754] [main/INFO] [hordes/]: Loaded conversion entity.minecraft.pillager to entity.minecraft.zombie_villager with chance of 0.75
[16Jun2026 02:04:08.755] [main/INFO] [hordes/]: Loaded conversion entity.minecraft.vindicator to entity.minecraft.zombie_villager with chance of 0.35
[16Jun2026 02:04:08.755] [main/INFO] [hordes/]: Loaded conversion entity.minecraft.evoker to entity.minecraft.zombie_villager{Attributes:[{Base:24.0f,Name:"generic.max_health"}],VillagerData:{type:"none"},chat_name:"entity.hordes.ZombieEvoker.name",texture:"hordes:textures/entity/zombie_evoker.png"} with chance of 0.5
[16Jun2026 02:04:08.755] [main/INFO] [hordes/]: Loaded conversion entity.minecraft.illusioner to entity.minecraft.zombie_villager with chance of 0.15
[16Jun2026 02:04:08.755] [main/INFO] [hordes/]: Loaded conversion entity.minecraft.witch to entity.minecraft.zombie_villager with chance of 0.25
[16Jun2026 02:04:08.756] [main/INFO] [hordes/]: Loading immunity item list
[16Jun2026 02:04:08.756] [main/INFO] [hordes/]: Loading immunity item list hordes:immunity_items
[16Jun2026 02:04:08.756] [main/INFO] [hordes/]: Loaded immunity item cure:vaccine with duration 350
[16Jun2026 02:04:08.757] [main/INFO] [hordes/]: Loading wearables protection list
[16Jun2026 02:04:08.757] [main/INFO] [hordes/]: Loading wearables protection list hordes:immune_wearables
[16Jun2026 02:04:08.758] [main/INFO] [hordes/]: Loaded wearable protection marbledsarsenal:helmet_cm6m_gas_mask with modifier 0.86
[16Jun2026 02:04:08.758] [main/INFO] [hordes/]: Loaded wearable protection marbledsarsenal:un_helmet_cm6m_gas_mask with modifier 0.86
[16Jun2026 02:04:08.758] [main/INFO] [hordes/]: Loaded wearable protection marbledsarsenal:olive_helmet_cm6m_gas_mask with modifier 0.86
[16Jun2026 02:04:08.758] [main/INFO] [hordes/]: Loaded wearable protection marbledsarsenal:helmet_cm7m_gas_mask with modifier 0.86
[16Jun2026 02:04:08.759] [main/INFO] [hordes/]: Loaded wearable protection marbledsarsenal:un_helmet_cm7m_gas_mask with modifier 0.86
[16Jun2026 02:04:08.759] [main/INFO] [hordes/]: Loaded wearable protection marbledsarsenal:olive_helmet_cm7m_gas_mask with modifier 0.86
[16Jun2026 02:04:08.759] [main/INFO] [hordes/]: Loaded wearable protection marbledsarsenal:helmet_cm8m_gas_mask with modifier 0.86
[16Jun2026 02:04:08.759] [main/INFO] [hordes/]: Loaded wearable protection marbledsarsenal:un_helmet_cm8m_gas_mask with modifier 0.86
[16Jun2026 02:04:08.759] [main/INFO] [hordes/]: Loaded wearable protection marbledsarsenal:olive_helmet_cm8m_gas_mask with modifier 0.86
[16Jun2026 02:04:08.759] [main/INFO] [hordes/]: Loaded wearable protection marbledsarsenal:combat_helmet with modifier 0.86
[16Jun2026 02:04:08.759] [main/INFO] [hordes/]: Loaded wearable protection marbledsarsenal:un_combat_helmet with modifier 0.86
[16Jun2026 02:04:08.759] [main/INFO] [hordes/]: Loaded wearable protection marbledsarsenal:olive_combat_helmet with modifier 0.86
[16Jun2026 02:04:08.759] [main/INFO] [hordes/]: Loaded wearable protection marbledsarsenal:riot_armor_helmet with modifier 0.86
[16Jun2026 02:04:08.760] [main/INFO] [hordes/]: Loaded wearable protection marbledsarsenal:swat_armor_helmet with modifier 0.86
[16Jun2026 02:04:08.760] [main/INFO] [hordes/]: Loaded wearable protection marbledsarsenal:winter_military_armor_helmet with modifier 0.86
[16Jun2026 02:04:08.760] [main/INFO] [hordes/]: Loaded wearable protection marbledsarsenal:desert_military_armor_helmet with modifier 0.86
[16Jun2026 02:04:08.760] [main/INFO] [hordes/]: Loaded wearable protection marbledsarsenal:hazmat_armor_helmet with modifier 0.91
[16Jun2026 02:04:08.760] [main/INFO] [hordes/]: Loaded wearable protection marbledsarsenal:olive_juggernaut_armor_helmet with modifier 0.75
[16Jun2026 02:04:08.760] [main/INFO] [hordes/]: Loaded wearable protection marbledsarsenal:black_juggernaut_armor_helmet with modifier 0.75
[16Jun2026 02:04:08.760] [main/INFO] [hordes/]: Loaded wearable protection mcore:steel_helmet with modifier 0.86
[16Jun2026 02:04:08.760] [main/INFO] [hordes/]: Loaded wearable protection mcore:titanium_helmet with modifier 0.86
[16Jun2026 02:04:08.760] [main/INFO] [hordes/]: Loaded wearable protection the_deeper_void:tungsten_armor_helmet with modifier 0.86
[16Jun2026 02:04:08.760] [main/INFO] [hordes/]: Loaded wearable protection the_deeper_void:tungsten_armor_chestplate with modifier 0.86
[16Jun2026 02:04:08.760] [main/INFO] [hordes/]: Loaded wearable protection marbledsarsenal:riot_armor_chestplate with modifier 0.86
[16Jun2026 02:04:08.760] [main/INFO] [hordes/]: Loaded wearable protection marbledsarsenal:swat_armor_chestplate with modifier 0.86
[16Jun2026 02:04:08.761] [main/INFO] [hordes/]: Loaded wearable protection marbledsarsenal:winter_military_armor_chestplate with modifier 0.86
[16Jun2026 02:04:08.761] [main/INFO] [hordes/]: Loaded wearable protection marbledsarsenal:desert_military_armor_chestplate with modifier 0.86
[16Jun2026 02:04:08.761] [main/INFO] [hordes/]: Loaded wearable protection marbledsarsenal:hazmat_armor_chestplate with modifier 0.91
[16Jun2026 02:04:08.761] [main/INFO] [hordes/]: Loaded wearable protection marbledsarsenal:olive_juggernaut_armor_chestplate with modifier 0.75
[16Jun2026 02:04:08.761] [main/INFO] [hordes/]: Loaded wearable protection marbledsarsenal:black_juggernaut_armor_chestplate with modifier 0.75
[16Jun2026 02:04:08.761] [main/INFO] [hordes/]: Loaded wearable protection mcore:steel_chestplate with modifier 0.86
[16Jun2026 02:04:08.761] [main/INFO] [hordes/]: Loaded wearable protection mcore:titanium_chestplate with modifier 0.86
[16Jun2026 02:04:08.761] [main/INFO] [hordes/]: Loaded wearable protection the_deeper_void:tungsten_armor_leggings with modifier 0.86
[16Jun2026 02:04:08.761] [main/INFO] [hordes/]: Loaded wearable protection marbledsarsenal:riot_armor_leggings with modifier 0.86
[16Jun2026 02:04:08.761] [main/INFO] [hordes/]: Loaded wearable protection marbledsarsenal:swat_armor_leggings with modifier 0.86
[16Jun2026 02:04:08.762] [main/INFO] [hordes/]: Loaded wearable protection marbledsarsenal:winter_military_armor_leggings with modifier 0.86
[16Jun2026 02:04:08.762] [main/INFO] [hordes/]: Loaded wearable protection marbledsarsenal:desert_military_armor_leggings with modifier 0.86
[16Jun2026 02:04:08.762] [main/INFO] [hordes/]: Loaded wearable protection marbledsarsenal:hazmat_armor_leggings with modifier 0.91
[16Jun2026 02:04:08.762] [main/INFO] [hordes/]: Loaded wearable protection marbledsarsenal:olive_juggernaut_armor_leggings with modifier 0.75
[16Jun2026 02:04:08.762] [main/INFO] [hordes/]: Loaded wearable protection marbledsarsenal:black_juggernaut_armor_leggings with modifier 0.75
[16Jun2026 02:04:08.762] [main/INFO] [hordes/]: Loaded wearable protection mcore:steel_leggings with modifier 0.86
[16Jun2026 02:04:08.762] [main/INFO] [hordes/]: Loaded wearable protection mcore:titanium_leggings with modifier 0.86
[16Jun2026 02:04:08.763] [main/INFO] [hordes/]: Loaded wearable protection the_deeper_void:tungsten_armor_boots with modifier 0.86
[16Jun2026 02:04:08.763] [main/INFO] [hordes/]: Loaded wearable protection marbledsarsenal:riot_armor_boots with modifier 0.86
[16Jun2026 02:04:08.763] [main/INFO] [hordes/]: Loaded wearable protection marbledsarsenal:swat_armor_boots with modifier 0.86
[16Jun2026 02:04:08.763] [main/INFO] [hordes/]: Loaded wearable protection marbledsarsenal:winter_military_armor_boots with modifier 0.86
[16Jun2026 02:04:08.763] [main/INFO] [hordes/]: Loaded wearable protection marbledsarsenal:desert_military_armor_boots with modifier 0.86
[16Jun2026 02:04:08.763] [main/INFO] [hordes/]: Loaded wearable protection marbledsarsenal:hazmat_armor_boots with modifier 0.91
[16Jun2026 02:04:08.763] [main/INFO] [hordes/]: Loaded wearable protection marbledsarsenal:olive_juggernaut_armor_boots with modifier 0.75
[16Jun2026 02:04:08.764] [main/INFO] [hordes/]: Loaded wearable protection marbledsarsenal:black_juggernaut_armor_boots with modifier 0.75
[16Jun2026 02:04:08.764] [main/INFO] [hordes/]: Loaded wearable protection mcore:steel_boots with modifier 0.86
[16Jun2026 02:04:08.764] [main/INFO] [hordes/]: Loaded wearable protection mcore:titanium_boots with modifier 0.86
[16Jun2026 02:04:08.766] [main/INFO] [placebo/]: Registered 0 gear_sets.
[16Jun2026 02:04:08.769] [main/INFO] [insane96mcp.insanelib.InsaneLib/]: Reloading InsaneLib JsonFeature Json
[16Jun2026 02:04:19.242] [main/INFO] [com.ordana.immersive_weathering.ImmersiveWeathering/]: Loaded 78 block growths configurations
[16Jun2026 02:04:19.247] [main/ERROR] [com.ordana.immersive_weathering.ImmersiveWeathering/]: Failed to read liquid generator JSON object for immersive_weathering:andesite : Input does not contain a key [type]: MapLike[{}]
[16Jun2026 02:04:19.247] [main/ERROR] [com.ordana.immersive_weathering.ImmersiveWeathering/]: Failed to read liquid generator JSON object for immersive_weathering:basalt : Input does not contain a key [type]: MapLike[{}]
[16Jun2026 02:04:19.247] [main/ERROR] [com.ordana.immersive_weathering.ImmersiveWeathering/]: Failed to read liquid generator JSON object for immersive_weathering:crying_obsidian : Input does not contain a key [type]: MapLike[{}]
[16Jun2026 02:04:19.247] [main/ERROR] [com.ordana.immersive_weathering.ImmersiveWeathering/]: Failed to read liquid generator JSON object for immersive_weathering:magma_block : Input does not contain a key [type]: MapLike[{}]
[16Jun2026 02:04:19.247] [main/ERROR] [com.ordana.immersive_weathering.ImmersiveWeathering/]: Failed to read liquid generator JSON object for immersive_weathering:blackstone : Input does not contain a key [type]: MapLike[{}]
[16Jun2026 02:04:19.247] [main/ERROR] [com.ordana.immersive_weathering.ImmersiveWeathering/]: Failed to read liquid generator JSON object for immersive_weathering:diorite : Input does not contain a key [type]: MapLike[{}]
[16Jun2026 02:04:19.248] [main/ERROR] [com.ordana.immersive_weathering.ImmersiveWeathering/]: Failed to read liquid generator JSON object for immersive_weathering:calcite : Input does not contain a key [type]: MapLike[{}]
[16Jun2026 02:04:19.248] [main/ERROR] [com.ordana.immersive_weathering.ImmersiveWeathering/]: Failed to read liquid generator JSON object for immersive_weathering:smooth_basalt : Input does not contain a key [type]: MapLike[{}]
[16Jun2026 02:04:19.248] [main/ERROR] [com.ordana.immersive_weathering.ImmersiveWeathering/]: Failed to read liquid generator JSON object for immersive_weathering:granite : Input does not contain a key [type]: MapLike[{}]
[16Jun2026 02:04:19.248] [main/ERROR] [com.ordana.immersive_weathering.ImmersiveWeathering/]: Failed to read liquid generator JSON object for immersive_weathering:tuff : Input does not contain a key [type]: MapLike[{}]
[16Jun2026 02:04:19.248] [main/INFO] [com.ordana.immersive_weathering.ImmersiveWeathering/]: Loaded 14 liquid generators configurations
[16Jun2026 02:04:19.268] [main/INFO] [com.possible_triangle.sliceanddice.SliceAndDice/]: Injecting recipes
[16Jun2026 02:04:19.324] [main/WARN] [net.werdei.biome_replacer.BiomeReplacer/]: [BiomeReplacer] Config issue on line 28: Biome 'terralith:haze_mountains' does not exist, ignoring rule
[16Jun2026 02:04:19.325] [main/WARN] [net.werdei.biome_replacer.BiomeReplacer/]: [BiomeReplacer] Config issue on line 29: Biome 'terralith:sandstone_slopes' does not exist, ignoring rule
[16Jun2026 02:04:19.325] [main/INFO] [net.werdei.biome_replacer.BiomeReplacer/]: [BiomeReplacer] Loaded 18 rules (18 direct, 0 tag-based) and ignored 2
[16Jun2026 02:04:19.325] [main/INFO] [net.werdei.biome_replacer.BiomeReplacer/]: [BiomeReplacer] Successfully replaced biomes in minecraft:the_nether
[16Jun2026 02:04:19.381] [main/INFO] [net.werdei.biome_replacer.BiomeReplacer/]: [BiomeReplacer] Successfully replaced biomes in lostcities:lostcity
[16Jun2026 02:04:19.397] [main/INFO] [net.werdei.biome_replacer.BiomeReplacer/]: [BiomeReplacer] Successfully replaced biomes in minecraft:overworld
[16Jun2026 02:04:19.397] [main/INFO] [net.werdei.biome_replacer.BiomeReplacer/]: [BiomeReplacer] Skipping minecraft:the_end
[16Jun2026 02:04:19.398] [main/INFO] [net.werdei.biome_replacer.BiomeReplacer/]: [BiomeReplacer] Successfully replaced biomes in the_deep_void:deep_void
[16Jun2026 02:04:19.398] [main/INFO] [net.werdei.biome_replacer.BiomeReplacer/]: [BiomeReplacer] Successfully replaced biomes in the_deeper_void:void_dimension
[16Jun2026 02:04:19.597] [main/INFO] [citadel/]: vanilla surface rule behavior unchanged
[16Jun2026 02:04:19.600] [main/INFO] [citadel/]: vanilla surface rule behavior unchanged
[16Jun2026 02:04:19.909] [main/INFO] [majruszlibrary/]: [majruszlibrary.json] Reloading configuration file took 1 milliseconds
[16Jun2026 02:04:19.912] [Server thread/INFO] [net.minecraft.server.dedicated.DedicatedServer/]: Starting minecraft server version 1.20.1
[16Jun2026 02:04:19.912] [Server thread/INFO] [net.minecraft.server.dedicated.DedicatedServer/]: Loading properties
[16Jun2026 02:04:19.912] [Server thread/INFO] [net.minecraft.server.dedicated.DedicatedServer/]: Default game type: SURVIVAL
[16Jun2026 02:04:19.913] [Server thread/INFO] [net.minecraft.server.MinecraftServer/]: Generating keypair
[16Jun2026 02:04:20.066] [Server thread/INFO] [net.minecraft.server.dedicated.DedicatedServer/]: Starting Minecraft server on *:25565
[16Jun2026 02:04:20.186] [Server thread/INFO] [net.minecraft.server.network.ServerConnectionListener/]: Using epoll channel type
[16Jun2026 02:04:20.294] [Server thread/WARN] [net.minecraft.server.dedicated.DedicatedServer/]: **** SERVER IS RUNNING IN OFFLINE/INSECURE MODE!
[16Jun2026 02:04:20.295] [Server thread/WARN] [net.minecraft.server.dedicated.DedicatedServer/]: The server will make no attempt to authenticate usernames. Beware.
[16Jun2026 02:04:20.295] [Server thread/WARN] [net.minecraft.server.dedicated.DedicatedServer/]: While this makes the game possible to play without internet access, it also opens up the ability for hackers to connect with any username they choose.
[16Jun2026 02:04:20.295] [Server thread/WARN] [net.minecraft.server.dedicated.DedicatedServer/]: To change this, set "online-mode" to "true" in the server.properties file.
[16Jun2026 02:04:20.343] [Server thread/INFO] [Puzzles Lib/]: Loading server config for mutantmonsters
[16Jun2026 02:04:20.344] [Thread-4/INFO] [Puzzles Lib/]: Reloading server config for mutantmonsters
[16Jun2026 02:04:20.350] [Thread-4/INFO] [Puzzles Lib/]: Reloading server config for mutantmonsters
[16Jun2026 02:04:20.805] [Server thread/INFO] [FTB Teams/]: loaded team data: 4 known players, 4 teams total
[16Jun2026 02:04:20.820] [Server thread/ERROR] [mixin/]: Injection error: LVT in net/minecraft/world/entity/npc/VillagerTrades$EmeraldsForVillagerTypeItem::m_213663_(Lnet/minecraft/world/entity/Entity;Lnet/minecraft/util/RandomSource;)Lnet/minecraft/world/item/trading/MerchantOffer; has incompatible changes at opcode 34 in callback fabric-object-builder-v1.mixins.json:TradeOffersTypeAwareBuyForOneEmeraldFactoryMixin->@Inject::failOnNullItem(Lnet/minecraft/world/entity/Entity;Lnet/minecraft/util/RandomSource;Lorg/spongepowered/asm/mixin/injection/callback/CallbackInfoReturnable;Lnet/minecraft/world/item/ItemStack;)V.
 Expected: [Lnet/minecraft/world/item/ItemStack;]
    Found: [Lnet/minecraft/world/item/Item;]
Available: [Lnet/minecraft/world/item/Item;, Lnet/minecraft/world/item/ItemStack;]
[16Jun2026 02:04:20.850] [Server thread/INFO] [Framework/]: Loading server configs...
[16Jun2026 02:04:20.895] [Server thread/INFO] [net.minecraft.server.dedicated.DedicatedServer/]: Preparing level "world"
[16Jun2026 02:04:21.078] [Server thread/WARN] [mixin/]: @Redirect conflict. Skipping securitycraft.mixins.json:camera.ChunkMapMixin->@Redirect::securitycraft$getCameraSectionPos(Lnet/minecraft/server/level/ServerPlayer;)Lnet/minecraft/core/SectionPos; with priority 1100, already redirected by railways-common.mixins.json:conductor_possession.ChunkMapMixin->@Redirect::securitycraft$getCameraSectionPos(Lnet/minecraft/server/level/ServerPlayer;)Lnet/minecraft/core/SectionPos; with priority 1200
[16Jun2026 02:04:22.969] [Server thread/INFO] [incontrol/]: Reading rules from areas.json
[16Jun2026 02:04:23.043] [Server thread/INFO] [incontrol/]: Reading rules from spawn.json
[16Jun2026 02:04:23.542] [Server thread/INFO] [incontrol/]: Reading rules from summonaid.json
[16Jun2026 02:04:23.556] [Server thread/INFO] [incontrol/]: Reading rules from loot.json
[16Jun2026 02:04:23.572] [Server thread/INFO] [incontrol/]: Reading rules from experience.json
[16Jun2026 02:04:23.590] [Server thread/INFO] [incontrol/]: Reading rules from phases.json
[16Jun2026 02:04:23.651] [Server thread/INFO] [incontrol/]: Reading rules from effects.json
[16Jun2026 02:04:23.682] [Server thread/INFO] [incontrol/]: Reading rules from breakevents.json
[16Jun2026 02:04:23.696] [Server thread/INFO] [incontrol/]: Reading rules from placeevents.json
[16Jun2026 02:04:23.716] [Server thread/INFO] [incontrol/]: Reading rules from rightclicks.json
[16Jun2026 02:04:23.732] [Server thread/INFO] [incontrol/]: Reading rules from leftclicks.json
[16Jun2026 02:04:23.770] [Server thread/INFO] [incontrol/]: Reading rules from spawner.json
[16Jun2026 02:04:23.984] [Server thread/INFO] [incontrol/]: Reading rules from events.json
[16Jun2026 02:04:30.797] [Server thread/INFO] [net.minecraft.server.MinecraftServer/]: Preparing start region for dimension minecraft:overworld
[16Jun2026 02:04:30.800] [Server thread/INFO] [KubeJS Server/]: Server resource reload complete!
[16Jun2026 02:04:34.522] [Worker-Main-3/INFO] [net.minecraft.server.level.progress.LoggerChunkProgressListener/]: Preparing spawn area: 0%
[16Jun2026 02:04:34.551] [Worker-Main-10/INFO] [net.minecraft.server.level.progress.LoggerChunkProgressListener/]: Preparing spawn area: 0%
[16Jun2026 02:04:34.599] [Worker-Main-12/INFO] [net.minecraft.server.level.progress.LoggerChunkProgressListener/]: Preparing spawn area: 0%
[16Jun2026 02:04:34.617] [Worker-Main-4/INFO] [net.minecraft.server.level.progress.LoggerChunkProgressListener/]: Preparing spawn area: 0%
[16Jun2026 02:04:34.646] [Worker-Main-3/INFO] [net.minecraft.server.level.progress.LoggerChunkProgressListener/]: Preparing spawn area: 0%
[16Jun2026 02:04:34.663] [Worker-Main-19/INFO] [net.minecraft.server.level.progress.LoggerChunkProgressListener/]: Preparing spawn area: 0%
[16Jun2026 02:04:34.704] [Worker-Main-12/INFO] [net.minecraft.server.level.progress.LoggerChunkProgressListener/]: Preparing spawn area: 0%
[16Jun2026 02:04:34.726] [Worker-Main-11/INFO] [net.minecraft.server.level.progress.LoggerChunkProgressListener/]: Preparing spawn area: 0%
[16Jun2026 02:04:35.105] [Worker-Main-11/INFO] [net.minecraft.server.level.progress.LoggerChunkProgressListener/]: Preparing spawn area: 0%
[16Jun2026 02:04:35.307] [Worker-Main-19/INFO] [net.minecraft.server.level.progress.LoggerChunkProgressListener/]: Preparing spawn area: 0%
[16Jun2026 02:04:36.119] [Worker-Main-12/INFO] [net.minecraft.server.level.progress.LoggerChunkProgressListener/]: Preparing spawn area: 0%
[16Jun2026 02:04:36.394] [Worker-Main-18/INFO] [net.minecraft.server.level.progress.LoggerChunkProgressListener/]: Preparing spawn area: 0%
[16Jun2026 02:04:36.801] [Worker-Main-12/INFO] [net.minecraft.server.level.progress.LoggerChunkProgressListener/]: Preparing spawn area: 0%
[16Jun2026 02:04:37.453] [Worker-Main-2/INFO] [net.minecraft.server.level.progress.LoggerChunkProgressListener/]: Preparing spawn area: 0%
[16Jun2026 02:04:37.797] [Worker-Main-23/INFO] [net.minecraft.server.level.progress.LoggerChunkProgressListener/]: Preparing spawn area: 0%
[16Jun2026 02:04:38.297] [Worker-Main-23/INFO] [net.minecraft.server.level.progress.LoggerChunkProgressListener/]: Preparing spawn area: 5%
[16Jun2026 02:04:38.840] [Worker-Main-19/INFO] [net.minecraft.server.level.progress.LoggerChunkProgressListener/]: Preparing spawn area: 10%
[16Jun2026 02:04:39.299] [Worker-Main-13/INFO] [net.minecraft.server.level.progress.LoggerChunkProgressListener/]: Preparing spawn area: 68%
[16Jun2026 02:04:39.594] [Server thread/INFO] [net.minecraft.server.level.progress.LoggerChunkProgressListener/]: Time elapsed: 8798 ms
[16Jun2026 02:04:39.595] [Server thread/INFO] [net.minecraft.server.dedicated.DedicatedServer/]: Done (19.266s)! For help, type "help"
[16Jun2026 02:04:39.832] [Server thread/INFO] [net.minecraftforge.server.permission.PermissionAPI/]: Successfully initialized permission handler forge:default_handler
[16Jun2026 02:04:39.833] [Server thread/INFO] [dev.qther.nanny.NaNny/]: Scouting a NaNny...
[16Jun2026 02:04:39.833] [Server thread/INFO] [org.radar.feralzombie.Feralzombie/]: HELLO from server starting
[16Jun2026 02:04:39.834] [Server thread/INFO] [xaero.map.WorldMap/]: Registered synced player tracker system: ftb_teams
[16Jun2026 02:04:39.837] [Server thread/INFO] [xaero.hud.minimap.MinimapLogs/]: Registered synced player tracker system: ftb_teams
[16Jun2026 02:04:39.839] [Server thread/INFO] [forge.net.trial.zombies_plus.ModMainCommon/]: Loaded mod!
[16Jun2026 02:04:39.842] [Server thread/INFO] [com.technicboyman.nobz.nobabyzombies1_20_1forge.Nobabyzombies1_20_1forge/]: No Baby Zombies loaded
[16Jun2026 02:04:39.850] [Server thread/INFO] [FTB Quests/]: Loading quests from /workspaces/riri/servidor_minecraft/config/ftbquests/quests
[16Jun2026 02:04:39.906] [Server thread/INFO] [FTB Quests/]: Loaded 7 chapter groups, 13 chapters, 252 quests, 1 reward tables
[16Jun2026 02:04:40.071] [Server thread/INFO] [dev.qther.nanny.NaNny/]: NaNny hired!
[16Jun2026 02:04:40.073] [Server thread/INFO] [dynamiclights/]: [Dynamic Lights] Sending global config to world ...
[16Jun2026 02:04:40.083] [Server thread/INFO] [com.cupboard.Cupboard/]: Loaded config for: forgivingworld.json
[16Jun2026 02:04:40.086] [Server thread/WARN] [voicechat/]: [voicechat] Running in offline mode - Voice chat encryption is not secure!
[16Jun2026 02:04:40.102] [VoiceChatServerThread/INFO] [voicechat/]: [voicechat] Voice chat server started at port 24454
[16Jun2026 02:04:40.418] [Server thread/INFO] [patchouli/]: Sending reload packet to clients
[16Jun2026 02:05:12.271] [Server thread/WARN] [net.minecraft.network.syncher.SynchedEntityData/]: defineId called for: class net.minecraft.world.entity.player.Player from class tschipp.carryon.common.carry.CarryOnDataManager
[16Jun2026 02:05:12.532] [Server thread/INFO] [net.minecraft.server.players.PlayerList/]: KodaMakuin[/100.74.147.57:57884] logged in with entity id 77 at (4825.515731354666, 135.0, -5769.82691078642)
[16Jun2026 02:05:12.806] [Server thread/INFO] [net.minecraft.server.MinecraftServer/]: KodaMakuin joined the game
[16Jun2026 02:05:12.886] [Server thread/INFO] [dev.corgitaco.enhancedcelestials.EnhancedCelestials/]: Possible lunar events for dimension "minecraft:overworld" are [enhancedcelestials:super_blood_moon, enhancedcelestials:super_harvest_moon, enhancedcelestials:harvest_moon, enhancedcelestials:super_blue_moon, enhancedcelestials:blood_moon, enhancedcelestials:super_moon, enhancedcelestials:blue_moon].
[16Jun2026 02:05:13.057] [Server thread/INFO] [fallingtrees | Config/]: Sending common config 'fallingtrees:fallingtrees_common' to KodaMakuin
[16Jun2026 02:05:13.085] [Server thread/INFO] [Jade/]: Syncing config to KodaMakuin (9cd64dad-55f5-368e-803f-20bf10a5a03a)
[16Jun2026 02:05:13.463] [Netty Epoll Server IO #7/INFO] [fallingtrees | Config/]: Received client config 'fallingtrees:fallingtrees_client' from KodaMakuin
[16Jun2026 02:05:16.294] [Server thread/INFO] [voicechat/]: [voicechat] Received secret request of KodaMakuin (20)
[16Jun2026 02:05:16.298] [Server thread/INFO] [voicechat/]: [voicechat] Sent secret to KodaMakuin
[16Jun2026 02:05:16.305] [Server thread/INFO] [de.keksuccino.fancymenu.networking.packets.handshake.ServerSideHandshakePacketLogic/]: [FANCYMENU] A client with FancyMenu installed joined the server: KodaMakuin
[16Jun2026 02:05:16.308] [Server thread/WARN] [net.minecraft.server.MinecraftServer/]: Can't keep up! Is the server overloaded? Running 3939ms or 78 ticks behind
[16Jun2026 02:05:16.611] [Server thread/INFO] [net.minecraft.server.players.PlayerList/]: Konnorcito[/100.87.39.112:50206] logged in with entity id 108 at (4823.353321664091, 135.0, -5768.934476614912)
[16Jun2026 02:05:16.719] [Server thread/INFO] [net.minecraft.server.MinecraftServer/]: Konnorcito joined the game
[16Jun2026 02:05:16.872] [Server thread/INFO] [fallingtrees | Config/]: Sending common config 'fallingtrees:fallingtrees_common' to Konnorcito
[16Jun2026 02:05:16.881] [Server thread/INFO] [Jade/]: Syncing config to Konnorcito (d8755d23-f6e9-34a1-a32a-9820cb7345cc)
[16Jun2026 02:05:18.389] [Netty Epoll Server IO #5/INFO] [fallingtrees | Config/]: Received client config 'fallingtrees:fallingtrees_client' from Konnorcito
[16Jun2026 02:05:18.526] [Server thread/INFO] [voicechat/]: [voicechat] Received secret request of Konnorcito (20)
[16Jun2026 02:05:18.527] [Server thread/INFO] [voicechat/]: [voicechat] Sent secret to Konnorcito
[16Jun2026 02:05:22.157] [VoiceChatPacketProcessingThread/INFO] [voicechat/]: [voicechat] Successfully authenticated player 9cd64dad-55f5-368e-803f-20bf10a5a03a
[16Jun2026 02:05:23.153] [VoiceChatPacketProcessingThread/INFO] [voicechat/]: [voicechat] Successfully validated connection of player 9cd64dad-55f5-368e-803f-20bf10a5a03a
[16Jun2026 02:05:23.162] [VoiceChatPacketProcessingThread/INFO] [voicechat/]: [voicechat] Player KodaMakuin (9cd64dad-55f5-368e-803f-20bf10a5a03a) successfully connected to voice chat
[16Jun2026 02:05:35.175] [Server thread/WARN] [net.minecraft.server.MinecraftServer/]: Can't keep up! Is the server overloaded? Running 3906ms or 78 ticks behind
[16Jun2026 02:05:38.665] [Server thread/INFO] [de.keksuccino.fancymenu.networking.packets.handshake.ServerSideHandshakePacketLogic/]: [FANCYMENU] A client with FancyMenu installed joined the server: Konnorcito
[16Jun2026 02:05:38.695] [VoiceChatPacketProcessingThread/INFO] [voicechat/]: [voicechat] Successfully authenticated player d8755d23-f6e9-34a1-a32a-9820cb7345cc
[16Jun2026 02:05:39.697] [VoiceChatPacketProcessingThread/INFO] [voicechat/]: [voicechat] Successfully validated connection of player d8755d23-f6e9-34a1-a32a-9820cb7345cc
[16Jun2026 02:05:39.699] [VoiceChatPacketProcessingThread/INFO] [voicechat/]: [voicechat] Player Konnorcito (d8755d23-f6e9-34a1-a32a-9820cb7345cc) successfully connected to voice chat
[16Jun2026 02:05:41.392] [Server thread/INFO] [net.minecraft.world.entity.LivingEntity/]: Named entity Drowned['Warehouse Zombie'/2237, l='ServerLevel[world]', x=4797.26, y=29.19, z=-5828.19] died: Warehouse Zombie was killed by magic whilst trying to escape Frilled Shark
[16Jun2026 02:05:52.053] [Worker-Main-21/INFO] [citadel/]: vanilla surface rule behavior unchanged
[16Jun2026 02:05:57.816] [Worker-Main-8/WARN] [net.minecraft.util.datafix.schemas.V99/]: Unable to resolve BlockEntity for ItemStack: table_top_craft:chess_piece_figure
[16Jun2026 02:06:35.631] [Worker-Main-3/WARN] [net.minecraft.server.level.WorldGenRegion/]: Tried to access a block entity before it was created. BlockPos{x=5039, y=-19, z=-5643}
[16Jun2026 02:06:35.632] [Worker-Main-3/WARN] [net.minecraft.server.level.WorldGenRegion/]: Tried to access a block entity before it was created. BlockPos{x=5039, y=-19, z=-5643}
[16Jun2026 02:06:35.636] [Worker-Main-3/WARN] [net.minecraft.server.level.WorldGenRegion/]: Tried to access a block entity before it was created. BlockPos{x=5039, y=-19, z=-5643}
[16Jun2026 02:07:21.819] [Server thread/INFO] [net.minecraft.server.MinecraftServer/]: [Konnorcito: Teleported Konnorcito to 2962.500000, 80.500000, 1987.500000]
[16Jun2026 02:07:21.819] [Server thread/WARN] [net.minecraft.server.MinecraftServer/]: Can't keep up! Is the server overloaded? Running 4851ms or 97 ticks behind
[16Jun2026 02:08:15.543] [Server thread/INFO] [net.minecraft.server.MinecraftServer/]: [Konnorcito: Set the weather to clear]
[16Jun2026 02:08:19.946] [Server thread/INFO] [net.minecraft.server.MinecraftServer/]: [KodaMakuin: Teleported KodaMakuin to Konnorcito]
[16Jun2026 02:08:53.583] [VoiceChatPacketProcessingThread/INFO] [voicechat/]: [voicechat] Player d8755d23-f6e9-34a1-a32a-9820cb7345cc timed out
[16Jun2026 02:08:53.584] [VoiceChatPacketProcessingThread/INFO] [voicechat/]: [voicechat] Reconnecting player Konnorcito
[16Jun2026 02:08:53.584] [VoiceChatPacketProcessingThread/INFO] [voicechat/]: [voicechat] Sent secret to Konnorcito
[16Jun2026 02:09:10.562] [Server thread/INFO] [net.minecraft.server.network.ServerGamePacketListenerImpl/]: Konnorcito lost connection: Timed out
[16Jun2026 02:09:10.562] [Server thread/INFO] [net.minecraft.server.MinecraftServer/]: Konnorcito left the game
[16Jun2026 02:09:10.569] [Server thread/INFO] [voicechat/]: [voicechat] Disconnecting client Konnorcito
[16Jun2026 02:14:53.399] [Server thread/INFO] [AllTheLeaks/]: Listing events...
[16Jun2026 02:14:53.428] [Server thread/INFO] [AllTheLeaks/]: Server Player Logout: 1
[16Jun2026 02:14:53.429] [Server thread/INFO] [AllTheLeaks/]: Listing memory leaks so far...
[16Jun2026 02:14:53.432] [Server thread/INFO] [AllTheLeaks/]: B: 2125MB / C: 2148MB / Diff: +23MB
[16Jun2026 02:14:53.432] [Server thread/INFO] [AllTheLeaks/]: Memory Leaks detected: (/atl force_refresh to update)
[16Jun2026 02:14:53.432] [Server thread/INFO] [AllTheLeaks/]: | ChunkAccess:
[16Jun2026 02:14:53.432] [Server thread/INFO] [AllTheLeaks/]: |- LevelChunk (minecraft): 650
[16Jun2026 02:14:53.433] [Server thread/INFO] [AllTheLeaks/]: | Player:
[16Jun2026 02:14:53.433] [Server thread/INFO] [AllTheLeaks/]: |- ServerPlayer (minecraft): 1
[16Jun2026 02:22:34.363] [Server thread/WARN] [fox.mods.access_denied.AccessDenied/]: sophisticatedbackpacks:copper_backpack
[16Jun2026 02:22:47.612] [Server thread/INFO] [fastsuite/]: Constructed recipe list for minecraft:crafting in 4.580 ms. 5007/5048 recipes are parallelized.
[16Jun2026 02:24:25.756] [Server thread/INFO] [fastsuite/]: Constructed recipe list for minecraft:smelting in 244.6 μs. 209/209 recipes are parallelized.
[16Jun2026 02:24:53.364] [Server thread/INFO] [AllTheLeaks/]: Listing events...
[16Jun2026 02:24:53.365] [Server thread/INFO] [AllTheLeaks/]: Server Player Logout: 1
[16Jun2026 02:24:53.365] [Server thread/INFO] [AllTheLeaks/]: Listing memory leaks so far...
[16Jun2026 02:24:53.365] [Server thread/INFO] [AllTheLeaks/]: B: 2125MB / C: 2151MB / Diff: +26MB
[16Jun2026 02:24:53.365] [Server thread/INFO] [AllTheLeaks/]: Memory Leaks detected: (/atl force_refresh to update)
[16Jun2026 02:24:53.365] [Server thread/INFO] [AllTheLeaks/]: | ChunkAccess:
[16Jun2026 02:24:53.365] [Server thread/INFO] [AllTheLeaks/]: |- LevelChunk (minecraft): 650
[16Jun2026 02:24:53.365] [Server thread/INFO] [AllTheLeaks/]: | Player:
[16Jun2026 02:24:53.366] [Server thread/INFO] [AllTheLeaks/]: |- ServerPlayer (minecraft): 1
[16Jun2026 02:29:53.595] [Server thread/WARN] [fox.mods.access_denied.AccessDenied/]: create:depot
[16Jun2026 02:31:51.941] [Server thread/WARN] [fox.mods.access_denied.AccessDenied/]: create:basin
[16Jun2026 02:33:46.120] [Server thread/INFO] [net.minecraft.server.players.PlayerList/]: Konnorcito[/100.87.39.112:50006] logged in with entity id 506695 at (2972.582795088894, 80.0, 1975.1057977143835)
[16Jun2026 02:33:46.152] [Server thread/INFO] [net.minecraft.server.MinecraftServer/]: Konnorcito joined the game
[16Jun2026 02:33:46.257] [Server thread/INFO] [fallingtrees | Config/]: Sending common config 'fallingtrees:fallingtrees_common' to Konnorcito
[16Jun2026 02:33:46.259] [Server thread/INFO] [Jade/]: Syncing config to Konnorcito (d8755d23-f6e9-34a1-a32a-9820cb7345cc)
[16Jun2026 02:33:47.970] [Netty Epoll Server IO #7/INFO] [fallingtrees | Config/]: Received client config 'fallingtrees:fallingtrees_client' from Konnorcito
[16Jun2026 02:33:48.100] [Server thread/INFO] [voicechat/]: [voicechat] Received secret request of Konnorcito (20)
[16Jun2026 02:33:48.101] [Server thread/INFO] [voicechat/]: [voicechat] Sent secret to Konnorcito
[16Jun2026 02:34:08.868] [Server thread/INFO] [de.keksuccino.fancymenu.networking.packets.handshake.ServerSideHandshakePacketLogic/]: [FANCYMENU] A client with FancyMenu installed joined the server: Konnorcito
[16Jun2026 02:34:09.865] [VoiceChatPacketProcessingThread/INFO] [voicechat/]: [voicechat] Successfully authenticated player d8755d23-f6e9-34a1-a32a-9820cb7345cc
[16Jun2026 02:34:10.870] [VoiceChatPacketProcessingThread/INFO] [voicechat/]: [voicechat] Successfully validated connection of player d8755d23-f6e9-34a1-a32a-9820cb7345cc
[16Jun2026 02:34:10.870] [VoiceChatPacketProcessingThread/INFO] [voicechat/]: [voicechat] Player Konnorcito (d8755d23-f6e9-34a1-a32a-9820cb7345cc) successfully connected to voice chat
[16Jun2026 02:34:31.145] [Server thread/WARN] [fox.mods.access_denied.AccessDenied/]: create:depot
[16Jun2026 02:34:32.202] [Server thread/WARN] [fox.mods.access_denied.AccessDenied/]: immersive_weathering:rooted_grass_block
[16Jun2026 02:34:53.381] [Server thread/INFO] [AllTheLeaks/]: Listing events...
[16Jun2026 02:34:53.381] [Server thread/INFO] [AllTheLeaks/]: Server Player Logout: 1
[16Jun2026 02:34:53.381] [Server thread/INFO] [AllTheLeaks/]: Listing memory leaks so far...
[16Jun2026 02:34:53.381] [Server thread/INFO] [AllTheLeaks/]: B: 2125MB / C: 2146MB / Diff: +21MB
[16Jun2026 02:34:53.381] [Server thread/INFO] [AllTheLeaks/]: Memory Leaks detected: (/atl force_refresh to update)
[16Jun2026 02:34:53.382] [Server thread/INFO] [AllTheLeaks/]: | ChunkAccess:
[16Jun2026 02:34:53.382] [Server thread/INFO] [AllTheLeaks/]: |- LevelChunk (minecraft): 650
[16Jun2026 02:34:53.382] [Server thread/INFO] [AllTheLeaks/]: | Player:
[16Jun2026 02:34:53.382] [Server thread/INFO] [AllTheLeaks/]: |- ServerPlayer (minecraft): 1
[16Jun2026 02:35:02.377] [Server thread/INFO] [com.simibubi.create.Create/]: RecipeTrie of depth 6 with 307 nodes built with 330 variants, 301 ingredients, and 320 recipes
[16Jun2026 02:37:18.600] [Server thread/WARN] [net.minecraft.server.MinecraftServer/]: Can't keep up! Is the server overloaded? Running 2031ms or 40 ticks behind
[16Jun2026 02:37:35.710] [Server thread/WARN] [net.minecraft.server.MinecraftServer/]: Can't keep up! Is the server overloaded? Running 2141ms or 42 ticks behind
[16Jun2026 02:38:05.848] [Server thread/WARN] [fox.mods.access_denied.AccessDenied/]: create:basin
[16Jun2026 02:38:06.600] [Server thread/WARN] [fox.mods.access_denied.AccessDenied/]: create:blaze_burner
[16Jun2026 02:38:07.912] [Server thread/WARN] [fox.mods.access_denied.AccessDenied/]: create:depot
[16Jun2026 02:39:27.054] [Server thread/WARN] [fox.mods.access_denied.AccessDenied/]: create:cogwheel
[16Jun2026 02:39:33.454] [Server thread/WARN] [fox.mods.access_denied.AccessDenied/]: create:cogwheel
[16Jun2026 02:39:35.047] [Server thread/WARN] [fox.mods.access_denied.AccessDenied/]: create:large_cogwheel
[16Jun2026 02:41:59.054] [Server thread/WARN] [fox.mods.access_denied.AccessDenied/]: create:depot
[16Jun2026 02:42:00.995] [Server thread/WARN] [fox.mods.access_denied.AccessDenied/]: create:mechanical_press
[16Jun2026 02:42:02.200] [Server thread/WARN] [fox.mods.access_denied.AccessDenied/]: minecraft:stone
[16Jun2026 02:42:19.902] [Server thread/WARN] [fox.mods.access_denied.AccessDenied/]: create:depot
[16Jun2026 02:44:57.508] [Server thread/INFO] [AllTheLeaks/]: Listing events...
[16Jun2026 02:44:57.508] [Server thread/INFO] [AllTheLeaks/]: Server Player Logout: 1
[16Jun2026 02:44:57.508] [Server thread/INFO] [AllTheLeaks/]: Listing memory leaks so far...
[16Jun2026 02:44:57.508] [Server thread/INFO] [AllTheLeaks/]: B: 2125MB / C: 2163MB / Diff: +38MB
[16Jun2026 02:44:57.508] [Server thread/INFO] [AllTheLeaks/]: Memory Leaks detected: (/atl force_refresh to update)
[16Jun2026 02:44:57.508] [Server thread/INFO] [AllTheLeaks/]: | ChunkAccess:
[16Jun2026 02:44:57.509] [Server thread/INFO] [AllTheLeaks/]: |- LevelChunk (minecraft): 650
[16Jun2026 02:44:57.509] [Server thread/INFO] [AllTheLeaks/]: | Player:
[16Jun2026 02:44:57.509] [Server thread/INFO] [AllTheLeaks/]: |- ServerPlayer (minecraft): 1
[16Jun2026 02:45:30.267] [Server thread/WARN] [fox.mods.access_denied.AccessDenied/]: minecraft:dirt
[16Jun2026 02:45:33.609] [Server thread/WARN] [fox.mods.access_denied.AccessDenied/]: minecraft:stone
[16Jun2026 02:45:41.561] [Server thread/WARN] [fox.mods.access_denied.AccessDenied/]: minecraft:stone
[16Jun2026 02:45:53.005] [Server thread/WARN] [fox.mods.access_denied.AccessDenied/]: create:fluid_tank
[16Jun2026 02:45:56.716] [Server thread/WARN] [fox.mods.access_denied.AccessDenied/]: create:fluid_tank
[16Jun2026 02:47:31.112] [Server thread/WARN] [fox.mods.access_denied.AccessDenied/]: minecraft:pumpkin
[16Jun2026 02:47:33.654] [Server thread/WARN] [fox.mods.access_denied.AccessDenied/]: minecraft:pumpkin
[16Jun2026 02:47:38.908] [Server thread/WARN] [fox.mods.access_denied.AccessDenied/]: minecraft:pumpkin
[16Jun2026 02:48:12.340] [Server thread/WARN] [fox.mods.access_denied.AccessDenied/]: create:fluid_pipe
[16Jun2026 02:48:17.259] [Server thread/WARN] [fox.mods.access_denied.AccessDenied/]: minecraft:carved_pumpkin
[16Jun2026 02:48:18.008] [Server thread/WARN] [fox.mods.access_denied.AccessDenied/]: minecraft:pumpkin
[16Jun2026 02:48:18.418] [Server thread/WARN] [fox.mods.access_denied.AccessDenied/]: create:fluid_pipe
[16Jun2026 02:48:18.665] [Server thread/WARN] [fox.mods.access_denied.AccessDenied/]: minecraft:pumpkin
[16Jun2026 02:48:19.341] [Server thread/WARN] [fox.mods.access_denied.AccessDenied/]: create:fluid_pipe
[16Jun2026 02:48:22.941] [Server thread/WARN] [fox.mods.access_denied.AccessDenied/]: create:mechanical_pump
[16Jun2026 02:48:25.603] [Server thread/WARN] [fox.mods.access_denied.AccessDenied/]: create:mechanical_pump
[16Jun2026 02:48:47.655] [Server thread/WARN] [net.minecraft.server.MinecraftServer/]: Can't keep up! Is the server overloaded? Running 2036ms or 40 ticks behind
[16Jun2026 02:49:07.549] [Server thread/WARN] [fox.mods.access_denied.AccessDenied/]: create:fluid_pipe
[16Jun2026 02:49:08.505] [Server thread/WARN] [fox.mods.access_denied.AccessDenied/]: create:fluid_pipe
[16Jun2026 02:49:09.477] [Server thread/WARN] [fox.mods.access_denied.AccessDenied/]: create:fluid_pipe
[16Jun2026 02:49:10.394] [Server thread/WARN] [fox.mods.access_denied.AccessDenied/]: create:fluid_pipe
[16Jun2026 02:49:11.395] [Server thread/WARN] [fox.mods.access_denied.AccessDenied/]: create:fluid_pipe
[16Jun2026 02:49:12.992] [Server thread/WARN] [fox.mods.access_denied.AccessDenied/]: create:fluid_pipe
[16Jun2026 02:49:13.891] [Server thread/WARN] [fox.mods.access_denied.AccessDenied/]: create:fluid_pipe
[16Jun2026 02:49:15.047] [Server thread/WARN] [fox.mods.access_denied.AccessDenied/]: create:fluid_pipe
[16Jun2026 02:49:26.368] [Server thread/WARN] [fox.mods.access_denied.AccessDenied/]: minecraft:stone
[16Jun2026 02:49:27.693] [Server thread/WARN] [fox.mods.access_denied.AccessDenied/]: immersive_weathering:mossy_stone
[16Jun2026 02:49:37.561] [Server thread/WARN] [fox.mods.access_denied.AccessDenied/]: create:fluid_pipe
[16Jun2026 02:49:38.848] [Server thread/WARN] [fox.mods.access_denied.AccessDenied/]: create:fluid_pipe
[16Jun2026 02:49:40.067] [Server thread/WARN] [fox.mods.access_denied.AccessDenied/]: create:fluid_pipe
[16Jun2026 02:50:02.766] [Server thread/WARN] [fox.mods.access_denied.AccessDenied/]: create:fluid_pipe
[16Jun2026 02:50:15.065] [Server thread/WARN] [fox.mods.access_denied.AccessDenied/]: create:cogwheel
[16Jun2026 02:50:15.747] [Server thread/WARN] [fox.mods.access_denied.AccessDenied/]: create:large_cogwheel
[16Jun2026 02:50:16.644] [Server thread/WARN] [fox.mods.access_denied.AccessDenied/]: create:shaft
[16Jun2026 02:50:18.106] [Server thread/WARN] [fox.mods.access_denied.AccessDenied/]: create:large_cogwheel
[16Jun2026 02:50:19.710] [Server thread/WARN] [fox.mods.access_denied.AccessDenied/]: create:cogwheel
[16Jun2026 02:50:20.691] [Server thread/WARN] [fox.mods.access_denied.AccessDenied/]: create:cogwheel
[16Jun2026 02:50:21.287] [Server thread/WARN] [fox.mods.access_denied.AccessDenied/]: create:shaft
[16Jun2026 02:50:47.990] [Server thread/WARN] [fox.mods.access_denied.AccessDenied/]: create:cogwheel
[16Jun2026 02:50:57.665] [Server thread/WARN] [fox.mods.access_denied.AccessDenied/]: bloomingnature:swamp_oak_planks
[16Jun2026 02:51:08.541] [Server thread/WARN] [fox.mods.access_denied.AccessDenied/]: create:large_cogwheel
[16Jun2026 02:51:27.644] [Server thread/WARN] [fox.mods.access_denied.AccessDenied/]: create:fluid_pipe
[16Jun2026 02:51:40.842] [Server thread/WARN] [fox.mods.access_denied.AccessDenied/]: minecraft:stone
[16Jun2026 02:51:41.443] [Server thread/WARN] [fox.mods.access_denied.AccessDenied/]: immersive_weathering:mossy_stone
[16Jun2026 02:51:42.240] [Server thread/WARN] [fox.mods.access_denied.AccessDenied/]: immersive_weathering:mossy_stone
[16Jun2026 02:51:42.839] [Server thread/WARN] [fox.mods.access_denied.AccessDenied/]: immersive_weathering:mossy_stone
[16Jun2026 02:51:44.110] [Server thread/WARN] [fox.mods.access_denied.AccessDenied/]: minecraft:stone
[16Jun2026 02:51:44.888] [Server thread/WARN] [fox.mods.access_denied.AccessDenied/]: minecraft:stone
[16Jun2026 02:52:01.517] [Server thread/WARN] [fox.mods.access_denied.AccessDenied/]: minecraft:stone
[16Jun2026 02:52:03.137] [Server thread/WARN] [fox.mods.access_denied.AccessDenied/]: create:fluid_pipe
[16Jun2026 02:52:05.764] [Server thread/WARN] [fox.mods.access_denied.AccessDenied/]: immersive_weathering:mossy_stone
[16Jun2026 02:52:18.791] [Server thread/WARN] [fox.mods.access_denied.AccessDenied/]: create:fluid_pipe
[16Jun2026 02:53:11.258] [Server thread/WARN] [fox.mods.access_denied.AccessDenied/]: create:fluid_pipe
[16Jun2026 02:53:12.160] [Server thread/WARN] [fox.mods.access_denied.AccessDenied/]: create:fluid_pipe
[16Jun2026 02:53:13.241] [Server thread/WARN] [fox.mods.access_denied.AccessDenied/]: create:fluid_pipe
[16Jun2026 02:53:14.268] [Server thread/WARN] [fox.mods.access_denied.AccessDenied/]: create:fluid_pipe
[16Jun2026 02:53:15.689] [Server thread/WARN] [fox.mods.access_denied.AccessDenied/]: create:fluid_pipe
[16Jun2026 02:53:17.409] [Server thread/WARN] [fox.mods.access_denied.AccessDenied/]: create:fluid_pipe
[16Jun2026 02:53:18.309] [Server thread/WARN] [fox.mods.access_denied.AccessDenied/]: create:fluid_pipe
[16Jun2026 02:53:24.339] [Server thread/WARN] [fox.mods.access_denied.AccessDenied/]: minecraft:stone
[16Jun2026 02:54:09.790] [Server thread/WARN] [fox.mods.access_denied.AccessDenied/]: create:fluid_tank
[16Jun2026 02:54:11.715] [Server thread/WARN] [fox.mods.access_denied.AccessDenied/]: create:fluid_tank
[16Jun2026 02:54:59.501] [Server thread/INFO] [AllTheLeaks/]: Listing events...
[16Jun2026 02:54:59.501] [Server thread/INFO] [AllTheLeaks/]: Server Player Logout: 1
[16Jun2026 02:54:59.501] [Server thread/INFO] [AllTheLeaks/]: Listing memory leaks so far...
[16Jun2026 02:54:59.501] [Server thread/INFO] [AllTheLeaks/]: B: 2125MB / C: 2161MB / Diff: +36MB
[16Jun2026 02:54:59.501] [Server thread/INFO] [AllTheLeaks/]: Memory Leaks detected: (/atl force_refresh to update)
[16Jun2026 02:54:59.501] [Server thread/INFO] [AllTheLeaks/]: | ChunkAccess:
[16Jun2026 02:54:59.501] [Server thread/INFO] [AllTheLeaks/]: |- LevelChunk (minecraft): 650
[16Jun2026 02:54:59.501] [Server thread/INFO] [AllTheLeaks/]: | Player:
[16Jun2026 02:54:59.501] [Server thread/INFO] [AllTheLeaks/]: |- ServerPlayer (minecraft): 1
[16Jun2026 02:55:28.319] [Server thread/WARN] [fox.mods.access_denied.AccessDenied/]: create:fluid_pipe
[16Jun2026 02:55:29.068] [Server thread/WARN] [fox.mods.access_denied.AccessDenied/]: create:fluid_pipe
[16Jun2026 02:55:45.967] [Server thread/WARN] [fox.mods.access_denied.AccessDenied/]: create:fluid_pipe
[16Jun2026 02:55:54.919] [Server thread/WARN] [fox.mods.access_denied.AccessDenied/]: create:cogwheel
[16Jun2026 02:55:55.842] [Server thread/WARN] [fox.mods.access_denied.AccessDenied/]: create:large_cogwheel
[16Jun2026 02:55:56.740] [Server thread/WARN] [fox.mods.access_denied.AccessDenied/]: create:shaft
[16Jun2026 02:56:51.939] [Server thread/WARN] [fox.mods.access_denied.AccessDenied/]: create:cogwheel
[16Jun2026 02:56:52.690] [Server thread/WARN] [fox.mods.access_denied.AccessDenied/]: create:cogwheel
[16Jun2026 02:57:06.695] [Server thread/WARN] [fox.mods.access_denied.AccessDenied/]: create:large_cogwheel
[16Jun2026 02:57:09.116] [Server thread/WARN] [fox.mods.access_denied.AccessDenied/]: create:cogwheel
[16Jun2026 02:57:09.815] [Server thread/WARN] [fox.mods.access_denied.AccessDenied/]: create:shaft
[16Jun2026 02:57:34.267] [Server thread/WARN] [fox.mods.access_denied.AccessDenied/]: create:mechanical_pump
[16Jun2026 02:57:35.168] [Server thread/WARN] [fox.mods.access_denied.AccessDenied/]: create:mechanical_pump
[16Jun2026 02:57:57.792] [Server thread/WARN] [fox.mods.access_denied.AccessDenied/]: create:steam_engine
[16Jun2026 02:57:58.967] [Server thread/WARN] [fox.mods.access_denied.AccessDenied/]: create:fluid_tank
[16Jun2026 02:57:59.841] [Server thread/WARN] [fox.mods.access_denied.AccessDenied/]: create:fluid_tank
[16Jun2026 02:58:00.451] [Server thread/WARN] [fox.mods.access_denied.AccessDenied/]: create:fluid_pipe
[16Jun2026 02:58:01.244] [Server thread/WARN] [fox.mods.access_denied.AccessDenied/]: create:fluid_pipe
[16Jun2026 02:58:02.042] [Server thread/WARN] [fox.mods.access_denied.AccessDenied/]: create:fluid_tank
[16Jun2026 02:58:02.095] [Server thread/WARN] [fox.mods.access_denied.AccessDenied/]: create:fluid_pipe
[16Jun2026 02:58:02.839] [Server thread/WARN] [fox.mods.access_denied.AccessDenied/]: create:fluid_pipe
[16Jun2026 02:58:02.942] [Server thread/WARN] [fox.mods.access_denied.AccessDenied/]: create:fluid_tank
[16Jun2026 02:58:04.248] [Server thread/WARN] [fox.mods.access_denied.AccessDenied/]: create:fluid_pipe
[16Jun2026 02:58:04.993] [Server thread/WARN] [fox.mods.access_denied.AccessDenied/]: create:fluid_tank
[16Jun2026 02:58:05.241] [Server thread/WARN] [fox.mods.access_denied.AccessDenied/]: create:fluid_pipe
[16Jun2026 02:58:05.892] [Server thread/WARN] [fox.mods.access_denied.AccessDenied/]: create:fluid_tank
[16Jun2026 02:58:06.109] [Server thread/WARN] [fox.mods.access_denied.AccessDenied/]: create:fluid_pipe
[16Jun2026 02:58:06.794] [Server thread/WARN] [fox.mods.access_denied.AccessDenied/]: create:fluid_tank
[16Jun2026 02:58:07.691] [Server thread/WARN] [fox.mods.access_denied.AccessDenied/]: create:fluid_tank
[16Jun2026 02:58:15.139] [Server thread/WARN] [fox.mods.access_denied.AccessDenied/]: create:mechanical_press
[16Jun2026 02:58:16.097] [Server thread/WARN] [fox.mods.access_denied.AccessDenied/]: create:shaft
[16Jun2026 02:58:16.695] [Server thread/WARN] [fox.mods.access_denied.AccessDenied/]: create:depot
[16Jun2026 02:59:59.013] [Server thread/WARN] [fox.mods.access_denied.AccessDenied/]: create:steam_engine
[16Jun2026 02:59:59.740] [Server thread/WARN] [fox.mods.access_denied.AccessDenied/]: minecraft:coarse_dirt
[16Jun2026 03:00:00.715] [Server thread/WARN] [fox.mods.access_denied.AccessDenied/]: create:fluid_tank
[16Jun2026 03:00:00.998] [Server thread/WARN] [fox.mods.access_denied.AccessDenied/]: create:fluid_tank
[16Jun2026 03:00:02.097] [Server thread/WARN] [fox.mods.access_denied.AccessDenied/]: create:fluid_tank
[16Jun2026 03:00:02.999] [Server thread/WARN] [fox.mods.access_denied.AccessDenied/]: create:fluid_tank
[16Jun2026 03:00:21.026] [Server thread/WARN] [fox.mods.access_denied.AccessDenied/]: minecraft:campfire
[16Jun2026 03:00:21.870] [Server thread/WARN] [fox.mods.access_denied.AccessDenied/]: minecraft:campfire
[16Jun2026 03:00:22.969] [Server thread/WARN] [fox.mods.access_denied.AccessDenied/]: minecraft:campfire
[16Jun2026 03:00:23.751] [Server thread/WARN] [fox.mods.access_denied.AccessDenied/]: minecraft:campfire
[16Jun2026 03:00:25.020] [Server thread/WARN] [net.minecraft.server.MinecraftServer/]: Can't keep up! Is the server overloaded? Running 2001ms or 40 ticks behind
[16Jun2026 03:00:25.363] [Server thread/WARN] [fox.mods.access_denied.AccessDenied/]: minecraft:campfire
[16Jun2026 03:00:26.399] [Server thread/WARN] [fox.mods.access_denied.AccessDenied/]: minecraft:campfire
[16Jun2026 03:01:21.839] [Server thread/WARN] [fox.mods.access_denied.AccessDenied/]: minecraft:oak_planks
[16Jun2026 03:01:23.540] [Server thread/WARN] [fox.mods.access_denied.AccessDenied/]: minecraft:stone
[16Jun2026 03:01:25.995] [Server thread/WARN] [fox.mods.access_denied.AccessDenied/]: minecraft:oak_planks
[16Jun2026 03:01:26.791] [Server thread/WARN] [fox.mods.access_denied.AccessDenied/]: minecraft:oak_planks
[16Jun2026 03:01:47.594] [Server thread/WARN] [fox.mods.access_denied.AccessDenied/]: minecraft:campfire
[16Jun2026 03:01:48.395] [Server thread/WARN] [fox.mods.access_denied.AccessDenied/]: minecraft:campfire
[16Jun2026 03:01:49.193] [Server thread/WARN] [fox.mods.access_denied.AccessDenied/]: minecraft:campfire
[16Jun2026 03:01:49.960] [Server thread/WARN] [fox.mods.access_denied.AccessDenied/]: minecraft:campfire
[16Jun2026 03:02:58.963] [Server thread/WARN] [fox.mods.access_denied.AccessDenied/]: minecraft:oak_planks
[16Jun2026 03:03:28.246] [Server thread/WARN] [fox.mods.access_denied.AccessDenied/]: minecraft:oak_planks
[16Jun2026 03:03:29.243] [Server thread/WARN] [fox.mods.access_denied.AccessDenied/]: minecraft:oak_planks
[16Jun2026 03:03:30.463] [Server thread/WARN] [fox.mods.access_denied.AccessDenied/]: minecraft:oak_planks
[16Jun2026 03:03:31.450] [Server thread/WARN] [fox.mods.access_denied.AccessDenied/]: minecraft:oak_planks
[16Jun2026 03:03:37.606] [Server thread/WARN] [fox.mods.access_denied.AccessDenied/]: minecraft:oak_planks
[16Jun2026 03:04:35.393] [Server thread/WARN] [fox.mods.access_denied.AccessDenied/]: create:fluid_pipe
[16Jun2026 03:04:55.049] [Server thread/WARN] [fox.mods.access_denied.AccessDenied/]: minecraft:spruce_planks
[16Jun2026 03:04:56.201] [Server thread/WARN] [fox.mods.access_denied.AccessDenied/]: minecraft:spruce_planks
[16Jun2026 03:04:57.168] [Server thread/WARN] [fox.mods.access_denied.AccessDenied/]: minecraft:oak_planks
[16Jun2026 03:04:57.952] [Server thread/WARN] [fox.mods.access_denied.AccessDenied/]: minecraft:oak_planks
[16Jun2026 03:04:58.744] [Server thread/WARN] [fox.mods.access_denied.AccessDenied/]: minecraft:spruce_planks
[16Jun2026 03:04:59.547] [Server thread/WARN] [fox.mods.access_denied.AccessDenied/]: minecraft:oak_planks
[16Jun2026 03:05:00.502] [Server thread/WARN] [fox.mods.access_denied.AccessDenied/]: minecraft:oak_planks
[16Jun2026 03:05:01.402] [Server thread/WARN] [fox.mods.access_denied.AccessDenied/]: minecraft:oak_planks
[16Jun2026 03:05:01.611] [Server thread/INFO] [AllTheLeaks/]: Listing events...
[16Jun2026 03:05:01.611] [Server thread/INFO] [AllTheLeaks/]: Server Player Logout: 1
[16Jun2026 03:05:01.611] [Server thread/INFO] [AllTheLeaks/]: Listing memory leaks so far...
[16Jun2026 03:05:01.611] [Server thread/INFO] [AllTheLeaks/]: B: 2125MB / C: 2166MB / Diff: +41MB
[16Jun2026 03:05:01.611] [Server thread/INFO] [AllTheLeaks/]: Memory Leaks detected: (/atl force_refresh to update)
[16Jun2026 03:05:01.611] [Server thread/INFO] [AllTheLeaks/]: | ChunkAccess:
[16Jun2026 03:05:01.611] [Server thread/INFO] [AllTheLeaks/]: |- LevelChunk (minecraft): 650
[16Jun2026 03:05:01.612] [Server thread/INFO] [AllTheLeaks/]: | Player:
[16Jun2026 03:05:01.612] [Server thread/INFO] [AllTheLeaks/]: |- ServerPlayer (minecraft): 1
[16Jun2026 03:05:02.096] [Server thread/WARN] [fox.mods.access_denied.AccessDenied/]: minecraft:oak_planks
[16Jun2026 03:05:24.695] [Server thread/WARN] [fox.mods.access_denied.AccessDenied/]: create:fluid_pipe
[16Jun2026 03:05:28.700] [Server thread/INFO] [hordes/]: [net.smileycorp.hordes.hordeevent.capability.HordeEvent@9345bc9]Trying to start horde event on day 30 with nextDay 30 and time 10000
[16Jun2026 03:05:28.704] [Server thread/INFO] [hordes/]: Applying script hordes:default for event net.smileycorp.hordes.common.event.HordeBuildSpawnDataEvent@1eeab4e1
[16Jun2026 03:05:28.705] [Server thread/INFO] [hordes/]: Adding entry HordeSpawnEntry[type=entity.minecraft.zombie,weight=90,minDay=0,maxDay=0] to hordespawn on day 0
[16Jun2026 03:05:28.706] [Server thread/INFO] [hordes/]: Adding entry HordeSpawnEntry[type=entity.minecraft.husk,weight=10,minDay=0,maxDay=0] to hordespawn on day 0
[16Jun2026 03:05:28.748] [Server thread/INFO] [hordes/]: Adding entry HordeSpawnEntry[type=entity.minecraft.zombie,weight=90,minDay=0,maxDay=0] to hordespawn on day 30
[16Jun2026 03:05:28.748] [Server thread/INFO] [hordes/]: Adding entry HordeSpawnEntry[type=entity.minecraft.husk,weight=10,minDay=0,maxDay=0] to hordespawn on day 30
[16Jun2026 03:05:54.497] [Server thread/WARN] [fox.mods.access_denied.AccessDenied/]: minecraft:spruce_planks
[16Jun2026 03:05:55.325] [Server thread/WARN] [fox.mods.access_denied.AccessDenied/]: minecraft:oak_planks
[16Jun2026 03:05:56.600] [Server thread/WARN] [fox.mods.access_denied.AccessDenied/]: minecraft:oak_planks
[16Jun2026 03:05:57.405] [Server thread/WARN] [fox.mods.access_denied.AccessDenied/]: minecraft:oak_planks
[16Jun2026 03:06:00.244] [Server thread/WARN] [fox.mods.access_denied.AccessDenied/]: minecraft:oak_planks
[16Jun2026 03:06:01.046] [Server thread/WARN] [fox.mods.access_denied.AccessDenied/]: minecraft:oak_planks
[16Jun2026 03:06:02.051] [Server thread/WARN] [fox.mods.access_denied.AccessDenied/]: minecraft:oak_planks
[16Jun2026 03:06:02.953] [Server thread/WARN] [fox.mods.access_denied.AccessDenied/]: minecraft:oak_planks
[16Jun2026 03:06:03.651] [Server thread/WARN] [fox.mods.access_denied.AccessDenied/]: minecraft:oak_planks
[16Jun2026 03:06:04.014] [Server thread/WARN] [fox.mods.access_denied.AccessDenied/]: minecraft:grass_block
[16Jun2026 03:06:04.496] [Server thread/WARN] [fox.mods.access_denied.AccessDenied/]: minecraft:oak_planks
[16Jun2026 03:06:05.298] [Server thread/WARN] [fox.mods.access_denied.AccessDenied/]: minecraft:oak_planks
[16Jun2026 03:06:18.757] [Server thread/INFO] [hordes/]: Adding entry HordeSpawnEntry[type=entity.minecraft.zombie,weight=90,minDay=0,maxDay=0] to hordespawn on day 30
[16Jun2026 03:06:18.758] [Server thread/INFO] [hordes/]: Adding entry HordeSpawnEntry[type=entity.minecraft.husk,weight=10,minDay=0,maxDay=0] to hordespawn on day 30
[16Jun2026 03:06:57.005] [Server thread/WARN] [fox.mods.access_denied.AccessDenied/]: create:cogwheel
[16Jun2026 03:07:05.502] [Server thread/WARN] [fox.mods.access_denied.AccessDenied/]: minecraft:oak_leaves
[16Jun2026 03:07:06.713] [Server thread/WARN] [fox.mods.access_denied.AccessDenied/]: minecraft:oak_leaves
[16Jun2026 03:07:08.753] [Server thread/INFO] [hordes/]: Adding entry HordeSpawnEntry[type=entity.minecraft.zombie,weight=90,minDay=0,maxDay=0] to hordespawn on day 30
[16Jun2026 03:07:08.753] [Server thread/INFO] [hordes/]: Adding entry HordeSpawnEntry[type=entity.minecraft.husk,weight=10,minDay=0,maxDay=0] to hordespawn on day 30
[16Jun2026 03:07:58.829] [Server thread/INFO] [hordes/]: Adding entry HordeSpawnEntry[type=entity.minecraft.zombie,weight=90,minDay=0,maxDay=0] to hordespawn on day 30
[16Jun2026 03:07:58.829] [Server thread/INFO] [hordes/]: Adding entry HordeSpawnEntry[type=entity.minecraft.husk,weight=10,minDay=0,maxDay=0] to hordespawn on day 30
[16Jun2026 03:07:59.085] [Server thread/INFO] [net.minecraft.server.MinecraftServer/]: KodaMakuin was slain by Leaper Zombie
[16Jun2026 03:08:03.119] [Server thread/WARN] [dev.gigaherz.toolbelt.slot.BeltExtensionSlot/]: New entity has data, contents assigned.
[16Jun2026 03:08:03.120] [Server thread/ERROR] [AllTheLeaks/]: Cannot have null removal reason on Clone event!
[16Jun2026 03:08:05.969] [Server thread/INFO] [net.minecraft.server.MinecraftServer/]: [Konnorcito: Teleported KodaMakuin to Konnorcito]
[16Jun2026 03:08:34.871] [Server thread/INFO] [net.minecraft.server.MinecraftServer/]: KodaMakuin was slain by Leaper Zombie
[16Jun2026 03:08:41.614] [Server thread/WARN] [dev.gigaherz.toolbelt.slot.BeltExtensionSlot/]: New entity has data, contents assigned.
[16Jun2026 03:08:41.614] [Server thread/ERROR] [AllTheLeaks/]: Cannot have null removal reason on Clone event!
[16Jun2026 03:08:43.497] [Server thread/WARN] [fox.mods.access_denied.AccessDenied/]: create:mechanical_press
[16Jun2026 03:08:48.744] [Server thread/INFO] [hordes/]: Adding entry HordeSpawnEntry[type=entity.minecraft.zombie,weight=90,minDay=0,maxDay=0] to hordespawn on day 30
[16Jun2026 03:08:48.744] [Server thread/INFO] [hordes/]: Adding entry HordeSpawnEntry[type=entity.minecraft.husk,weight=10,minDay=0,maxDay=0] to hordespawn on day 30
[16Jun2026 03:09:29.214] [Server thread/WARN] [fox.mods.access_denied.AccessDenied/]: minecraft:oak_leaves
[16Jun2026 03:09:29.815] [Server thread/WARN] [fox.mods.access_denied.AccessDenied/]: minecraft:oak_leaves
[16Jun2026 03:09:31.003] [Server thread/WARN] [fox.mods.access_denied.AccessDenied/]: minecraft:oak_leaves
[16Jun2026 03:09:31.599] [Server thread/WARN] [fox.mods.access_denied.AccessDenied/]: minecraft:oak_leaves
[16Jun2026 03:09:32.206] [Server thread/WARN] [fox.mods.access_denied.AccessDenied/]: minecraft:oak_leaves
[16Jun2026 03:09:32.946] [Server thread/WARN] [fox.mods.access_denied.AccessDenied/]: minecraft:oak_leaves
[16Jun2026 03:09:38.748] [Server thread/INFO] [hordes/]: Adding entry HordeSpawnEntry[type=entity.minecraft.zombie,weight=90,minDay=0,maxDay=0] to hordespawn on day 30
[16Jun2026 03:09:38.748] [Server thread/INFO] [hordes/]: Adding entry HordeSpawnEntry[type=entity.minecraft.husk,weight=10,minDay=0,maxDay=0] to hordespawn on day 30
[16Jun2026 03:10:16.752] [Server thread/WARN] [fox.mods.access_denied.AccessDenied/]: minecraft:stripped_oak_log
[16Jun2026 03:10:58.681] [Server thread/INFO] [net.minecraft.server.MinecraftServer/]: [KodaMakuin: Teleported KodaMakuin to 3032.500000, 66.500000, 1900.500000]
[16Jun2026 03:11:01.148] [Server thread/INFO] [net.minecraft.server.MinecraftServer/]: KodaMakuin was slain by Axe Zombie
[16Jun2026 03:11:02.564] [Server thread/WARN] [dev.gigaherz.toolbelt.slot.BeltExtensionSlot/]: New entity has data, contents assigned.
[16Jun2026 03:11:02.564] [Server thread/ERROR] [AllTheLeaks/]: Cannot have null removal reason on Clone event!
[16Jun2026 03:11:07.614] [Server thread/INFO] [net.minecraft.server.MinecraftServer/]: [KodaMakuin: Set own game mode to Creative Mode]
[16Jun2026 03:11:42.073] [Server thread/WARN] [net.minecraft.server.MinecraftServer/]: Can't keep up! Is the server overloaded? Running 2055ms or 41 ticks behind
[16Jun2026 03:11:54.251] [Server thread/INFO] [net.minecraft.server.MinecraftServer/]: [KodaMakuin: Set own game mode to Survival Mode]
[16Jun2026 03:12:04.781] [Server thread/WARN] [net.minecraft.server.MinecraftServer/]: Can't keep up! Is the server overloaded? Running 7713ms or 154 ticks behind
[16Jun2026 03:12:26.652] [Server thread/WARN] [fox.mods.access_denied.AccessDenied/]: immersive_weathering:ivy
[16Jun2026 03:12:27.352] [Server thread/WARN] [fox.mods.access_denied.AccessDenied/]: immersive_weathering:ivy
[16Jun2026 03:12:28.259] [Server thread/WARN] [fox.mods.access_denied.AccessDenied/]: immersive_weathering:ivy
[16Jun2026 03:12:28.931] [Server thread/WARN] [fox.mods.access_denied.AccessDenied/]: immersive_weathering:ivy
[16Jun2026 03:12:46.009] [Server thread/WARN] [fox.mods.access_denied.AccessDenied/]: minecraft:cobblestone
[16Jun2026 03:12:46.611] [Server thread/WARN] [fox.mods.access_denied.AccessDenied/]: minecraft:cobblestone
[16Jun2026 03:13:28.397] [Server thread/WARN] [fox.mods.access_denied.AccessDenied/]: minecraft:campfire
[16Jun2026 03:14:15.201] [Server thread/WARN] [fox.mods.access_denied.AccessDenied/]: minecraft:oak_sapling
[16Jun2026 03:15:11.456] [Server thread/INFO] [AllTheLeaks/]: Listing events...
[16Jun2026 03:15:11.457] [Server thread/INFO] [AllTheLeaks/]: Server Player Clone: 3
[16Jun2026 03:15:11.457] [Server thread/INFO] [AllTheLeaks/]:   Invalid Cloned Players: 3
[16Jun2026 03:15:11.457] [Server thread/INFO] [AllTheLeaks/]: Server Player Logout: 1
[16Jun2026 03:15:11.457] [Server thread/INFO] [AllTheLeaks/]: Listing memory leaks so far...
[16Jun2026 03:15:11.457] [Server thread/INFO] [AllTheLeaks/]: B: 2125MB / C: 2173MB / Diff: +48MB
[16Jun2026 03:15:11.458] [Server thread/INFO] [AllTheLeaks/]: Memory Leaks detected: (/atl force_refresh to update)
[16Jun2026 03:15:11.458] [Server thread/INFO] [AllTheLeaks/]: | ChunkAccess:
[16Jun2026 03:15:11.458] [Server thread/INFO] [AllTheLeaks/]: |- LevelChunk (minecraft): 650
[16Jun2026 03:15:11.458] [Server thread/INFO] [AllTheLeaks/]: | Player:
[16Jun2026 03:15:11.458] [Server thread/INFO] [AllTheLeaks/]: |- ServerPlayer (minecraft): 3
[16Jun2026 03:15:28.206] [Server thread/INFO] [fastsuite/]: Constructed recipe list for farmersdelight:cutting in 133.0 μs. 0/125 recipes are parallelized.
[16Jun2026 03:22:32.704] [Server thread/WARN] [fox.mods.access_denied.AccessDenied/]: ecologics:prickly_pear
[16Jun2026 03:22:33.704] [Server thread/WARN] [fox.mods.access_denied.AccessDenied/]: ecologics:prickly_pear
[16Jun2026 03:22:38.450] [Server thread/WARN] [fox.mods.access_denied.AccessDenied/]: ecologics:prickly_pear
[16Jun2026 03:23:26.693] [Server thread/WARN] [net.minecraft.server.MinecraftServer/]: Can't keep up! Is the server overloaded? Running 2024ms or 40 ticks behind
[16Jun2026 03:23:44.228] [Server thread/WARN] [net.minecraft.server.MinecraftServer/]: Can't keep up! Is the server overloaded? Running 2559ms or 51 ticks behind
[16Jun2026 03:25:15.901] [Server thread/INFO] [AllTheLeaks/]: Listing events...
[16Jun2026 03:25:15.902] [Server thread/INFO] [AllTheLeaks/]: Server Player Clone: 3
[16Jun2026 03:25:15.903] [Server thread/INFO] [AllTheLeaks/]:   Invalid Cloned Players: 3
[16Jun2026 03:25:15.903] [Server thread/INFO] [AllTheLeaks/]: Server Player Logout: 1
[16Jun2026 03:25:15.903] [Server thread/INFO] [AllTheLeaks/]: Listing memory leaks so far...
[16Jun2026 03:25:15.903] [Server thread/INFO] [AllTheLeaks/]: B: 2125MB / C: 2182MB / Diff: +57MB
[16Jun2026 03:25:15.903] [Server thread/INFO] [AllTheLeaks/]: Memory Leaks detected: (/atl force_refresh to update)
[16Jun2026 03:25:15.903] [Server thread/INFO] [AllTheLeaks/]: | ChunkAccess:
[16Jun2026 03:25:15.903] [Server thread/INFO] [AllTheLeaks/]: |- LevelChunk (minecraft): 650
[16Jun2026 03:25:15.903] [Server thread/INFO] [AllTheLeaks/]: | Player:
[16Jun2026 03:25:15.903] [Server thread/INFO] [AllTheLeaks/]: |- ServerPlayer (minecraft): 3
[16Jun2026 03:29:25.302] [Server thread/WARN] [fox.mods.access_denied.AccessDenied/]: create:andesite_casing
[16Jun2026 03:30:01.059] [Server thread/WARN] [fox.mods.access_denied.AccessDenied/]: create:encased_fan
[16Jun2026 03:30:05.145] [Server thread/WARN] [fox.mods.access_denied.AccessDenied/]: create:mechanical_press
[16Jun2026 03:31:10.960] [Server thread/WARN] [fox.mods.access_denied.AccessDenied/]: minecraft:oak_slab
[16Jun2026 03:35:07.084] [Server thread/WARN] [net.minecraft.server.MinecraftServer/]: Can't keep up! Is the server overloaded? Running 2015ms or 40 ticks behind
[16Jun2026 03:35:17.747] [Server thread/WARN] [fox.mods.access_denied.AccessDenied/]: minecraft:grass
[16Jun2026 03:35:18.600] [Server thread/WARN] [fox.mods.access_denied.AccessDenied/]: minecraft:grass
[16Jun2026 03:35:19.804] [Server thread/INFO] [AllTheLeaks/]: Listing events...
[16Jun2026 03:35:19.804] [Server thread/INFO] [AllTheLeaks/]: Server Player Clone: 3
[16Jun2026 03:35:19.804] [Server thread/INFO] [AllTheLeaks/]:   Invalid Cloned Players: 3
[16Jun2026 03:35:19.804] [Server thread/INFO] [AllTheLeaks/]: Server Player Logout: 1
[16Jun2026 03:35:19.804] [Server thread/INFO] [AllTheLeaks/]: Listing memory leaks so far...
[16Jun2026 03:35:19.805] [Server thread/INFO] [AllTheLeaks/]: B: 2125MB / C: 2196MB / Diff: +71MB
[16Jun2026 03:35:19.805] [Server thread/INFO] [AllTheLeaks/]: Memory Leaks detected: (/atl force_refresh to update)
[16Jun2026 03:35:19.805] [Server thread/INFO] [AllTheLeaks/]: | ChunkAccess:
[16Jun2026 03:35:19.805] [Server thread/INFO] [AllTheLeaks/]: |- LevelChunk (minecraft): 650
[16Jun2026 03:35:19.805] [Server thread/INFO] [AllTheLeaks/]: | Player:
[16Jun2026 03:35:19.805] [Server thread/INFO] [AllTheLeaks/]: |- ServerPlayer (minecraft): 3
[16Jun2026 03:36:11.956] [Server thread/WARN] [fox.mods.access_denied.AccessDenied/]: farmersdelight:onions
[16Jun2026 03:36:15.715] [Server thread/WARN] [fox.mods.access_denied.AccessDenied/]: farmersdelight:onions
[16Jun2026 03:36:16.725] [Server thread/WARN] [fox.mods.access_denied.AccessDenied/]: farmersdelight:onions
[16Jun2026 03:36:22.544] [Server thread/WARN] [fox.mods.access_denied.AccessDenied/]: farmersdelight:onions
[16Jun2026 03:36:25.546] [Server thread/WARN] [fox.mods.access_denied.AccessDenied/]: farmersdelight:onions
[16Jun2026 03:36:33.898] [Server thread/WARN] [fox.mods.access_denied.AccessDenied/]: farmersdelight:onions
[16Jun2026 03:36:35.097] [Server thread/WARN] [fox.mods.access_denied.AccessDenied/]: farmersdelight:onions
[16Jun2026 03:36:39.267] [Server thread/WARN] [fox.mods.access_denied.AccessDenied/]: farmersdelight:onions
[16Jun2026 03:37:06.998] [Server thread/WARN] [fox.mods.access_denied.AccessDenied/]: farmersdelight:cabbages
[16Jun2026 03:37:08.568] [Server thread/WARN] [fox.mods.access_denied.AccessDenied/]: farmersdelight:cabbages
[16Jun2026 03:37:11.598] [Server thread/WARN] [fox.mods.access_denied.AccessDenied/]: farmersdelight:cabbages
[16Jun2026 03:37:38.047] [Server thread/WARN] [fox.mods.access_denied.AccessDenied/]: farmersdelight:cooking_pot
[16Jun2026 03:42:33.185] [Server thread/INFO] [net.minecraft.server.MinecraftServer/]: [KodaMakuin: Teleported KodaMakuin to 4845.500000, 111.500000, -5768.500000]
[16Jun2026 03:42:53.211] [Server thread/INFO] [net.minecraft.server.MinecraftServer/]: [Konnorcito: Teleported Konnorcito to KodaMakuin]
[16Jun2026 03:42:54.614] [Server thread/INFO] [net.minecraft.server.MinecraftServer/]: [KodaMakuin: Set own game mode to Spectator Mode]
[16Jun2026 03:43:03.512] [Server thread/INFO] [net.minecraft.server.MinecraftServer/]: [Konnorcito: Set own game mode to Spectator Mode]
[16Jun2026 03:43:04.091] [Server thread/INFO] [net.minecraft.server.MinecraftServer/]: [KodaMakuin: Set own game mode to Survival Mode]
[16Jun2026 03:43:08.755] [Server thread/INFO] [net.minecraft.server.MinecraftServer/]: [Konnorcito: Set own game mode to Survival Mode]
[16Jun2026 03:43:35.451] [Server thread/WARN] [fox.mods.access_denied.AccessDenied/]: immersive_weathering:silt
[16Jun2026 03:43:48.238] [Server thread/INFO] [net.minecraft.world.entity.LivingEntity/]: Named entity Drowned['Warehouse Zombie'/2565322, l='ServerLevel[world]', x=4760.96, y=32.18, z=-5779.03] died: Warehouse Zombie was killed by magic whilst trying to escape Frilled Shark
[16Jun2026 03:43:56.902] [Server thread/INFO] [net.minecraft.world.entity.LivingEntity/]: Named entity Zombie['Warehouse Zombie'/2563699, l='ServerLevel[world]', x=4827.50, y=119.50, z=-5748.51] died: Warehouse Zombie was shot by KodaMakuin
[16Jun2026 03:44:02.004] [Server thread/INFO] [net.minecraft.world.entity.LivingEntity/]: Named entity Zombie['Oil Rig Worker'/2565182, l='ServerLevel[world]', x=4827.58, y=119.04, z=-5750.88] died: Oil Rig Worker was shot by KodaMakuin
[16Jun2026 03:44:08.547] [Server thread/INFO] [net.minecraft.world.entity.LivingEntity/]: Named entity Drowned['Warehouse Zombie'/2565185, l='ServerLevel[world]', x=4772.30, y=32.00, z=-5808.95] died: Warehouse Zombie was slain by Frilled Shark
[16Jun2026 03:45:18.055] [Server thread/INFO] [AllTheLeaks/]: Listing events...
[16Jun2026 03:45:18.055] [Server thread/INFO] [AllTheLeaks/]: Server Player Clone: 3
[16Jun2026 03:45:18.055] [Server thread/INFO] [AllTheLeaks/]:   Invalid Cloned Players: 3
[16Jun2026 03:45:18.055] [Server thread/INFO] [AllTheLeaks/]: Server Player Logout: 1
[16Jun2026 03:45:18.055] [Server thread/INFO] [AllTheLeaks/]: Listing memory leaks so far...
[16Jun2026 03:45:18.055] [Server thread/INFO] [AllTheLeaks/]: B: 2125MB / C: 2354MB / Diff: +229MB
[16Jun2026 03:45:18.055] [Server thread/INFO] [AllTheLeaks/]: Memory Leaks detected: (/atl force_refresh to update)
[16Jun2026 03:45:18.055] [Server thread/INFO] [AllTheLeaks/]: | ChunkAccess:
[16Jun2026 03:45:18.055] [Server thread/INFO] [AllTheLeaks/]: |- LevelChunk (minecraft): 1600
[16Jun2026 03:45:18.055] [Server thread/INFO] [AllTheLeaks/]: | Player:
[16Jun2026 03:45:18.055] [Server thread/INFO] [AllTheLeaks/]: |- ServerPlayer (minecraft): 3
[16Jun2026 03:45:30.910] [Server thread/WARN] [fox.mods.access_denied.AccessDenied/]: createdeco:decal_skull
[16Jun2026 03:45:59.145] [Server thread/INFO] [net.minecraft.server.MinecraftServer/]: KodaMakuin was slain by Zombie
[16Jun2026 03:46:03.992] [Server thread/WARN] [dev.gigaherz.toolbelt.slot.BeltExtensionSlot/]: New entity has data, contents assigned.
[16Jun2026 03:46:03.992] [Server thread/ERROR] [AllTheLeaks/]: Cannot have null removal reason on Clone event!
[16Jun2026 03:46:10.163] [Server thread/INFO] [net.minecraft.server.MinecraftServer/]: [KodaMakuin: Teleported KodaMakuin to Konnorcito]
[16Jun2026 03:46:14.343] [Server thread/INFO] [net.minecraft.world.entity.LivingEntity/]: Named entity Drowned['Oil Rig Worker'/2565374, l='ServerLevel[world]', x=4763.51, y=32.00, z=-5741.10] died: Oil Rig Worker was slain by Frilled Shark
[16Jun2026 03:46:27.791] [Server thread/INFO] [net.minecraft.server.MinecraftServer/]: KodaMakuin was slain by Zombie
[16Jun2026 03:46:39.057] [Server thread/WARN] [dev.gigaherz.toolbelt.slot.BeltExtensionSlot/]: New entity has data, contents assigned.
[16Jun2026 03:46:39.060] [Server thread/ERROR] [AllTheLeaks/]: Cannot have null removal reason on Clone event!
[16Jun2026 03:46:39.135] [Server thread/WARN] [net.minecraft.server.MinecraftServer/]: Can't keep up! Is the server overloaded? Running 11316ms or 226 ticks behind
[16Jun2026 03:46:39.522] [Server thread/WARN] [net.minecraft.server.network.ServerGamePacketListenerImpl/]: Konnorcito moved too quickly! -0.48664860163717094,0.0,-10.111873267480405
[16Jun2026 03:46:46.403] [Server thread/INFO] [net.minecraft.server.MinecraftServer/]: [Not Secure] <KodaMakuin> asd
[16Jun2026 03:46:50.541] [Server thread/INFO] [net.minecraft.server.MinecraftServer/]: [Not Secure] <Konnorcito> asd
[16Jun2026 03:46:52.560] [Server thread/INFO] [net.minecraft.server.MinecraftServer/]: [KodaMakuin: Set own game mode to Creative Mode]
[16Jun2026 03:46:58.214] [Server thread/INFO] [net.minecraft.server.MinecraftServer/]: [KodaMakuin: Teleported KodaMakuin to Konnorcito]
[16Jun2026 03:47:02.054] [Server thread/WARN] [net.minecraft.server.MinecraftServer/]: Can't keep up! Is the server overloaded? Running 7936ms or 158 ticks behind
[16Jun2026 03:47:38.309] [Server thread/INFO] [net.minecraft.server.MinecraftServer/]: [KodaMakuin: Set own game mode to Survival Mode]
[16Jun2026 03:47:46.519] [Server thread/INFO] [net.minecraft.world.entity.LivingEntity/]: Named entity Zombie['Oil Rig Worker'/2565183, l='ServerLevel[world]', x=4835.55, y=119.00, z=-5777.71] died: Oil Rig Worker was shot by KodaMakuin
[16Jun2026 03:48:21.503] [Server thread/INFO] [net.minecraft.server.MinecraftServer/]: Konnorcito has made the advancement [Cover Me with Diamonds]
[16Jun2026 03:48:41.244] [Server thread/INFO] [net.minecraft.server.MinecraftServer/]: [Not Secure] <Konnorcito> asd
[16Jun2026 03:48:52.397] [Server thread/INFO] [net.minecraft.world.entity.LivingEntity/]: Named entity Zombie['Oil Rig Worker'/2563630, l='ServerLevel[world]', x=4829.50, y=119.00, z=-5750.84] died: Oil Rig Worker was shot by KodaMakuin
[16Jun2026 03:49:43.103] [Server thread/INFO] [net.minecraft.world.entity.LivingEntity/]: Named entity Zombie['Oil Rig Worker'/2565243, l='ServerLevel[world]', x=4817.02, y=128.50, z=-5740.57] died: Oil Rig Worker was shot by KodaMakuin
[16Jun2026 03:49:44.086] [Server thread/INFO] [net.minecraft.world.entity.LivingEntity/]: Named entity Zombie['Oil Rig Worker'/2563628, l='ServerLevel[world]', x=4815.47, y=131.47, z=-5741.07] died: Oil Rig Worker was shot by KodaMakuin
[16Jun2026 03:50:36.561] [Server thread/INFO] [net.minecraft.server.MinecraftServer/]: [KodaMakuin: Teleported KodaMakuin to Konnorcito]
[16Jun2026 03:51:18.456] [Server thread/WARN] [fox.mods.access_denied.AccessDenied/]: minecraft:red_concrete
[16Jun2026 03:51:19.147] [Server thread/WARN] [fox.mods.access_denied.AccessDenied/]: minecraft:red_concrete
[16Jun2026 03:51:45.641] [Server thread/WARN] [fox.mods.access_denied.AccessDenied/]: minecraft:yellow_concrete
[16Jun2026 03:53:20.803] [Server thread/INFO] [net.minecraft.server.MinecraftServer/]: [KodaMakuin: Teleported KodaMakuin to Konnorcito]
[16Jun2026 03:53:29.014] [Server thread/WARN] [fox.mods.access_denied.AccessDenied/]: immersive_weathering:moss
[16Jun2026 03:53:29.313] [Server thread/WARN] [fox.mods.access_denied.AccessDenied/]: minecraft:smooth_basalt
[16Jun2026 03:53:30.062] [Server thread/WARN] [fox.mods.access_denied.AccessDenied/]: immersive_weathering:moss
[16Jun2026 03:53:30.349] [Server thread/WARN] [fox.mods.access_denied.AccessDenied/]: minecraft:cracked_stone_bricks
[16Jun2026 03:53:40.457] [Server thread/WARN] [fox.mods.access_denied.AccessDenied/]: minecraft:basalt
[16Jun2026 03:53:41.548] [Server thread/WARN] [fox.mods.access_denied.AccessDenied/]: minecraft:smooth_basalt
[16Jun2026 03:53:42.062] [Server thread/WARN] [fox.mods.access_denied.AccessDenied/]: minecraft:basalt
[16Jun2026 03:53:43.066] [Server thread/WARN] [fox.mods.access_denied.AccessDenied/]: minecraft:basalt
[16Jun2026 03:53:49.151] [Server thread/WARN] [fox.mods.access_denied.AccessDenied/]: minecraft:stone_bricks
[16Jun2026 03:53:49.758] [Server thread/WARN] [fox.mods.access_denied.AccessDenied/]: minecraft:stone_bricks
[16Jun2026 03:53:50.448] [Server thread/WARN] [fox.mods.access_denied.AccessDenied/]: minecraft:cracked_stone_bricks
[16Jun2026 03:53:51.364] [Server thread/WARN] [fox.mods.access_denied.AccessDenied/]: minecraft:stone_bricks
[16Jun2026 03:54:05.634] [Server thread/WARN] [fox.mods.access_denied.AccessDenied/]: minecraft:stone
[16Jun2026 03:54:10.157] [Server thread/WARN] [fox.mods.access_denied.AccessDenied/]: minecraft:cobweb
[16Jun2026 03:54:10.963] [Server thread/WARN] [fox.mods.access_denied.AccessDenied/]: minecraft:cobweb
[16Jun2026 03:54:12.047] [Server thread/WARN] [fox.mods.access_denied.AccessDenied/]: minecraft:cobweb
[16Jun2026 03:54:12.964] [Server thread/WARN] [fox.mods.access_denied.AccessDenied/]: minecraft:cobweb
[16Jun2026 03:54:14.000] [Server thread/WARN] [fox.mods.access_denied.AccessDenied/]: minecraft:cobweb
[16Jun2026 03:54:14.705] [Server thread/WARN] [fox.mods.access_denied.AccessDenied/]: minecraft:cobweb
[16Jun2026 03:54:23.502] [Server thread/INFO] [net.minecraft.server.MinecraftServer/]: [KodaMakuin: Teleported KodaMakuin to Konnorcito]
[16Jun2026 03:55:27.850] [Server thread/WARN] [fox.mods.access_denied.AccessDenied/]: minecraft:polished_andesite
[16Jun2026 03:55:37.234] [Server thread/INFO] [AllTheLeaks/]: Listing events...
[16Jun2026 03:55:37.234] [Server thread/INFO] [AllTheLeaks/]: Server Player Clone: 5
[16Jun2026 03:55:37.234] [Server thread/INFO] [AllTheLeaks/]:   Invalid Cloned Players: 5
[16Jun2026 03:55:37.234] [Server thread/INFO] [AllTheLeaks/]: Server Player Logout: 1
[16Jun2026 03:55:37.234] [Server thread/INFO] [AllTheLeaks/]: Listing memory leaks so far...
[16Jun2026 03:55:37.234] [Server thread/INFO] [AllTheLeaks/]: B: 2125MB / C: 2384MB / Diff: +259MB
[16Jun2026 03:55:37.234] [Server thread/INFO] [AllTheLeaks/]: Memory Leaks detected: (/atl force_refresh to update)
[16Jun2026 03:55:37.234] [Server thread/INFO] [AllTheLeaks/]: | ChunkAccess:
[16Jun2026 03:55:37.234] [Server thread/INFO] [AllTheLeaks/]: |- LevelChunk (minecraft): 1600
[16Jun2026 03:55:37.235] [Server thread/INFO] [AllTheLeaks/]: | Player:
[16Jun2026 03:55:37.235] [Server thread/INFO] [AllTheLeaks/]: |- ServerPlayer (minecraft): 5
[16Jun2026 03:56:01.210] [Server thread/WARN] [fox.mods.access_denied.AccessDenied/]: minecraft:spruce_planks
[16Jun2026 03:56:24.204] [Server thread/INFO] [net.minecraft.world.entity.LivingEntity/]: Named entity Zombie['Oil Rig Worker'/2563902, l='ServerLevel[world]', x=4824.48, y=105.00, z=-5777.52] died: Oil Rig Worker was shot by KodaMakuin
[16Jun2026 03:56:54.951] [Server thread/INFO] [net.minecraft.world.entity.LivingEntity/]: Named entity Drowned['Warehouse Zombie'/2564055, l='ServerLevel[world]', x=4855.23, y=44.93, z=-5860.85] died: Warehouse Zombie was slain by Frilled Shark
[16Jun2026 03:57:34.144] [Server thread/INFO] [net.minecraft.world.entity.LivingEntity/]: Named entity Zombie['Warehouse Zombie'/2565123, l='ServerLevel[world]', x=4838.57, y=103.00, z=-5733.44] died: Warehouse Zombie was shot by Konnorcito
[16Jun2026 03:57:35.994] [Server thread/WARN] [fox.mods.access_denied.AccessDenied/]: immersive_weathering:exposed_iron_bars
